"Time","Class","SimSlot","Subscription","UiccApps","Airplane","WifiEnabled","WifiConnected","WifiSsid","LocationEnabled","LocationMode","Mock","Anywhere","Vpn","CellLte","IwlanHome","IwlanDataService","DataIwlan","Preferred","CneRegistered","CneActive","RequestState","RequestId","Mode19","Mode19Status","Mode19Registered","Mode19RestrictCause","DeepStage","RatRequested","StartDataCall","QualifiedNetworks","QualifiedHome","IWlanProxy","Epdg","Xfrm","Mmtel","Ims","Transport","Wfc"
"2026-09-23 13:18:29.318","PRE-P1","1","ACTIVE","ENABLED","OFF","ON","YES","Tongji","true","3","ANYWHERE_SEEN","RUNNING","FLCLASH_CONNECTED","1","1","1","0","0","NO","NO","NULL","null","NONE","","","","IWLAN_HOME","0","0","0","0","0","0","0","1","0","UNKNOWN_-1 (raw -1)","0"
"2026-09-23 13:18:36.325","PRE-P1","1","ACTIVE","ENABLED","OFF","ON","YES","Tongji","true","3","ANYWHERE_SEEN","RUNNING","FLCLASH_CONNECTED","1","1","1","0","0","NO","NO","NULL","null","NONE","","","","IWLAN_HOME","0","0","0","0","0","0","0","1","0","UNKNOWN_-1 (raw -1)","0"
"2026-09-23 13:18:43.430","PRE-P1","1","ACTIVE","ENABLED","OFF","ON","YES","Tongji","true","3","ANYWHERE_SEEN","RUNNING","FLCLASH_CONNECTED","1","1","1","0","0","NO","NO","NULL","null","NONE","","","","IWLAN_HOME","0","0","0","0","0","0","0","1","0","UNKNOWN_-1 (raw -1)","0"
"2026-09-23 13:18:51.386","PRE-P1","1","ACTIVE","ENABLED","OFF","ON","YES","Tongji","true","3","ANYWHERE_SEEN","RUNNING","FLCLASH_CONNECTED","1","1","1","0","0","NO","NO","NULL","null","NONE","","","","IWLAN_HOME","0","0","0","0","0","0","0","1","0","UNKNOWN_-1 (raw -1)","0"
"2026-09-23 13:18:59.321","PRE-P1","1","ACTIVE","ENABLED","OFF","ON","YES","Tongji","true","3","ANYWHERE_SEEN","RUNNING","FLCLASH_CONNECTED","1","1","1","0","0","NO","NO","NULL","null","NONE","","","","IWLAN_HOME","0","0","0","0","0","0","0","1","0","UNKNOWN_-1 (raw -1)","0"
"2026-09-23 13:19:08.998","PRE-P1","1","ACTIVE","ENABLED","OFF","ON","YES","Tongji","true","3","ANYWHERE_SEEN","RUNNING","FLCLASH_CONNECTED","1","1","1","0","0","NO","NO","NULL","null","NONE","","","","IWLAN_HOME","0","0","0","0","0","0","0","1","0","UNKNOWN_-1 (raw -1)","0"
"2026-09-23 13:19:19.221","P0","1","ACTIVE","ENABLED","ON","ON","NO","","true","3","ANYWHERE_SEEN","RUNNING","FLCLASH_CONNECTED","0","0","0","0","0","NO","NO","NULL","null","0_2","0","2","0","M19_OTHER","0","0","0","0","0","0","0","1","0","UNKNOWN_-1 (raw -1)","0"
"2026-09-23 13:19:28.861","P1-CAND","1","ACTIVE","ENABLED","ON","ON","YES","Tongji","true","3","ANYWHERE_SEEN","RUNNING","FLCLASH_CONNECTED","0","1","0","1","1","NO","NO","NULL","null","2_1","2","1","0","M19_2_1","0","0","0","0","0","0","0","1","0","UNKNOWN_-1 (raw -1)","0"
"2026-09-23 13:19:39.090","P1-CAND","1","ACTIVE","ENABLED","ON","ON","YES","Tongji","true","3","ANYWHERE_SEEN","RUNNING","FLCLASH_CONNECTED","0","1","0","1","1","NO","NO","NULL","null","2_1","2","1","0","M19_2_1","0","0","0","0","0","0","0","1","0","UNKNOWN_-1 (raw -1)","0"
"2026-09-23 13:19:50.336","P1-CAND","1","ACTIVE","ENABLED","ON","ON","YES","Tongji","true","3","ANYWHERE_SEEN","RUNNING","FLCLASH_CONNECTED","0","1","0","1","1","NO","NO","NULL","null","2_1","2","1","0","M19_2_1","0","0","0","0","0","0","0","1","0","UNKNOWN_-1 (raw -1)","0"
"2026-09-23 13:20:00.747","P1-F","1","ACTIVE","ENABLED","ON","ON","YES","Tongji","true","3","ANYWHERE_SEEN","RUNNING","FLCLASH_CONNECTED","0","1","0","1","1","NO","NO","NULL","null","NONE","","","","IWLAN_HOME","0","0","0","0","0","0","0","1","0","UNKNOWN_-1 (raw -1)","0"
"2026-09-23 13:20:10.464","P1-F","1","ACTIVE","ENABLED","ON","ON","YES","Tongji","true","3","ANYWHERE_SEEN","RUNNING","FLCLASH_CONNECTED","0","1","0","1","1","NO","NO","NULL","null","NONE","","","","IWLAN_HOME","0","0","0","0","0","0","0","1","0","UNKNOWN_-1 (raw -1)","0"
"2026-09-23 13:20:19.693","P1-F","1","ACTIVE","ENABLED","ON","ON","YES","Tongji","true","3","ANYWHERE_SEEN","RUNNING","FLCLASH_CONNECTED","0","1","0","1","1","NO","NO","NULL","null","NONE","","","","IWLAN_HOME","0","0","0","0","0","0","0","1","0","UNKNOWN_-1 (raw -1)","0"
"2026-09-23 13:20:29.569","P1-F","1","ACTIVE","ENABLED","ON","ON","YES","Tongji","true","3","ANYWHERE_SEEN","RUNNING","FLCLASH_CONNECTED","0","1","0","1","1","NO","NO","NULL","null","NONE","","","","IWLAN_HOME","0","0","0","0","0","0","0","1","0","UNKNOWN_-1 (raw -1)","0"
"2026-09-23 13:20:39.126","P1-F","1","ACTIVE","ENABLED","ON","ON","YES","Tongji","true","3","ANYWHERE_SEEN","RUNNING","FLCLASH_CONNECTED","0","1","0","1","1","NO","NO","NULL","null","NONE","","","","IWLAN_HOME","0","0","0","0","0","0","0","1","0","UNKNOWN_-1 (raw -1)","0"
"2026-09-23 13:20:48.818","P1-F","1","ACTIVE","ENABLED","ON","ON","YES","Tongji","true","3","ANYWHERE_SEEN","RUNNING","FLCLASH_CONNECTED","0","1","0","1","1","NO","NO","NULL","null","NONE","","","","IWLAN_HOME","0","0","0","0","0","0","0","1","0","UNKNOWN_-1 (raw -1)","0"
"2026-09-23 13:20:58.084","PRE-P1","1","ACTIVE","ENABLED","OFF","ON","YES","Tongji","true","3","ANYWHERE_SEEN","RUNNING","FLCLASH_CONNECTED","1","1","1","0","0","NO","NO","NULL","null","NONE","","","","IWLAN_HOME","0","0","0","0","0","0","0","1","0","UNKNOWN_-1 (raw -1)","0"
"2026-09-23 13:21:08.013","PRE-P1","1","ACTIVE","ENABLED","OFF","ON","YES","Tongji","true","3","ANYWHERE_SEEN","RUNNING","FLCLASH_CONNECTED","1","1","1","0","0","NO","NO","NULL","null","NONE","","","","IWLAN_HOME","0","0","0","0","0","0","0","1","0","UNKNOWN_-1 (raw -1)","0"
"2026-09-23 13:21:17.114","PRE-P1","1","ACTIVE","ENABLED","OFF","ON","YES","Tongji","true","3","ANYWHERE_SEEN","RUNNING","FLCLASH_CONNECTED","1","1","1","0","0","NO","NO","NULL","null","NONE","","","","IWLAN_HOME","0","0","0","0","0","0","0","1","0","UNKNOWN_-1 (raw -1)","0"
"2026-09-23 13:21:26.514","PRE-P1","1","ACTIVE","ENABLED","OFF","ON","YES","Tongji","true","3","ANYWHERE_SEEN","RUNNING","FLCLASH_CONNECTED","1","1","1","0","0","NO","NO","NULL","null","NONE","","","","IWLAN_HOME","0","0","0","0","0","0","0","1","0","UNKNOWN_-1 (raw -1)","0"
"2026-09-23 13:21:36.124","PRE-P1","1","ACTIVE","ENABLED","OFF","ON","YES","Tongji","true","3","ANYWHERE_SEEN","RUNNING","FLCLASH_CONNECTED","1","1","1","0","0","NO","NO","NULL","null","NONE","","","","IWLAN_HOME","0","0","0","0","0","0","0","1","0","UNKNOWN_-1 (raw -1)","0"
"2026-09-23 13:21:45.550","PRE-P1","1","ACTIVE","ENABLED","OFF","ON","YES","Tongji","true","3","ANYWHERE_SEEN","RUNNING","FLCLASH_CONNECTED","1","1","1","0","0","NO","NO","NULL","null","NONE","","","","IWLAN_HOME","0","0","0","0","0","0","0","1","0","UNKNOWN_-1 (raw -1)","0"
"2026-09-23 13:21:54.935","PRE-P1","1","ACTIVE","ENABLED","OFF","ON","YES","Tongji","true","3","ANYWHERE_SEEN","RUNNING","FLCLASH_CONNECTED","1","1","1","0","0","NO","NO","NULL","null","NONE","","","","IWLAN_HOME","0","0","0","0","0","0","0","1","0","UNKNOWN_-1 (raw -1)","0"
"2026-09-23 13:22:04.831","P0","1","ACTIVE","ENABLED","ON","ON","NO","","true","3","ANYWHERE_SEEN","RUNNING","FLCLASH_CONNECTED","0","0","0","0","0","NO","NO","NULL","null","0_2","0","2","0","M19_OTHER","0","0","0","0","0","0","0","1","0","UNKNOWN_-1 (raw -1)","0"
"2026-09-23 13:22:14.698","P1-CAND","1","ACTIVE","ENABLED","ON","ON","YES","Tongji","true","3","ANYWHERE_SEEN","RUNNING","FLCLASH_CONNECTED","0","1","0","1","1","NO","NO","NULL","null","2_1","2","1","0","M19_2_1","0","0","0","0","0","0","0","1","0","UNKNOWN_-1 (raw -1)","0"
"2026-09-23 13:22:24.625","P1-CAND","1","ACTIVE","ENABLED","ON","ON","YES","Tongji","true","3","ANYWHERE_SEEN","RUNNING","FLCLASH_CONNECTED","0","1","0","1","1","NO","NO","NULL","null","2_1","2","1","0","M19_2_1","0","0","0","0","0","0","0","1","0","UNKNOWN_-1 (raw -1)","0"
"2026-09-23 13:22:34.763","P1-CAND","1","ACTIVE","ENABLED","ON","ON","YES","Tongji","true","3","ANYWHERE_SEEN","RUNNING","FLCLASH_CONNECTED","0","1","0","1","1","NO","NO","NULL","null","2_1","2","1","0","M19_2_1","0","0","0","0","0","0","0","1","0","UNKNOWN_-1 (raw -1)","0"
"2026-09-23 13:22:45.063","P1-CAND","1","ACTIVE","ENABLED","ON","ON","YES","Tongji","true","3","ANYWHERE_SEEN","RUNNING","FLCLASH_CONNECTED","0","1","0","1","1","NO","NO","NULL","null","2_1","2","1","0","M19_2_1","0","0","0","0","0","0","0","1","0","UNKNOWN_-1 (raw -1)","0"
"2026-09-23 13:22:54.583","P1-CAND","1","ACTIVE","ENABLED","ON","ON","YES","Tongji","true","3","ANYWHERE_SEEN","RUNNING","FLCLASH_CONNECTED","0","1","0","1","1","NO","NO","NULL","null","2_1","2","1","0","M19_2_1","0","0","0","0","0","0","0","1","0","UNKNOWN_-1 (raw -1)","0"
"2026-09-23 13:23:04.114","P1-F","1","ACTIVE","ENABLED","ON","ON","YES","Tongji","true","3","ANYWHERE_SEEN","RUNNING","FLCLASH_CONNECTED","0","1","0","1","1","NO","NO","NULL","null","NONE","","","","IWLAN_HOME","0","0","0","0","0","0","0","1","0","UNKNOWN_-1 (raw -1)","0"
"2026-09-23 13:23:13.985","P1-F","1","ACTIVE","ENABLED","ON","ON","YES","Tongji","true","3","ANYWHERE_SEEN","RUNNING","FLCLASH_CONNECTED","0","1","0","1","1","NO","NO","NULL","null","NONE","","","","IWLAN_HOME","0","0","0","0","0","0","0","1","0","UNKNOWN_-1 (raw -1)","0"
"2026-09-23 13:23:23.851","P1-F","1","ACTIVE","ENABLED","ON","ON","YES","Tongji","true","3","ANYWHERE_SEEN","RUNNING","FLCLASH_CONNECTED","0","1","0","1","1","NO","NO","NULL","null","NONE","","","","IWLAN_HOME","0","0","0","0","0","0","0","1","0","UNKNOWN_-1 (raw -1)","0"
"2026-09-23 13:23:33.398","P1-F","1","ACTIVE","ENABLED","ON","ON","YES","Tongji","true","3","ANYWHERE_SEEN","RUNNING","FLCLASH_CONNECTED","0","1","0","1","1","NO","NO","NULL","null","NONE","","","","IWLAN_HOME","0","0","0","0","0","0","0","1","0","UNKNOWN_-1 (raw -1)","0"
"2026-09-23 13:23:43.430","P1-F","1","ACTIVE","ENABLED","ON","ON","YES","Tongji","true","3","ANYWHERE_SEEN","RUNNING","FLCLASH_CONNECTED","0","1","0","1","1","NO","NO","NULL","null","NONE","","","","IWLAN_HOME","0","0","0","0","0","0","0","1","0","UNKNOWN_-1 (raw -1)","0"
"2026-09-23 13:23:54.423","P1-F","1","ACTIVE","ENABLED","ON","ON","YES","Tongji","true","3","ANYWHERE_SEEN","RUNNING","FLCLASH_CONNECTED","0","1","0","1","1","NO","NO","NULL","null","NONE","","","","IWLAN_HOME","0","0","0","0","0","0","0","1","0","UNKNOWN_-1 (raw -1)","0"
"2026-09-23 13:24:04.351","P1-F","1","ACTIVE","ENABLED","ON","ON","YES","Tongji","true","3","ANYWHERE_SEEN","RUNNING","FLCLASH_CONNECTED","0","1","0","1","1","NO","NO","NULL","null","NONE","","","","IWLAN_HOME","0","0","0","0","0","0","0","1","0","UNKNOWN_-1 (raw -1)","0"
"2026-09-23 13:24:14.346","PRE-P1","1","ACTIVE","ENABLED","OFF","ON","YES","Tongji","true","3","ANYWHERE_SEEN","RUNNING","FLCLASH_CONNECTED","1","1","1","0","0","NO","NO","NULL","null","NONE","","","","IWLAN_HOME","0","0","0","0","0","0","0","1","0","UNKNOWN_-1 (raw -1)","0"
"2026-09-23 13:24:24.860","PRE-P1","1","ACTIVE","ENABLED","OFF","ON","YES","Tongji","true","3","ANYWHERE_SEEN","RUNNING","FLCLASH_CONNECTED","1","1","1","0","0","NO","NO","NULL","null","NONE","","","","IWLAN_HOME","0","0","0","0","0","0","0","1","0","UNKNOWN_-1 (raw -1)","0"
"2026-09-23 13:24:35.453","PRE-P1","1","ACTIVE","ENABLED","OFF","ON","YES","Tongji","true","3","ANYWHERE_SEEN","RUNNING","FLCLASH_CONNECTED","1","1","1","0","0","NO","NO","NULL","null","NONE","","","","IWLAN_HOME","0","0","0","0","0","0","0","1","0","UNKNOWN_-1 (raw -1)","0"
"2026-09-23 13:24:45.856","PRE-P1","1","ACTIVE","ENABLED","OFF","ON","YES","Tongji","true","3","ANYWHERE_SEEN","RUNNING","FLCLASH_CONNECTED","1","1","1","0","0","NO","NO","NULL","null","NONE","","","","IWLAN_HOME","0","0","0","0","0","0","0","1","0","UNKNOWN_-1 (raw -1)","0"
"2026-09-23 13:24:56.513","P0","1","ACTIVE","ENABLED","ON","ON","YES","Tongji","true","3","ANYWHERE_SEEN","RUNNING","FLCLASH_CONNECTED","0","0","0","0","0","NO","NO","NULL","null","2_1","2","1","0","M19_2_1","0","0","0","0","0","0","0","1","0","UNKNOWN_-1 (raw -1)","0"
"2026-09-23 13:25:06.697","P1-CAND","1","ACTIVE","ENABLED","ON","ON","YES","Tongji","true","3","ANYWHERE_SEEN","RUNNING","FLCLASH_CONNECTED","0","1","0","1","1","NO","NO","NULL","null","2_1","2","1","0","M19_2_1","0","0","0","0","0","0","0","1","0","UNKNOWN_-1 (raw -1)","0"
"2026-09-23 13:25:16.455","P1-CAND","1","ACTIVE","ENABLED","ON","ON","YES","Tongji","true","3","ANYWHERE_SEEN","RUNNING","FLCLASH_CONNECTED","0","1","0","1","1","NO","NO","NULL","null","2_1","2","1","0","M19_2_1","0","0","0","0","0","0","0","1","0","UNKNOWN_-1 (raw -1)","0"
"2026-09-23 13:25:26.819","P1-CAND","1","ACTIVE","ENABLED","ON","ON","YES","Tongji","true","3","ANYWHERE_SEEN","RUNNING","FLCLASH_CONNECTED","0","1","0","1","1","NO","NO","NULL","null","2_1","2","1","0","M19_2_1","0","0","0","0","0","0","0","1","0","UNKNOWN_-1 (raw -1)","0"
"2026-09-23 13:25:37.235","P1-CAND","1","ACTIVE","ENABLED","ON","ON","YES","Tongji","true","3","ANYWHERE_SEEN","RUNNING","FLCLASH_CONNECTED","0","1","0","1","1","NO","NO","NULL","null","2_1","2","1","0","M19_2_1","0","0","0","0","0","0","0","1","0","UNKNOWN_-1 (raw -1)","0"
"2026-09-23 13:25:47.786","P1-F","1","ACTIVE","ENABLED","ON","ON","YES","Tongji","true","3","ANYWHERE_SEEN","RUNNING","FLCLASH_CONNECTED","0","1","0","1","1","NO","NO","NULL","null","NONE","","","","IWLAN_HOME","0","0","0","0","0","0","0","1","0","UNKNOWN_-1 (raw -1)","0"
"2026-09-23 13:25:58.893","P1-F","1","ACTIVE","ENABLED","ON","ON","YES","Tongji","true","3","ANYWHERE_SEEN","RUNNING","FLCLASH_CONNECTED","0","1","0","1","1","NO","NO","NULL","null","NONE","","","","IWLAN_HOME","0","0","0","0","0","0","0","1","0","UNKNOWN_-1 (raw -1)","0"
"2026-09-23 13:26:08.969","P1-F","1","ACTIVE","ENABLED","ON","ON","YES","Tongji","true","3","ANYWHERE_SEEN","RUNNING","FLCLASH_CONNECTED","0","1","0","1","1","NO","NO","NULL","null","NONE","","","","IWLAN_HOME","0","0","0","0","0","0","0","1","0","UNKNOWN_-1 (raw -1)","0"
"2026-09-23 13:26:18.659","P1-F","1","ACTIVE","ENABLED","ON","ON","YES","Tongji","true","3","ANYWHERE_SEEN","RUNNING","FLCLASH_CONNECTED","0","1","0","1","1","NO","NO","NULL","null","NONE","","","","IWLAN_HOME","0","0","0","0","0","0","0","1","0","UNKNOWN_-1 (raw -1)","0"
"2026-09-23 13:26:27.593","P1-F","1","ACTIVE","ENABLED","ON","ON","YES","Tongji","true","3","ANYWHERE_SEEN","RUNNING","FLCLASH_CONNECTED","0","1","0","1","1","NO","NO","NULL","null","NONE","","","","IWLAN_HOME","0","0","0","0","0","0","0","1","0","UNKNOWN_-1 (raw -1)","0"
"2026-09-23 13:26:36.779","PRE-P1","1","ACTIVE","ENABLED","OFF","ON","YES","Tongji","true","3","ANYWHERE_SEEN","RUNNING","FLCLASH_CONNECTED","1","1","1","0","0","NO","NO","NULL","null","NONE","","","","IWLAN_HOME","0","0","0","0","0","0","0","1","0","UNKNOWN_-1 (raw -1)","0"
"2026-09-23 13:26:46.345","PRE-P1","1","ACTIVE","ENABLED","OFF","ON","YES","Tongji","true","3","ANYWHERE_SEEN","RUNNING","FLCLASH_CONNECTED","1","1","1","0","0","NO","NO","NULL","null","NONE","","","","IWLAN_HOME","0","0","0","0","0","0","0","1","0","UNKNOWN_-1 (raw -1)","0"
"2026-09-23 13:26:55.715","PRE-P1","1","ACTIVE","ENABLED","OFF","ON","YES","Tongji","true","3","ANYWHERE_SEEN","RUNNING","FLCLASH_CONNECTED","1","1","1","0","0","NO","NO","NULL","null","NONE","","","","IWLAN_HOME","0","0","0","0","0","0","0","1","0","UNKNOWN_-1 (raw -1)","0"
"2026-09-23 13:27:05.130","PRE-P1","1","ACTIVE","ENABLED","OFF","ON","YES","Tongji","true","3","ANYWHERE_SEEN","RUNNING","FLCLASH_CONNECTED","1","1","1","0","0","NO","NO","NULL","null","NONE","","","","IWLAN_HOME","0","0","0","0","0","0","0","1","0","UNKNOWN_-1 (raw -1)","0"
"2026-09-23 13:27:14.830","PRE-P1","1","ACTIVE","ENABLED","OFF","ON","YES","Tongji","true","3","ANYWHERE_SEEN","RUNNING","FLCLASH_CONNECTED","1","1","1","0","0","NO","NO","NULL","null","NONE","","","","IWLAN_HOME","0","0","0","0","0","0","0","1","0","UNKNOWN_-1 (raw -1)","0"
"2026-09-23 13:27:24.983","PRE-P1","1","ACTIVE","ENABLED","OFF","ON","YES","Tongji","true","3","ANYWHERE_SEEN","RUNNING","FLCLASH_CONNECTED","1","1","1","0","0","NO","NO","NULL","null","NONE","","","","IWLAN_HOME","0","0","0","0","0","0","0","1","0","UNKNOWN_-1 (raw -1)","0"
"2026-09-23 13:27:35.694","PRE-P1","1","ACTIVE","ENABLED","OFF","ON","YES","Tongji","true","3","ANYWHERE_SEEN","RUNNING","FLCLASH_CONNECTED","1","1","1","0","0","NO","NO","NULL","null","NONE","","","","IWLAN_HOME","0","0","0","0","0","0","0","1","0","UNKNOWN_-1 (raw -1)","0"
"2026-09-23 13:27:47.342","PRE-P1","1","ACTIVE","ENABLED","OFF","ON","YES","Tongji","true","3","ANYWHERE_SEEN","RUNNING","FLCLASH_CONNECTED","1","1","1","0","0","NO","NO","NULL","null","NONE","","","","IWLAN_HOME","0","0","0","0","0","0","0","1","0","UNKNOWN_-1 (raw -1)","0"
"2026-09-23 13:27:59.379","PRE-P1","1","ACTIVE","ENABLED","OFF","ON","YES","Tongji","true","3","ANYWHERE_SEEN","RUNNING","FLCLASH_CONNECTED","1","1","1","0","0","NO","NO","NULL","null","NONE","","","","IWLAN_HOME","0","0","0","0","0","0","0","1","0","UNKNOWN_-1 (raw -1)","0"
"2026-09-23 13:28:10.362","PRE-P1","1","ACTIVE","ENABLED","OFF","ON","YES","Tongji","true","3","ANYWHERE_SEEN","RUNNING","FLCLASH_CONNECTED","1","1","1","0","0","NO","NO","NULL","null","NONE","","","","IWLAN_HOME","0","0","0","0","0","0","0","1","0","UNKNOWN_-1 (raw -1)","0"
"2026-09-23 13:28:22.133","PRE-P1","1","ACTIVE","ENABLED","OFF","ON","YES","Tongji","true","3","ANYWHERE_SEEN","RUNNING","FLCLASH_CONNECTED","1","1","1","0","0","NO","NO","NULL","null","NONE","","","","IWLAN_HOME","0","0","0","0","0","0","0","1","0","UNKNOWN_-1 (raw -1)","0"
"2026-09-23 13:28:32.011","PRE-P1","1","ACTIVE","ENABLED","OFF","ON","YES","Tongji","true","3","ANYWHERE_SEEN","RUNNING","FLCLASH_CONNECTED","1","1","1","0","0","NO","NO","NULL","null","NONE","","","","IWLAN_HOME","0","0","0","0","0","0","0","1","0","UNKNOWN_-1 (raw -1)","0"
"2026-09-23 13:28:41.874","PRE-P1","1","ACTIVE","ENABLED","OFF","ON","YES","Tongji","true","3","ANYWHERE_SEEN","RUNNING","FLCLASH_CONNECTED","1","1","1","0","0","NO","NO","NULL","null","NONE","","","","IWLAN_HOME","0","0","0","0","0","0","0","1","0","UNKNOWN_-1 (raw -1)","0"
"2026-09-23 13:28:51.490","PRE-P1","1","ACTIVE","ENABLED","OFF","ON","YES","Tongji","true","3","ANYWHERE_SEEN","RUNNING","FLCLASH_CONNECTED","1","1","1","0","0","NO","NO","NULL","null","NONE","","","","IWLAN_HOME","0","0","0","0","0","0","0","1","0","UNKNOWN_-1 (raw -1)","0"
"2026-09-23 13:29:02.792","PRE-P1","1","ACTIVE","ENABLED","OFF","ON","YES","Tongji","true","3","ANYWHERE_SEEN","RUNNING","FLCLASH_CONNECTED","1","1","1","0","0","NO","NO","NULL","null","NONE","","","","IWLAN_HOME","0","0","0","0","0","0","0","1","0","UNKNOWN_-1 (raw -1)","0"
"2026-09-23 13:29:13.772","PRE-P1","1","ACTIVE","ENABLED","OFF","ON","YES","Tongji","true","3","ANYWHERE_SEEN","RUNNING","FLCLASH_CONNECTED","1","1","1","0","0","NO","NO","NULL","null","NONE","","","","IWLAN_HOME","0","0","0","0","0","0","0","1","0","UNKNOWN_-1 (raw -1)","0"
"2026-09-23 13:29:24.012","PRE-P1","1","ACTIVE","ENABLED","OFF","ON","YES","Tongji","true","3","ANYWHERE_SEEN","RUNNING","FLCLASH_CONNECTED","1","1","1","0","0","NO","NO","NULL","null","NONE","","","","IWLAN_HOME","0","0","0","0","0","0","0","1","0","UNKNOWN_-1 (raw -1)","0"
"2026-09-23 13:29:36.267","PRE-P1","1","ACTIVE","ENABLED","OFF","ON","YES","Tongji","true","3","ANYWHERE_SEEN","RUNNING","FLCLASH_CONNECTED","1","1","1","0","0","NO","NO","NULL","null","NONE","","","","IWLAN_HOME","0","0","0","0","0","0","0","1","0","UNKNOWN_-1 (raw -1)","0"
"2026-09-23 13:29:46.819","PRE-P1","1","ACTIVE","ENABLED","OFF","ON","YES","Tongji","true","3","ANYWHERE_SEEN","RUNNING","FLCLASH_CONNECTED","1","1","1","0","0","NO","NO","NULL","null","NONE","","","","IWLAN_HOME","0","0","0","0","0","0","0","1","0","UNKNOWN_-1 (raw -1)","0"
"2026-09-23 13:30:01.324","PRE-P1","1","ACTIVE","ENABLED","OFF","ON","YES","Tongji","true","3","ANYWHERE_SEEN","RUNNING","FLCLASH_CONNECTED","1","1","1","0","0","NO","NO","NULL","null","NONE","","","","IWLAN_HOME","0","0","0","0","0","0","0","1","0","UNKNOWN_-1 (raw -1)","0"
"2026-09-23 13:30:14.561","PRE-P1","1","ACTIVE","ENABLED","OFF","ON","YES","Tongji","true","3","ANYWHERE_SEEN","RUNNING","FLCLASH_CONNECTED","1","1","1","0","0","NO","NO","NULL","null","NONE","","","","IWLAN_HOME","0","0","0","0","0","0","0","1","0","UNKNOWN_-1 (raw -1)","0"
"2026-09-23 13:30:24.780","PRE-P1","1","ACTIVE","ENABLED","OFF","ON","YES","Tongji","true","3","ANYWHERE_SEEN","RUNNING","FLCLASH_CONNECTED","1","1","1","0","0","NO","NO","NULL","null","NONE","","","","IWLAN_HOME","0","0","0","0","0","0","0","1","0","UNKNOWN_-1 (raw -1)","0"
"2026-09-23 13:30:35.756","PRE-P1","1","ACTIVE","ENABLED","OFF","ON","YES","Tongji","true","3","ANYWHERE_SEEN","RUNNING","FLCLASH_CONNECTED","1","1","1","0","0","NO","NO","NULL","null","NONE","","","","IWLAN_HOME","0","0","0","0","0","0","0","1","0","UNKNOWN_-1 (raw -1)","0"
"2026-09-23 13:30:47.612","PRE-P1","1","ACTIVE","ENABLED","OFF","ON","YES","Tongji","true","3","ANYWHERE_SEEN","RUNNING","FLCLASH_CONNECTED","1","1","1","0","0","NO","NO","NULL","null","NONE","","","","IWLAN_HOME","0","0","0","0","0","0","0","1","0","UNKNOWN_-1 (raw -1)","0"
"2026-09-23 13:30:58.024","PRE-P1","1","ACTIVE","ENABLED","OFF","ON","YES","Tongji","true","3","ANYWHERE_SEEN","RUNNING","FLCLASH_CONNECTED","1","1","1","0","0","NO","NO","NULL","null","NONE","","","","IWLAN_HOME","0","0","0","0","0","0","0","1","0","UNKNOWN_-1 (raw -1)","0"
"2026-09-23 13:31:08.143","PRE-P1","1","ACTIVE","ENABLED","OFF","ON","YES","Tongji","true","3","ANYWHERE_SEEN","RUNNING","FLCLASH_CONNECTED","1","1","1","0","0","NO","NO","NULL","null","NONE","","","","IWLAN_HOME","0","0","0","0","0","0","0","1","0","UNKNOWN_-1 (raw -1)","0"
"2026-09-23 13:31:17.933","P1-F","1","ACTIVE","ENABLED","ON","OFF","NO","","true","3","ANYWHERE_SEEN","RUNNING","FLCLASH_CONNECTED","0","1","1","1","0","NO","NO","NULL","null","0_2","0","2","0","M19_OTHER","0","0","0","0","0","0","0","1","0","UNKNOWN_-1 (raw -1)","0"
"2026-09-23 13:31:27.816","P1-CAND","1","ACTIVE","ENABLED","ON","ON","YES","Tongji","true","3","ANYWHERE_SEEN","RUNNING","FLCLASH_CONNECTED","0","1","0","1","1","NO","NO","NULL","null","2_1","2","1","0","M19_2_1","0","0","0","0","0","0","0","1","0","UNKNOWN_-1 (raw -1)","0"
"2026-09-23 13:31:38.188","P1-CAND","1","ACTIVE","ENABLED","ON","ON","YES","Tongji","true","3","ANYWHERE_SEEN","RUNNING","FLCLASH_CONNECTED","0","1","0","1","1","NO","NO","NULL","null","2_1","2","1","0","M19_2_1","0","0","0","0","0","0","0","1","0","UNKNOWN_-1 (raw -1)","0"
"2026-09-23 13:31:47.901","P1-F","1","ACTIVE","ENABLED","ON","ON","YES","Tongji","true","3","ANYWHERE_SEEN","RUNNING","FLCLASH_CONNECTED","0","1","0","1","1","NO","NO","NULL","null","NONE","","","","IWLAN_HOME","0","0","0","0","0","0","0","1","0","UNKNOWN_-1 (raw -1)","0"
"2026-09-23 13:31:58.525","P1-F","1","ACTIVE","ENABLED","ON","ON","YES","Tongji","true","3","ANYWHERE_SEEN","RUNNING","FLCLASH_CONNECTED","0","1","0","1","1","NO","NO","NULL","null","NONE","","","","IWLAN_HOME","0","0","0","0","0","0","0","1","0","UNKNOWN_-1 (raw -1)","0"
"2026-09-23 13:32:07.958","P1-F","1","ACTIVE","ENABLED","ON","ON","YES","Tongji","true","3","ANYWHERE_SEEN","RUNNING","FLCLASH_CONNECTED","0","1","0","1","1","NO","NO","NULL","null","NONE","","","","IWLAN_HOME","0","0","0","0","0","0","0","1","0","UNKNOWN_-1 (raw -1)","0"
"2026-09-23 13:32:18.060","P1-F","1","ACTIVE","ENABLED","ON","ON","YES","Tongji","true","3","ANYWHERE_SEEN","RUNNING","FLCLASH_CONNECTED","0","1","0","1","1","NO","NO","NULL","null","NONE","","","","IWLAN_HOME","0","0","0","0","0","0","0","1","0","UNKNOWN_-1 (raw -1)","0"
"2026-09-23 13:32:28.607","P1-F","1","ACTIVE","ENABLED","ON","ON","YES","Tongji","true","3","ANYWHERE_SEEN","RUNNING","FLCLASH_CONNECTED","0","1","0","1","1","NO","NO","NULL","null","NONE","","","","IWLAN_HOME","0","0","0","0","0","0","0","1","0","UNKNOWN_-1 (raw -1)","0"
"2026-09-23 13:32:38.880","PRE-P1","1","ACTIVE","ENABLED","OFF","ON","YES","Tongji","true","3","ANYWHERE_SEEN","RUNNING","FLCLASH_CONNECTED","1","1","1","0","0","NO","NO","NULL","null","NONE","","","","IWLAN_HOME","0","0","0","0","0","0","0","1","0","UNKNOWN_-1 (raw -1)","0"
"2026-09-23 13:32:48.739","PRE-P1","1","ACTIVE","ENABLED","OFF","ON","YES","Tongji","true","3","ANYWHERE_SEEN","RUNNING","FLCLASH_CONNECTED","1","1","1","0","0","NO","NO","NULL","null","NONE","","","","IWLAN_HOME","0","0","0","0","0","0","0","1","0","UNKNOWN_-1 (raw -1)","0"
"2026-09-23 13:32:58.500","PRE-P1","1","ACTIVE","ENABLED","OFF","ON","YES","Tongji","true","3","ANYWHERE_SEEN","RUNNING","FLCLASH_CONNECTED","1","1","1","0","0","NO","NO","NULL","null","NONE","","","","IWLAN_HOME","0","0","0","0","0","0","0","1","0","UNKNOWN_-1 (raw -1)","0"
"2026-09-23 13:33:10.417","PRE-P1","1","ACTIVE","ENABLED","OFF","ON","YES","Tongji","true","3","ANYWHERE_SEEN","RUNNING","FLCLASH_CONNECTED","1","1","1","0","0","NO","NO","NULL","null","NONE","","","","IWLAN_HOME","0","0","0","0","0","0","0","1","0","UNKNOWN_-1 (raw -1)","0"
"2026-09-23 13:33:20.723","PRE-P1","1","ACTIVE","ENABLED","OFF","ON","YES","Tongji","true","3","ANYWHERE_SEEN","RUNNING","FLCLASH_CONNECTED","1","1","1","0","0","NO","NO","NULL","null","NONE","","","","IWLAN_HOME","0","0","0","0","0","0","0","1","0","UNKNOWN_-1 (raw -1)","0"
"2026-09-23 13:33:31.842","PRE-P1","1","ACTIVE","ENABLED","OFF","ON","YES","Tongji","true","3","ANYWHERE_SEEN","RUNNING","FLCLASH_CONNECTED","1","1","1","0","0","NO","NO","NULL","null","NONE","","","","IWLAN_HOME","0","0","0","0","0","0","0","1","0","UNKNOWN_-1 (raw -1)","0"
"2026-09-23 13:33:44.050","PRE-P1","1","ACTIVE","ENABLED","OFF","ON","YES","Tongji","true","3","ANYWHERE_SEEN","RUNNING","FLCLASH_CONNECTED","1","1","1","0","0","NO","NO","NULL","null","NONE","","","","IWLAN_HOME","0","0","0","0","0","0","0","1","0","UNKNOWN_-1 (raw -1)","0"
"2026-09-23 13:33:56.556","PRE-P1","1","ACTIVE","ENABLED","OFF","ON","YES","Tongji","true","3","ANYWHERE_SEEN","RUNNING","FLCLASH_CONNECTED","1","1","1","0","0","NO","NO","NULL","null","NONE","","","","IWLAN_HOME","0","0","0","0","0","0","0","1","0","UNKNOWN_-1 (raw -1)","0"
"2026-09-23 13:34:08.687","PRE-P1","1","ACTIVE","ENABLED","OFF","ON","YES","Tongji","true","3","ANYWHERE_SEEN","RUNNING","FLCLASH_CONNECTED","1","1","1","0","0","NO","NO","NULL","null","NONE","","","","IWLAN_HOME","0","0","0","0","0","0","0","1","0","UNKNOWN_-1 (raw -1)","0"
"2026-09-23 13:34:19.570","P1-CAND","1","ACTIVE","ENABLED","ON","ON","YES","Tongji","true","3","ANYWHERE_SEEN","RUNNING","FLCLASH_CONNECTED","0","1","0","1","1","NO","NO","NULL","null","2_1","2","1","0","M19_2_1","0","0","0","0","0","0","0","1","0","UNKNOWN_-1 (raw -1)","0"
"2026-09-23 13:34:29.867","P0","1","ACTIVE","ENABLED","ON","ON","YES","Tongji","true","3","ANYWHERE_SEEN","RUNNING","FLCLASH_CONNECTED","0","0","0","0","0","NO","NO","NULL","null","0_2","0","2","0","M19_OTHER","0","0","0","0","0","0","0","1","0","UNKNOWN_-1 (raw -1)","0"
"2026-09-23 13:34:40.011","P0","1","ACTIVE","ENABLED","ON","ON","YES","Tongji","true","3","ANYWHERE_SEEN","RUNNING","FLCLASH_CONNECTED","0","0","0","0","0","NO","NO","NULL","null","2_1","2","1","0","M19_2_1","0","0","0","0","0","0","0","1","0","UNKNOWN_-1 (raw -1)","0"
"2026-09-23 13:34:50.495","P0","1","ACTIVE","ENABLED","ON","ON","YES","Tongji","true","3","ANYWHERE_SEEN","RUNNING","FLCLASH_CONNECTED","0","0","0","0","0","NO","NO","NULL","null","2_1","2","1","0","M19_2_1","0","0","0","0","0","0","0","1","0","UNKNOWN_-1 (raw -1)","0"
"2026-09-23 13:35:00.343","P0","1","ACTIVE","ENABLED","ON","ON","YES","Tongji","true","3","ANYWHERE_SEEN","RUNNING","FLCLASH_CONNECTED","0","0","0","0","0","NO","NO","NULL","null","NONE","","","","NONE","0","0","0","0","0","0","0","1","0","UNKNOWN_-1 (raw -1)","0"
"2026-09-23 13:35:10.081","P0","1","ACTIVE","ENABLED","ON","ON","YES","Tongji","true","3","ANYWHERE_SEEN","RUNNING","FLCLASH_CONNECTED","0","0","0","0","0","NO","NO","NULL","null","NONE","","","","NONE","0","0","0","0","0","0","0","1","0","UNKNOWN_-1 (raw -1)","0"
"2026-09-23 13:35:19.727","P0","1","ACTIVE","ENABLED","ON","ON","YES","Tongji","true","3","ANYWHERE_SEEN","RUNNING","FLCLASH_CONNECTED","0","0","0","0","0","NO","NO","NULL","null","NONE","","","","NONE","0","0","0","0","0","0","0","1","0","UNKNOWN_-1 (raw -1)","0"
"2026-09-23 13:35:29.449","P0","1","ACTIVE","ENABLED","ON","ON","YES","Tongji","true","3","ANYWHERE_SEEN","RUNNING","FLCLASH_CONNECTED","0","0","0","0","0","NO","NO","NULL","null","NONE","","","","NONE","0","0","0","0","0","0","0","1","0","UNKNOWN_-1 (raw -1)","0"
"2026-09-23 13:35:38.998","P0","1","ACTIVE","ENABLED","ON","ON","YES","Tongji","true","3","ANYWHERE_SEEN","RUNNING","FLCLASH_CONNECTED","0","0","0","0","0","NO","NO","NULL","null","NONE","","","","NONE","0","0","0","0","0","0","0","1","0","UNKNOWN_-1 (raw -1)","0"
"2026-09-23 13:35:49.567","P0","1","ACTIVE","ENABLED","ON","ON","YES","Tongji","true","3","ANYWHERE_SEEN","RUNNING","FLCLASH_CONNECTED","0","0","0","0","0","NO","NO","NULL","null","NONE","","","","NONE","0","0","0","0","0","0","0","1","0","UNKNOWN_-1 (raw -1)","0"
"2026-09-23 13:35:59.984","P0","1","ACTIVE","ENABLED","ON","ON","YES","Tongji","true","3","ANYWHERE_SEEN","RUNNING","FLCLASH_CONNECTED","0","0","0","0","0","NO","NO","NULL","null","NONE","","","","NONE","0","0","0","0","0","0","0","1","0","UNKNOWN_-1 (raw -1)","0"
"2026-09-23 13:36:10.369","P0","1","ACTIVE","ENABLED","ON","ON","YES","Tongji","true","3","ANYWHERE_SEEN","RUNNING","FLCLASH_CONNECTED","0","0","0","0","0","NO","NO","NULL","null","NONE","","","","NONE","0","0","0","0","0","0","0","1","0","UNKNOWN_-1 (raw -1)","0"
"2026-09-23 13:36:20.637","P0","1","ACTIVE","ENABLED","ON","ON","YES","Tongji","true","3","ANYWHERE_SEEN","RUNNING","FLCLASH_CONNECTED","0","0","0","0","0","NO","NO","NULL","null","NONE","","","","NONE","0","0","0","0","0","0","0","1","0","UNKNOWN_-1 (raw -1)","0"
"2026-09-23 13:36:31.763","P0","1","ACTIVE","ENABLED","ON","ON","YES","Tongji","true","3","ANYWHERE_SEEN","RUNNING","FLCLASH_CONNECTED","0","0","0","0","0","NO","NO","NULL","null","NONE","","","","NONE","0","0","0","0","0","0","0","1","0","UNKNOWN_-1 (raw -1)","0"
"2026-09-23 13:36:42.364","P0","1","ACTIVE","ENABLED","ON","ON","YES","Tongji","true","3","ANYWHERE_SEEN","RUNNING","FLCLASH_CONNECTED","0","0","0","0","0","NO","NO","NULL","null","NONE","","","","NONE","0","0","0","0","0","0","0","1","0","UNKNOWN_-1 (raw -1)","0"
"2026-09-23 13:36:52.668","P0","1","ACTIVE","ENABLED","ON","ON","YES","Tongji","true","3","ANYWHERE_SEEN","RUNNING","FLCLASH_CONNECTED","0","0","0","0","0","NO","NO","NULL","null","NONE","","","","NONE","0","0","0","0","0","0","0","1","0","UNKNOWN_-1 (raw -1)","0"
"2026-09-23 13:37:07.560","P0","1","ACTIVE","ENABLED","ON","ON","YES","Tongji","true","3","ANYWHERE_SEEN","RUNNING","FLCLASH_CONNECTED","0","0","0","0","0","NO","NO","NULL","null","NONE","","","","NONE","0","0","0","0","0","0","0","1","0","UNKNOWN_-1 (raw -1)","0"
"2026-09-23 13:37:19.916","P0","1","ACTIVE","ENABLED","ON","ON","YES","Tongji","true","3","ANYWHERE_SEEN","RUNNING","FLCLASH_CONNECTED","0","0","0","0","0","NO","NO","NULL","null","NONE","","","","NONE","0","0","0","0","0","0","0","1","0","UNKNOWN_-1 (raw -1)","0"
"2026-09-23 13:37:29.752","P0","1","ACTIVE","ENABLED","ON","ON","YES","Tongji","true","3","ANYWHERE_SEEN","RUNNING","FLCLASH_CONNECTED","0","0","0","0","0","NO","NO","NULL","null","NONE","","","","NONE","0","0","0","0","0","0","0","1","0","UNKNOWN_-1 (raw -1)","0"
"2026-09-23 13:37:40.253","P0","1","ACTIVE","ENABLED","ON","ON","YES","Tongji","true","3","ANYWHERE_SEEN","RUNNING","FLCLASH_CONNECTED","0","0","0","0","0","NO","NO","NULL","null","NONE","","","","NONE","0","0","0","0","0","0","0","1","0","UNKNOWN_-1 (raw -1)","0"
"2026-09-23 13:37:50.695","P0","1","ACTIVE","ENABLED","ON","ON","YES","Tongji","true","3","ANYWHERE_SEEN","RUNNING","FLCLASH_CONNECTED","0","0","0","0","0","NO","NO","NULL","null","NONE","","","","NONE","0","0","0","0","0","0","0","1","0","UNKNOWN_-1 (raw -1)","0"
"2026-09-23 13:38:02.496","P0","1","ACTIVE","ENABLED","ON","ON","YES","Tongji","true","3","ANYWHERE_SEEN","RUNNING","FLCLASH_CONNECTED","0","0","0","0","0","NO","NO","NULL","null","NONE","","","","NONE","0","0","0","0","0","0","0","1","0","UNKNOWN_-1 (raw -1)","0"
"2026-09-23 13:38:13.136","P0","1","ACTIVE","ENABLED","ON","ON","YES","Tongji","true","3","ANYWHERE_SEEN","RUNNING","FLCLASH_CONNECTED","0","0","0","0","0","NO","NO","NULL","null","NONE","","","","NONE","0","0","0","0","0","0","0","1","0","UNKNOWN_-1 (raw -1)","0"
"2026-09-23 13:38:23.570","P0","1","ACTIVE","ENABLED","ON","ON","YES","Tongji","true","3","ANYWHERE_SEEN","RUNNING","FLCLASH_CONNECTED","0","0","0","0","0","NO","NO","NULL","null","NONE","","","","NONE","0","0","0","0","0","0","0","1","0","UNKNOWN_-1 (raw -1)","0"
"2026-09-23 13:38:34.139","P0","1","ACTIVE","ENABLED","ON","ON","YES","Tongji","true","3","ANYWHERE_SEEN","RUNNING","FLCLASH_CONNECTED","0","0","0","0","0","NO","NO","NULL","null","NONE","","","","NONE","0","0","0","0","0","0","0","1","0","UNKNOWN_-1 (raw -1)","0"
"2026-09-23 13:38:44.957","P0","1","ACTIVE","ENABLED","ON","ON","YES","Tongji","true","3","ANYWHERE_SEEN","RUNNING","FLCLASH_CONNECTED","0","0","0","0","0","NO","NO","NULL","null","NONE","","","","NONE","0","0","0","0","0","0","0","1","0","UNKNOWN_-1 (raw -1)","0"
"2026-09-23 13:38:55.467","P0","1","ACTIVE","ENABLED","ON","ON","YES","Tongji","true","3","ANYWHERE_SEEN","RUNNING","FLCLASH_CONNECTED","0","0","0","0","0","NO","NO","NULL","null","NONE","","","","NONE","0","0","0","0","0","0","0","1","0","UNKNOWN_-1 (raw -1)","0"
"2026-09-23 13:39:06.190","P0","1","ACTIVE","ENABLED","ON","ON","YES","Tongji","true","3","ANYWHERE_SEEN","RUNNING","FLCLASH_CONNECTED","0","0","0","0","0","NO","NO","NULL","null","NONE","","","","NONE","0","0","0","0","0","0","0","1","0","UNKNOWN_-1 (raw -1)","0"
"2026-09-23 13:39:16.890","P0","1","ACTIVE","ENABLED","ON","ON","YES","Tongji","true","3","ANYWHERE_SEEN","RUNNING","FLCLASH_CONNECTED","0","0","0","0","0","NO","NO","NULL","null","NONE","","","","NONE","0","0","0","0","0","0","0","1","0","UNKNOWN_-1 (raw -1)","0"
"2026-09-23 13:39:28.743","P0","1","ACTIVE","ENABLED","ON","ON","YES","Tongji","true","3","ANYWHERE_SEEN","RUNNING","FLCLASH_CONNECTED","0","0","0","0","0","NO","NO","NULL","null","NONE","","","","NONE","0","0","0","0","0","0","0","1","0","UNKNOWN_-1 (raw -1)","0"
"2026-09-23 13:39:38.908","P0","1","ACTIVE","ENABLED","ON","ON","YES","Tongji","true","3","ANYWHERE_SEEN","RUNNING","FLCLASH_CONNECTED","0","0","0","0","0","NO","NO","NULL","null","NONE","","","","NONE","0","0","0","0","0","0","0","1","0","UNKNOWN_-1 (raw -1)","0"
"2026-09-23 13:39:48.336","P0","1","ACTIVE","ENABLED","OFF","ON","YES","Tongji","true","3","ANYWHERE_SEEN","RUNNING","FLCLASH_CONNECTED","0","0","0","0","0","NO","NO","NULL","null","NONE","","","","NONE","0","0","0","0","0","0","0","1","0","UNKNOWN_-1 (raw -1)","0"
"2026-09-23 13:40:02.142","PRE-P1","1","ACTIVE","ENABLED","OFF","ON","YES","Tongji","true","3","ANYWHERE_SEEN","RUNNING","FLCLASH_CONNECTED","1","1","1","0","0","NO","NO","NULL","null","NONE","","","","IWLAN_HOME","0","0","0","0","0","0","0","1","0","UNKNOWN_-1 (raw -1)","0"
"2026-09-23 13:40:16.821","PRE-P1","1","ACTIVE","ENABLED","OFF","ON","YES","Tongji","true","3","ANYWHERE_SEEN","RUNNING","FLCLASH_CONNECTED","1","1","1","0","0","NO","NO","NULL","null","NONE","","","","IWLAN_HOME","0","0","0","0","0","0","0","1","0","UNKNOWN_-1 (raw -1)","0"
"2026-09-23 13:40:28.141","PRE-P1","1","ACTIVE","ENABLED","OFF","ON","YES","Tongji","true","3","ANYWHERE_SEEN","RUNNING","FLCLASH_CONNECTED","1","1","1","0","0","NO","NO","NULL","null","NONE","","","","IWLAN_HOME","0","0","0","0","0","0","0","1","0","UNKNOWN_-1 (raw -1)","0"
"2026-09-23 13:40:39.308","PRE-P1","1","ACTIVE","ENABLED","OFF","ON","YES","Tongji","true","3","ANYWHERE_SEEN","RUNNING","FLCLASH_CONNECTED","1","1","1","0","0","NO","NO","NULL","null","NONE","","","","IWLAN_HOME","0","0","0","0","0","0","0","1","0","UNKNOWN_-1 (raw -1)","0"
"2026-09-23 13:40:50.078","PRE-P1","1","ACTIVE","ENABLED","OFF","ON","YES","Tongji","true","3","ANYWHERE_SEEN","RUNNING","FLCLASH_CONNECTED","1","1","1","0","0","NO","NO","NULL","null","NONE","","","","IWLAN_HOME","0","0","0","0","0","0","0","1","0","UNKNOWN_-1 (raw -1)","0"
"2026-09-23 13:41:00.837","PRE-P1","1","ACTIVE","ENABLED","OFF","ON","YES","Tongji","true","3","ANYWHERE_SEEN","RUNNING","FLCLASH_CONNECTED","1","1","1","0","0","NO","NO","NULL","null","NONE","","","","IWLAN_HOME","0","0","0","0","0","0","0","1","0","UNKNOWN_-1 (raw -1)","0"
"2026-09-23 13:41:10.761","PRE-P1","1","ACTIVE","ENABLED","OFF","ON","YES","Tongji","true","3","ANYWHERE_SEEN","RUNNING","FLCLASH_CONNECTED","1","1","1","0","0","NO","NO","NULL","null","NONE","","","","IWLAN_HOME","0","0","0","0","0","0","0","1","0","UNKNOWN_-1 (raw -1)","0"
"2026-09-23 13:41:21.937","P0","1","ACTIVE","ENABLED","ON","ON","NO","","true","3","ANYWHERE_SEEN","RUNNING","FLCLASH_CONNECTED","0","0","0","0","0","NO","NO","NULL","null","0_2","0","2","0","M19_OTHER","0","0","0","0","0","0","0","1","0","UNKNOWN_-1 (raw -1)","0"
"2026-09-23 13:41:32.804","P1-CAND","1","ACTIVE","ENABLED","ON","ON","YES","Tongji","true","3","ANYWHERE_SEEN","RUNNING","FLCLASH_CONNECTED","0","1","0","1","1","NO","NO","NULL","null","2_1","2","1","0","M19_2_1","0","0","0","0","0","0","0","1","0","UNKNOWN_-1 (raw -1)","0"
"2026-09-23 13:41:43.753","P1-CAND","1","ACTIVE","ENABLED","ON","ON","YES","Tongji","true","3","ANYWHERE_SEEN","RUNNING","FLCLASH_CONNECTED","0","1","0","1","1","NO","NO","NULL","null","2_1","2","1","0","M19_2_1","0","0","0","0","0","0","0","1","0","UNKNOWN_-1 (raw -1)","0"
"2026-09-23 13:41:54.042","P1-F","1","ACTIVE","ENABLED","ON","ON","YES","Tongji","true","3","ANYWHERE_SEEN","RUNNING","FLCLASH_CONNECTED","0","1","0","1","1","NO","NO","NULL","null","NONE","","","","IWLAN_HOME","0","0","0","0","0","0","0","1","0","UNKNOWN_-1 (raw -1)","0"
"2026-09-23 13:42:05.703","P1-F","1","ACTIVE","ENABLED","ON","ON","YES","Tongji","true","3","ANYWHERE_SEEN","RUNNING","FLCLASH_CONNECTED","0","1","0","1","1","NO","NO","NULL","null","NONE","","","","IWLAN_HOME","0","0","0","0","0","0","0","1","0","UNKNOWN_-1 (raw -1)","0"
"2026-09-23 13:42:16.938","P1-F","1","ACTIVE","ENABLED","ON","ON","YES","Tongji","true","3","ANYWHERE_SEEN","RUNNING","FLCLASH_CONNECTED","0","1","0","1","1","NO","NO","NULL","null","NONE","","","","IWLAN_HOME","0","0","0","0","0","0","0","1","0","UNKNOWN_-1 (raw -1)","0"
"2026-09-23 13:42:28.136","P1-F","1","ACTIVE","ENABLED","ON","ON","YES","Tongji","true","3","ANYWHERE_SEEN","RUNNING","FLCLASH_CONNECTED","0","1","0","1","1","NO","NO","NULL","null","NONE","","","","IWLAN_HOME","0","0","0","0","0","0","0","1","0","UNKNOWN_-1 (raw -1)","0"
"2026-09-23 13:42:39.097","P1-F","1","ACTIVE","ENABLED","ON","ON","YES","Tongji","true","3","ANYWHERE_SEEN","RUNNING","FLCLASH_CONNECTED","0","1","0","1","1","NO","NO","NULL","null","NONE","","","","IWLAN_HOME","0","0","0","0","0","0","0","1","0","UNKNOWN_-1 (raw -1)","0"
"2026-09-23 13:42:50.025","P1-F","1","ACTIVE","ENABLED","ON","ON","YES","Tongji","true","3","ANYWHERE_SEEN","RUNNING","FLCLASH_CONNECTED","0","1","0","1","1","NO","NO","NULL","null","NONE","","","","IWLAN_HOME","0","0","0","0","0","0","0","1","0","UNKNOWN_-1 (raw -1)","0"
"2026-09-23 13:43:00.232","P1-F","1","ACTIVE","ENABLED","ON","ON","YES","Tongji","true","3","ANYWHERE_SEEN","RUNNING","FLCLASH_CONNECTED","0","1","0","1","1","NO","NO","NULL","null","NONE","","","","IWLAN_HOME","0","0","0","0","0","0","0","1","0","UNKNOWN_-1 (raw -1)","0"
"2026-09-23 13:43:15.288","P1-F","1","ACTIVE","ENABLED","ON","ON","YES","Tongji","true","3","ANYWHERE_SEEN","RUNNING","FLCLASH_CONNECTED","0","1","0","1","1","NO","NO","NULL","null","NONE","","","","IWLAN_HOME","0","0","0","0","0","0","0","1","0","UNKNOWN_-1 (raw -1)","0"
"2026-09-23 13:43:28.981","P1-F","1","ACTIVE","ENABLED","ON","ON","YES","Tongji","true","3","ANYWHERE_SEEN","RUNNING","FLCLASH_CONNECTED","0","1","0","1","1","NO","NO","NULL","null","NONE","","","","IWLAN_HOME","0","0","0","0","0","0","0","1","0","UNKNOWN_-1 (raw -1)","0"
"2026-09-23 13:43:41.714","P1-F","1","ACTIVE","ENABLED","ON","ON","YES","Tongji","true","3","ANYWHERE_SEEN","RUNNING","FLCLASH_CONNECTED","0","1","0","1","1","NO","NO","NULL","null","NONE","","","","IWLAN_HOME","0","0","0","0","0","0","0","1","0","UNKNOWN_-1 (raw -1)","0"
"2026-09-23 13:43:52.540","P1-F","1","ACTIVE","ENABLED","ON","ON","YES","Tongji","true","3","ANYWHERE_SEEN","RUNNING","FLCLASH_CONNECTED","0","1","0","1","1","NO","NO","NULL","null","NONE","","","","IWLAN_HOME","0","0","0","0","0","0","0","1","0","UNKNOWN_-1 (raw -1)","0"
"2026-09-23 13:44:02.757","P1-F","1","ACTIVE","ENABLED","ON","ON","YES","Tongji","true","3","ANYWHERE_SEEN","RUNNING","FLCLASH_CONNECTED","0","1","0","1","1","NO","NO","NULL","null","NONE","","","","IWLAN_HOME","0","0","0","0","0","0","0","1","0","UNKNOWN_-1 (raw -1)","0"
"2026-09-23 13:44:14.124","P1-F","1","ACTIVE","ENABLED","ON","ON","YES","Tongji","true","3","ANYWHERE_SEEN","RUNNING","FLCLASH_CONNECTED","0","1","0","1","1","NO","NO","NULL","null","NONE","","","","IWLAN_HOME","0","0","0","0","0","0","0","1","0","UNKNOWN_-1 (raw -1)","0"
"2026-09-23 13:44:23.884","P1-F","1","ACTIVE","ENABLED","ON","ON","YES","Tongji","true","3","ANYWHERE_SEEN","RUNNING","FLCLASH_CONNECTED","0","1","0","1","1","NO","NO","NULL","null","NONE","","","","IWLAN_HOME","0","0","0","0","0","0","0","1","0","UNKNOWN_-1 (raw -1)","0"
"2026-09-23 13:44:35.380","P1-F","1","ACTIVE","ENABLED","ON","ON","YES","Tongji","true","3","ANYWHERE_SEEN","RUNNING","FLCLASH_CONNECTED","0","1","0","1","1","NO","NO","NULL","null","NONE","","","","IWLAN_HOME","0","0","0","0","0","0","0","1","0","UNKNOWN_-1 (raw -1)","0"
"2026-09-23 13:44:45.379","P1-F","1","ACTIVE","ENABLED","ON","ON","YES","Tongji","true","3","ANYWHERE_SEEN","RUNNING","FLCLASH_CONNECTED","0","1","0","1","1","NO","NO","NULL","null","NONE","","","","IWLAN_HOME","0","0","0","0","0","0","0","1","0","UNKNOWN_-1 (raw -1)","0"
"2026-09-23 13:44:56.366","P1-F","1","ACTIVE","ENABLED","ON","ON","YES","Tongji","true","3","ANYWHERE_SEEN","RUNNING","FLCLASH_CONNECTED","0","1","0","1","1","NO","NO","NULL","null","NONE","","","","IWLAN_HOME","0","0","0","0","0","0","0","1","0","UNKNOWN_-1 (raw -1)","0"
"2026-09-23 13:45:07.261","P1-F","1","ACTIVE","ENABLED","ON","ON","YES","Tongji","true","3","ANYWHERE_SEEN","RUNNING","FLCLASH_CONNECTED","0","1","0","1","1","NO","NO","NULL","null","NONE","","","","IWLAN_HOME","0","0","0","0","0","0","0","1","0","UNKNOWN_-1 (raw -1)","0"
"2026-09-23 13:45:18.718","P1-F","1","ACTIVE","ENABLED","ON","ON","YES","Tongji","true","3","ANYWHERE_SEEN","RUNNING","FLCLASH_CONNECTED","0","1","0","1","1","NO","NO","NULL","null","NONE","","","","IWLAN_HOME","0","0","0","0","0","0","0","1","0","UNKNOWN_-1 (raw -1)","0"
"2026-09-23 13:45:28.769","P1-F","1","ACTIVE","ENABLED","ON","ON","YES","Tongji","true","3","ANYWHERE_SEEN","RUNNING","FLCLASH_CONNECTED","0","1","0","1","1","NO","NO","NULL","null","NONE","","","","IWLAN_HOME","0","0","0","0","0","0","0","1","0","UNKNOWN_-1 (raw -1)","0"
"2026-09-23 13:45:41.917","P1-F","1","ACTIVE","ENABLED","ON","ON","YES","Tongji","true","3","ANYWHERE_SEEN","RUNNING","FLCLASH_CONNECTED","0","1","0","1","1","NO","NO","NULL","null","NONE","","","","IWLAN_HOME","0","0","0","0","0","0","0","1","0","UNKNOWN_-1 (raw -1)","0"
"2026-09-23 13:45:52.264","P1-F","1","ACTIVE","ENABLED","ON","ON","YES","Tongji","true","3","ANYWHERE_SEEN","RUNNING","FLCLASH_CONNECTED","0","1","0","1","1","NO","NO","NULL","null","NONE","","","","IWLAN_HOME","0","0","0","0","0","0","0","1","0","UNKNOWN_-1 (raw -1)","0"
"2026-09-23 13:46:02.829","P1-F","1","ACTIVE","ENABLED","ON","ON","YES","Tongji","true","3","ANYWHERE_SEEN","RUNNING","FLCLASH_CONNECTED","0","1","0","1","1","NO","NO","NULL","null","NONE","","","","IWLAN_HOME","0","0","0","0","0","0","0","1","0","UNKNOWN_-1 (raw -1)","0"
"2026-09-23 13:46:14.725","P1-F","1","ACTIVE","ENABLED","ON","ON","YES","Tongji","true","3","ANYWHERE_SEEN","RUNNING","FLCLASH_CONNECTED","0","1","0","1","1","NO","NO","NULL","null","NONE","","","","IWLAN_HOME","0","0","0","0","0","0","0","1","0","UNKNOWN_-1 (raw -1)","0"
"2026-09-23 13:46:25.125","P1-F","1","ACTIVE","ENABLED","ON","ON","YES","Tongji","true","3","ANYWHERE_SEEN","RUNNING","FLCLASH_CONNECTED","0","1","0","1","1","NO","NO","NULL","null","NONE","","","","IWLAN_HOME","0","0","0","0","0","0","0","1","0","UNKNOWN_-1 (raw -1)","0"
"2026-09-23 13:46:36.296","P1-F","1","ACTIVE","ENABLED","ON","ON","YES","Tongji","true","3","ANYWHERE_SEEN","RUNNING","FLCLASH_CONNECTED","0","1","0","1","1","NO","NO","NULL","null","NONE","","","","IWLAN_HOME","0","0","0","0","0","0","0","1","0","UNKNOWN_-1 (raw -1)","0"
"2026-09-23 13:46:46.693","P1-F","1","ACTIVE","ENABLED","ON","ON","YES","Tongji","true","3","ANYWHERE_SEEN","RUNNING","FLCLASH_CONNECTED","0","1","0","1","1","NO","NO","NULL","null","NONE","","","","IWLAN_HOME","0","0","0","0","0","0","0","1","0","UNKNOWN_-1 (raw -1)","0"
"2026-09-23 13:46:57.176","P1-F","1","ACTIVE","ENABLED","ON","ON","YES","Tongji","true","3","ANYWHERE_SEEN","RUNNING","FLCLASH_CONNECTED","0","1","0","1","1","NO","NO","NULL","null","NONE","","","","IWLAN_HOME","0","0","0","0","0","0","0","1","0","UNKNOWN_-1 (raw -1)","0"
"2026-09-23 13:47:07.772","P1-F","1","ACTIVE","ENABLED","ON","ON","YES","Tongji","true","3","ANYWHERE_SEEN","RUNNING","FLCLASH_CONNECTED","0","1","0","1","1","NO","NO","NULL","null","NONE","","","","IWLAN_HOME","0","0","0","0","0","0","0","1","0","UNKNOWN_-1 (raw -1)","0"
"2026-09-23 13:47:18.120","P1-F","1","ACTIVE","ENABLED","ON","ON","YES","Tongji","true","3","ANYWHERE_SEEN","RUNNING","FLCLASH_CONNECTED","0","1","0","1","1","NO","NO","NULL","null","NONE","","","","IWLAN_HOME","0","0","0","0","0","0","0","1","0","UNKNOWN_-1 (raw -1)","0"
"2026-09-23 13:47:28.101","P1-F","1","ACTIVE","ENABLED","ON","ON","YES","Tongji","true","3","ANYWHERE_SEEN","RUNNING","FLCLASH_CONNECTED","0","1","0","1","1","NO","NO","NULL","null","NONE","","","","IWLAN_HOME","0","0","0","0","0","0","0","1","0","UNKNOWN_-1 (raw -1)","0"
"2026-09-23 13:47:37.957","P1-F","1","ACTIVE","ENABLED","ON","ON","YES","Tongji","true","3","ANYWHERE_SEEN","RUNNING","FLCLASH_CONNECTED","0","1","0","1","1","NO","NO","NULL","null","NONE","","","","IWLAN_HOME","0","0","0","0","0","0","0","1","0","UNKNOWN_-1 (raw -1)","0"
"2026-09-23 13:47:48.381","P1-F","1","ACTIVE","ENABLED","ON","ON","YES","Tongji","true","3","ANYWHERE_SEEN","RUNNING","FLCLASH_CONNECTED","0","1","0","1","1","NO","NO","NULL","null","NONE","","","","IWLAN_HOME","0","0","0","0","0","0","0","1","0","UNKNOWN_-1 (raw -1)","0"
"2026-09-23 13:47:58.749","P1-F","1","ACTIVE","ENABLED","ON","ON","YES","Tongji","true","3","ANYWHERE_SEEN","RUNNING","FLCLASH_CONNECTED","0","1","0","1","1","NO","NO","NULL","null","NONE","","","","IWLAN_HOME","0","0","0","0","0","0","0","1","0","UNKNOWN_-1 (raw -1)","0"
"2026-09-23 13:48:09.417","P1-F","1","ACTIVE","ENABLED","ON","ON","YES","Tongji","true","3","ANYWHERE_SEEN","RUNNING","FLCLASH_CONNECTED","0","1","0","1","1","NO","NO","NULL","null","NONE","","","","IWLAN_HOME","0","0","0","0","0","0","0","1","0","UNKNOWN_-1 (raw -1)","0"
"2026-09-23 13:48:19.718","P1-F","1","ACTIVE","ENABLED","ON","ON","YES","Tongji","true","3","ANYWHERE_SEEN","RUNNING","FLCLASH_CONNECTED","0","1","0","1","1","NO","NO","NULL","null","NONE","","","","IWLAN_HOME","0","0","0","0","0","0","0","1","0","UNKNOWN_-1 (raw -1)","0"
"2026-09-23 13:48:29.919","P1-F","1","ACTIVE","ENABLED","ON","ON","YES","Tongji","true","3","ANYWHERE_SEEN","RUNNING","FLCLASH_CONNECTED","0","1","0","1","1","NO","NO","NULL","null","NONE","","","","IWLAN_HOME","0","0","0","0","0","0","0","1","0","UNKNOWN_-1 (raw -1)","0"
"2026-09-23 13:48:40.066","P1-F","1","ACTIVE","ENABLED","ON","ON","YES","Tongji","true","3","ANYWHERE_SEEN","RUNNING","FLCLASH_CONNECTED","0","1","0","1","1","NO","NO","NULL","null","NONE","","","","IWLAN_HOME","0","0","0","0","0","0","0","1","0","UNKNOWN_-1 (raw -1)","0"
"2026-09-23 13:48:50.005","P1-F","1","ACTIVE","ENABLED","ON","ON","YES","Tongji","true","3","ANYWHERE_SEEN","RUNNING","FLCLASH_CONNECTED","0","1","0","1","1","NO","NO","NULL","null","NONE","","","","IWLAN_HOME","0","0","0","0","0","0","0","1","0","UNKNOWN_-1 (raw -1)","0"
"2026-09-23 13:48:59.691","P1-F","1","ACTIVE","ENABLED","ON","ON","YES","Tongji","true","3","ANYWHERE_SEEN","RUNNING","FLCLASH_CONNECTED","0","1","0","1","1","NO","NO","NULL","null","NONE","","","","IWLAN_HOME","0","0","0","0","0","0","0","1","0","UNKNOWN_-1 (raw -1)","0"
"2026-09-23 13:49:09.394","P1-F","1","ACTIVE","ENABLED","ON","ON","YES","Tongji","true","3","ANYWHERE_SEEN","RUNNING","FLCLASH_CONNECTED","0","1","0","1","1","NO","NO","NULL","null","NONE","","","","IWLAN_HOME","0","0","0","0","0","0","0","1","0","UNKNOWN_-1 (raw -1)","0"
"2026-09-23 13:49:23.316","P1-F","1","ACTIVE","ENABLED","ON","ON","YES","Tongji","true","3","ANYWHERE_SEEN","RUNNING","FLCLASH_CONNECTED","0","1","0","1","1","NO","NO","NULL","null","NONE","","","","IWLAN_HOME","0","0","0","0","0","0","0","1","0","UNKNOWN_-1 (raw -1)","0"
"2026-09-23 13:49:34.490","P1-F","1","ACTIVE","ENABLED","ON","ON","YES","Tongji","true","3","ANYWHERE_SEEN","RUNNING","FLCLASH_CONNECTED","0","1","0","1","1","NO","NO","NULL","null","NONE","","","","IWLAN_HOME","0","0","0","0","0","0","0","1","0","UNKNOWN_-1 (raw -1)","0"
"2026-09-23 13:49:45.655","P1-F","1","ACTIVE","ENABLED","ON","ON","YES","Tongji","true","3","ANYWHERE_SEEN","RUNNING","FLCLASH_CONNECTED","0","1","0","1","1","NO","NO","NULL","null","NONE","","","","IWLAN_HOME","0","0","0","0","0","0","0","1","0","UNKNOWN_-1 (raw -1)","0"
"2026-09-23 13:49:57.115","P1-F","1","ACTIVE","ENABLED","ON","ON","YES","Tongji","true","3","ANYWHERE_SEEN","RUNNING","FLCLASH_CONNECTED","0","1","0","1","1","NO","NO","NULL","null","NONE","","","","IWLAN_HOME","0","0","0","0","0","0","0","1","0","UNKNOWN_-1 (raw -1)","0"
"2026-09-23 13:50:08.962","P1-F","1","ACTIVE","ENABLED","ON","ON","YES","Tongji","true","3","ANYWHERE_SEEN","RUNNING","FLCLASH_CONNECTED","0","1","0","1","1","NO","NO","NULL","null","NONE","","","","IWLAN_HOME","0","0","0","0","0","0","0","1","0","UNKNOWN_-1 (raw -1)","0"
"2026-09-23 13:50:20.987","P1-F","1","ACTIVE","ENABLED","ON","ON","YES","Tongji","true","3","ANYWHERE_SEEN","RUNNING","FLCLASH_CONNECTED","0","1","0","1","1","NO","NO","NULL","null","NONE","","","","IWLAN_HOME","0","0","0","0","0","0","0","1","0","UNKNOWN_-1 (raw -1)","0"
"2026-09-23 13:50:32.879","P1-F","1","ACTIVE","ENABLED","ON","ON","YES","Tongji","true","3","ANYWHERE_SEEN","RUNNING","FLCLASH_CONNECTED","0","1","0","1","1","NO","NO","NULL","null","NONE","","","","IWLAN_HOME","0","0","0","0","0","0","0","1","0","UNKNOWN_-1 (raw -1)","0"
"2026-09-23 13:50:45.193","P1-F","1","ACTIVE","ENABLED","ON","ON","YES","Tongji","true","3","ANYWHERE_SEEN","RUNNING","FLCLASH_CONNECTED","0","1","0","1","1","NO","NO","NULL","null","NONE","","","","IWLAN_HOME","0","0","0","0","0","0","0","1","0","UNKNOWN_-1 (raw -1)","0"
"2026-09-23 13:50:56.883","P1-F","1","ACTIVE","ENABLED","ON","ON","YES","Tongji","true","3","ANYWHERE_SEEN","RUNNING","FLCLASH_CONNECTED","0","1","0","1","1","NO","NO","NULL","null","NONE","","","","IWLAN_HOME","0","0","0","0","0","0","0","1","0","UNKNOWN_-1 (raw -1)","0"
"2026-09-23 13:51:07.718","P1-F","1","ACTIVE","ENABLED","ON","ON","YES","Tongji","true","3","ANYWHERE_SEEN","RUNNING","FLCLASH_CONNECTED","0","1","0","1","1","NO","NO","NULL","null","NONE","","","","IWLAN_HOME","0","0","0","0","0","0","0","1","0","UNKNOWN_-1 (raw -1)","0"
"2026-09-23 13:51:19.488","P1-F","1","ACTIVE","ENABLED","ON","ON","YES","Tongji","true","3","ANYWHERE_SEEN","RUNNING","FLCLASH_CONNECTED","0","1","0","1","1","NO","NO","NULL","null","NONE","","","","IWLAN_HOME","0","0","0","0","0","0","0","1","0","UNKNOWN_-1 (raw -1)","0"
"2026-09-23 13:51:31.181","P1-F","1","ACTIVE","ENABLED","ON","ON","YES","Tongji","true","3","ANYWHERE_SEEN","RUNNING","FLCLASH_CONNECTED","0","1","0","1","1","NO","NO","NULL","null","NONE","","","","IWLAN_HOME","0","0","0","0","0","0","0","1","0","UNKNOWN_-1 (raw -1)","0"
"2026-09-23 13:51:43.225","P1-F","1","ACTIVE","ENABLED","ON","ON","YES","Tongji","true","3","ANYWHERE_SEEN","RUNNING","FLCLASH_CONNECTED","0","1","0","1","1","NO","NO","NULL","null","NONE","","","","IWLAN_HOME","0","0","0","0","0","0","0","1","0","UNKNOWN_-1 (raw -1)","0"
"2026-09-23 13:51:54.650","P1-F","1","ACTIVE","ENABLED","ON","ON","YES","Tongji","true","3","ANYWHERE_SEEN","RUNNING","FLCLASH_CONNECTED","0","1","0","1","1","NO","NO","NULL","null","NONE","","","","IWLAN_HOME","0","0","0","0","0","0","0","1","0","UNKNOWN_-1 (raw -1)","0"
"2026-09-23 13:52:08.762","P1-F","1","ACTIVE","ENABLED","ON","ON","YES","Tongji","true","3","ANYWHERE_SEEN","RUNNING","FLCLASH_CONNECTED","0","1","0","1","1","NO","NO","NULL","null","NONE","","","","IWLAN_HOME","0","0","0","0","0","0","0","1","0","UNKNOWN_-1 (raw -1)","0"
"2026-09-23 13:52:31.088","P1-F","1","ACTIVE","ENABLED","ON","ON","YES","Tongji","true","3","ANYWHERE_SEEN","RUNNING","FLCLASH_CONNECTED","0","1","0","1","1","NO","NO","NULL","null","NONE","","","","IWLAN_HOME","0","0","0","0","0","0","0","1","0","UNKNOWN_-1 (raw -1)","0"
"2026-09-23 13:52:45.694","P1-F","1","ACTIVE","ENABLED","ON","ON","YES","Tongji","true","3","ANYWHERE_SEEN","RUNNING","FLCLASH_CONNECTED","0","1","0","1","1","NO","NO","NULL","null","NONE","","","","IWLAN_HOME","0","0","0","0","0","0","0","1","0","UNKNOWN_-1 (raw -1)","0"
"2026-09-23 13:52:57.622","P1-F","1","ACTIVE","ENABLED","ON","ON","YES","Tongji","true","3","ANYWHERE_SEEN","RUNNING","FLCLASH_CONNECTED","0","1","0","1","1","NO","NO","NULL","null","NONE","","","","IWLAN_HOME","0","0","0","0","0","0","0","1","0","UNKNOWN_-1 (raw -1)","0"
"2026-09-23 13:53:11.325","P1-F","1","ACTIVE","ENABLED","ON","ON","YES","Tongji","true","3","ANYWHERE_SEEN","RUNNING","FLCLASH_CONNECTED","0","1","0","1","1","NO","NO","NULL","null","NONE","","","","IWLAN_HOME","0","0","0","0","0","0","0","1","0","UNKNOWN_-1 (raw -1)","0"
"2026-09-23 13:53:24.824","P1-F","1","ACTIVE","ENABLED","ON","ON","YES","Tongji","true","3","ANYWHERE_SEEN","RUNNING","FLCLASH_CONNECTED","0","1","0","1","1","NO","NO","NULL","null","NONE","","","","IWLAN_HOME","0","0","0","0","0","0","0","1","0","UNKNOWN_-1 (raw -1)","0"
"2026-09-23 13:53:38.691","P1-F","1","ACTIVE","ENABLED","ON","ON","YES","Tongji","true","3","ANYWHERE_SEEN","RUNNING","FLCLASH_CONNECTED","0","1","0","1","1","NO","NO","NULL","null","NONE","","","","IWLAN_HOME","0","0","0","0","0","0","0","1","0","UNKNOWN_-1 (raw -1)","0"
"2026-09-23 13:53:52.357","P1-F","1","ACTIVE","ENABLED","ON","ON","YES","Tongji","true","3","ANYWHERE_SEEN","RUNNING","FLCLASH_CONNECTED","0","1","0","1","1","NO","NO","NULL","null","NONE","","","","IWLAN_HOME","0","0","0","0","0","0","0","1","0","UNKNOWN_-1 (raw -1)","0"
"2026-09-23 13:54:06.734","P1-F","1","ACTIVE","ENABLED","ON","ON","YES","Tongji","true","3","ANYWHERE_SEEN","RUNNING","FLCLASH_CONNECTED","0","1","0","1","1","NO","NO","NULL","null","NONE","","","","IWLAN_HOME","0","0","0","0","0","0","0","1","0","UNKNOWN_-1 (raw -1)","0"
"2026-09-23 13:54:20.095","P1-F","1","ACTIVE","ENABLED","ON","ON","YES","Tongji","true","3","ANYWHERE_SEEN","RUNNING","FLCLASH_CONNECTED","0","1","0","1","1","NO","NO","NULL","null","NONE","","","","IWLAN_HOME","0","0","0","0","0","0","0","1","0","UNKNOWN_-1 (raw -1)","0"
"2026-09-23 13:54:35.877","P1-F","1","ACTIVE","ENABLED","ON","ON","YES","Tongji","true","3","ANYWHERE_SEEN","RUNNING","FLCLASH_CONNECTED","0","1","0","1","1","NO","NO","NULL","null","NONE","","","","IWLAN_HOME","0","0","0","0","0","0","0","1","0","UNKNOWN_-1 (raw -1)","0"
"2026-09-23 13:54:50.019","P1-F","1","ACTIVE","ENABLED","ON","ON","YES","Tongji","true","3","ANYWHERE_SEEN","RUNNING","FLCLASH_CONNECTED","0","1","0","1","1","NO","NO","NULL","null","NONE","","","","IWLAN_HOME","0","0","0","0","0","0","0","1","0","UNKNOWN_-1 (raw -1)","0"
"2026-09-23 13:55:03.476","P1-F","1","ACTIVE","ENABLED","ON","ON","YES","Tongji","true","3","ANYWHERE_SEEN","RUNNING","FLCLASH_CONNECTED","0","1","0","1","1","NO","NO","NULL","null","NONE","","","","IWLAN_HOME","0","0","0","0","0","0","0","1","0","UNKNOWN_-1 (raw -1)","0"
"2026-09-23 13:55:16.879","P1-F","1","ACTIVE","ENABLED","ON","ON","YES","Tongji","true","3","ANYWHERE_SEEN","RUNNING","FLCLASH_CONNECTED","0","1","0","1","1","NO","NO","NULL","null","NONE","","","","IWLAN_HOME","0","0","0","0","0","0","0","1","0","UNKNOWN_-1 (raw -1)","0"
"2026-09-23 13:55:30.738","P1-F","1","ACTIVE","ENABLED","ON","ON","YES","Tongji","true","3","ANYWHERE_SEEN","RUNNING","FLCLASH_CONNECTED","0","1","0","1","1","NO","NO","NULL","null","NONE","","","","IWLAN_HOME","0","0","0","0","0","0","0","1","0","UNKNOWN_-1 (raw -1)","0"
"2026-09-23 13:55:43.573","P1-F","1","ACTIVE","ENABLED","ON","ON","YES","Tongji","true","3","ANYWHERE_SEEN","RUNNING","FLCLASH_CONNECTED","0","1","0","1","1","NO","NO","NULL","null","NONE","","","","IWLAN_HOME","0","0","0","0","0","0","0","1","0","UNKNOWN_-1 (raw -1)","0"
"2026-09-23 13:55:56.743","P1-F","1","ACTIVE","ENABLED","ON","ON","YES","Tongji","true","3","ANYWHERE_SEEN","RUNNING","FLCLASH_CONNECTED","0","1","0","1","1","NO","NO","NULL","null","NONE","","","","IWLAN_HOME","0","0","0","0","0","0","0","1","0","UNKNOWN_-1 (raw -1)","0"
"2026-09-23 13:56:08.207","P1-F","1","ACTIVE","ENABLED","ON","ON","YES","Tongji","true","3","ANYWHERE_SEEN","RUNNING","FLCLASH_CONNECTED","0","1","0","1","1","NO","NO","NULL","null","NONE","","","","IWLAN_HOME","0","0","0","0","0","0","0","1","0","UNKNOWN_-1 (raw -1)","0"
"2026-09-23 13:56:18.936","P1-F","1","ACTIVE","ENABLED","ON","ON","YES","Tongji","true","3","ANYWHERE_SEEN","RUNNING","FLCLASH_CONNECTED","0","1","0","1","1","NO","NO","NULL","null","NONE","","","","IWLAN_HOME","0","0","0","0","0","0","0","1","0","UNKNOWN_-1 (raw -1)","0"
"2026-09-23 13:56:29.119","P1-F","1","ACTIVE","ENABLED","ON","ON","YES","Tongji","true","3","ANYWHERE_SEEN","RUNNING","FLCLASH_CONNECTED","0","1","0","1","1","NO","NO","NULL","null","NONE","","","","IWLAN_HOME","0","0","0","0","0","0","0","1","0","UNKNOWN_-1 (raw -1)","0"
"2026-09-23 13:56:39.830","P1-F","1","ACTIVE","ENABLED","ON","ON","YES","Tongji","true","3","ANYWHERE_SEEN","RUNNING","FLCLASH_CONNECTED","0","1","0","1","1","NO","NO","NULL","null","NONE","","","","IWLAN_HOME","0","0","0","0","0","0","0","1","0","UNKNOWN_-1 (raw -1)","0"
"2026-09-23 13:56:50.341","P1-F","1","ACTIVE","ENABLED","ON","ON","YES","Tongji","true","3","ANYWHERE_SEEN","RUNNING","FLCLASH_CONNECTED","0","1","0","1","1","NO","NO","NULL","null","NONE","","","","IWLAN_HOME","0","0","0","0","0","0","0","1","0","UNKNOWN_-1 (raw -1)","0"
"2026-09-23 13:57:00.839","P1-F","1","ACTIVE","ENABLED","ON","ON","YES","Tongji","true","3","ANYWHERE_SEEN","RUNNING","FLCLASH_CONNECTED","0","1","0","1","1","NO","NO","NULL","null","NONE","","","","IWLAN_HOME","0","0","0","0","0","0","0","1","0","UNKNOWN_-1 (raw -1)","0"
"2026-09-23 13:57:11.041","P1-F","1","ACTIVE","ENABLED","ON","ON","YES","Tongji","true","3","ANYWHERE_SEEN","RUNNING","FLCLASH_CONNECTED","0","1","0","1","1","NO","NO","NULL","null","NONE","","","","IWLAN_HOME","0","0","0","0","0","0","0","1","0","UNKNOWN_-1 (raw -1)","0"
"2026-09-23 13:57:22.187","P1-F","1","ACTIVE","ENABLED","ON","ON","YES","Tongji","true","3","ANYWHERE_SEEN","RUNNING","FLCLASH_CONNECTED","0","1","0","1","1","NO","NO","NULL","null","NONE","","","","IWLAN_HOME","0","0","0","0","0","0","0","1","0","UNKNOWN_-1 (raw -1)","0"
"2026-09-23 13:57:33.028","P1-F","1","ACTIVE","ENABLED","ON","ON","YES","Tongji","true","3","ANYWHERE_SEEN","RUNNING","FLCLASH_CONNECTED","0","1","0","1","1","NO","NO","NULL","null","NONE","","","","IWLAN_HOME","0","0","0","0","0","0","0","0","0","UNKNOWN_-1 (raw -1)","0"
"2026-09-23 13:57:42.508","P1-F","1","ACTIVE","ENABLED","ON","ON","YES","Tongji","true","3","ANYWHERE_SEEN","RUNNING","FLCLASH_CONNECTED","0","1","0","1","1","NO","NO","NULL","null","NONE","","","","IWLAN_HOME","0","0","0","0","0","0","0","1","0","UNKNOWN_-1 (raw -1)","0"
"2026-09-23 13:57:53.089","P1-F","1","ACTIVE","ENABLED","ON","ON","YES","Tongji","true","3","ANYWHERE_SEEN","RUNNING","FLCLASH_CONNECTED","0","1","0","1","1","NO","NO","NULL","null","NONE","","","","IWLAN_HOME","0","0","0","0","0","0","0","1","0","UNKNOWN_-1 (raw -1)","0"
"2026-09-23 13:58:04.042","P1-F","1","ACTIVE","ENABLED","ON","ON","YES","Tongji","true","3","ANYWHERE_SEEN","RUNNING","FLCLASH_CONNECTED","0","1","0","1","1","NO","NO","NULL","null","NONE","","","","IWLAN_HOME","0","0","0","0","0","0","0","1","0","UNKNOWN_-1 (raw -1)","0"
"2026-09-23 13:58:15.151","P1-F","1","ACTIVE","ENABLED","ON","ON","YES","Tongji","true","3","ANYWHERE_SEEN","RUNNING","FLCLASH_CONNECTED","0","1","0","1","1","NO","NO","NULL","null","NONE","","","","IWLAN_HOME","0","0","0","0","0","0","0","0","0","UNKNOWN_-1 (raw -1)","0"
"2026-09-23 13:58:25.965","P1-F","1","ACTIVE","ENABLED","ON","ON","YES","Tongji","true","3","ANYWHERE_SEEN","RUNNING","FLCLASH_CONNECTED","0","1","0","1","1","NO","NO","NULL","null","NONE","","","","IWLAN_HOME","0","0","0","0","0","0","0","0","0","UNKNOWN_-1 (raw -1)","0"
"2026-09-23 13:58:36.532","P1-F","1","ACTIVE","ENABLED","ON","ON","YES","Tongji","true","3","ANYWHERE_SEEN","RUNNING","FLCLASH_CONNECTED","0","1","0","1","1","NO","NO","NULL","null","NONE","","","","IWLAN_HOME","0","0","0","0","0","0","0","0","0","UNKNOWN_-1 (raw -1)","0"
"2026-09-23 13:58:46.502","P1-F","1","ACTIVE","ENABLED","ON","ON","YES","Tongji","true","3","ANYWHERE_SEEN","RUNNING","FLCLASH_CONNECTED","0","1","0","1","1","NO","NO","NULL","null","NONE","","","","IWLAN_HOME","0","0","0","0","0","0","0","0","0","UNKNOWN_-1 (raw -1)","0"
"2026-09-23 13:58:56.743","P1-F","1","ACTIVE","ENABLED","ON","ON","YES","Tongji","true","3","ANYWHERE_SEEN","RUNNING","FLCLASH_CONNECTED","0","1","0","1","1","NO","NO","NULL","null","NONE","","","","IWLAN_HOME","0","0","0","0","0","0","0","0","0","UNKNOWN_-1 (raw -1)","0"
"2026-09-23 13:59:06.748","P1-F","1","ACTIVE","ENABLED","ON","ON","YES","Tongji","true","3","ANYWHERE_SEEN","RUNNING","FLCLASH_CONNECTED","0","1","0","1","1","NO","NO","NULL","null","NONE","","","","IWLAN_HOME","0","0","0","0","0","0","0","0","0","UNKNOWN_-1 (raw -1)","0"
"2026-09-23 13:59:19.967","P1-F","1","ACTIVE","ENABLED","ON","ON","YES","Tongji","true","3","ANYWHERE_SEEN","RUNNING","FLCLASH_CONNECTED","0","1","0","1","1","NO","NO","NULL","null","NONE","","","","IWLAN_HOME","0","0","0","0","0","0","0","0","0","UNKNOWN_-1 (raw -1)","0"
"2026-09-23 13:59:33.631","P1-F","1","ACTIVE","ENABLED","ON","ON","YES","Tongji","true","3","ANYWHERE_SEEN","RUNNING","FLCLASH_CONNECTED","0","1","0","1","1","NO","NO","NULL","null","NONE","","","","IWLAN_HOME","0","0","0","0","0","0","0","0","0","UNKNOWN_-1 (raw -1)","0"
"2026-09-23 13:59:44.306","P1-F","1","ACTIVE","ENABLED","ON","ON","YES","Tongji","true","3","ANYWHERE_SEEN","RUNNING","FLCLASH_CONNECTED","0","1","0","1","1","NO","NO","NULL","null","NONE","","","","IWLAN_HOME","0","0","0","0","0","0","0","0","0","UNKNOWN_-1 (raw -1)","0"
"2026-09-23 13:59:55.928","P1-F","1","ACTIVE","ENABLED","ON","ON","YES","Tongji","true","3","ANYWHERE_SEEN","RUNNING","FLCLASH_CONNECTED","0","1","0","1","1","NO","NO","NULL","null","NONE","","","","IWLAN_HOME","0","0","0","0","0","0","0","0","0","UNKNOWN_-1 (raw -1)","0"
"2026-09-23 14:00:07.436","P1-F","1","ACTIVE","ENABLED","ON","ON","YES","Tongji","true","3","ANYWHERE_SEEN","RUNNING","FLCLASH_CONNECTED","0","1","0","1","1","NO","NO","NULL","null","NONE","","","","IWLAN_HOME","0","0","0","0","0","0","0","0","0","UNKNOWN_-1 (raw -1)","0"
"2026-09-23 14:00:19.052","P1-F","1","ACTIVE","ENABLED","ON","ON","YES","Tongji","true","3","ANYWHERE_SEEN","RUNNING","FLCLASH_CONNECTED","0","1","0","1","1","NO","NO","NULL","null","NONE","","","","IWLAN_HOME","0","0","0","0","0","0","0","0","0","UNKNOWN_-1 (raw -1)","0"
"2026-09-23 14:00:30.515","P1-F","1","ACTIVE","ENABLED","ON","ON","YES","Tongji","true","3","ANYWHERE_SEEN","RUNNING","FLCLASH_CONNECTED","0","1","0","1","1","NO","NO","NULL","null","NONE","","","","IWLAN_HOME","0","0","0","0","0","0","0","0","0","UNKNOWN_-1 (raw -1)","0"
"2026-09-23 14:00:41.967","P1-F","1","ACTIVE","ENABLED","ON","ON","YES","Tongji","true","3","ANYWHERE_SEEN","RUNNING","FLCLASH_CONNECTED","0","1","0","1","1","NO","NO","NULL","null","NONE","","","","IWLAN_HOME","0","0","0","0","0","0","0","0","0","UNKNOWN_-1 (raw -1)","0"
"2026-09-23 14:00:54.347","P1-F","1","ACTIVE","ENABLED","ON","ON","YES","Tongji","true","3","ANYWHERE_SEEN","RUNNING","FLCLASH_CONNECTED","0","1","0","1","1","NO","NO","NULL","null","NONE","","","","IWLAN_HOME","0","0","0","0","0","0","0","0","0","UNKNOWN_-1 (raw -1)","0"
"2026-09-23 14:01:04.633","P1-F","1","ACTIVE","ENABLED","ON","ON","YES","Tongji","true","3","ANYWHERE_SEEN","RUNNING","FLCLASH_CONNECTED","0","1","0","1","1","NO","NO","NULL","null","NONE","","","","IWLAN_HOME","0","0","0","0","0","0","0","0","0","UNKNOWN_-1 (raw -1)","0"
"2026-09-23 14:01:15.636","P1-F","1","ACTIVE","ENABLED","ON","ON","YES","Tongji","true","3","ANYWHERE_SEEN","RUNNING","FLCLASH_CONNECTED","0","1","0","1","1","NO","NO","NULL","null","NONE","","","","IWLAN_HOME","0","0","0","0","0","0","0","0","0","UNKNOWN_-1 (raw -1)","0"
"2026-09-23 14:01:27.531","P1-F","1","ACTIVE","ENABLED","ON","ON","YES","Tongji","true","3","ANYWHERE_SEEN","RUNNING","FLCLASH_CONNECTED","0","1","0","1","1","NO","NO","NULL","null","NONE","","","","IWLAN_HOME","0","0","0","0","0","0","0","0","0","UNKNOWN_-1 (raw -1)","0"
"2026-09-23 14:01:39.342","P1-F","1","ACTIVE","ENABLED","ON","ON","YES","Tongji","true","3","ANYWHERE_SEEN","RUNNING","FLCLASH_CONNECTED","0","1","0","1","1","NO","NO","NULL","null","NONE","","","","IWLAN_HOME","0","0","0","0","0","0","0","0","0","UNKNOWN_-1 (raw -1)","0"
"2026-09-23 14:01:49.591","P1-F","1","ACTIVE","ENABLED","ON","ON","YES","Tongji","true","3","ANYWHERE_SEEN","RUNNING","FLCLASH_CONNECTED","0","1","0","1","1","NO","NO","NULL","null","NONE","","","","IWLAN_HOME","0","0","0","0","0","0","0","0","0","UNKNOWN_-1 (raw -1)","0"
"2026-09-23 14:02:00.214","P1-F","1","ACTIVE","ENABLED","ON","ON","YES","Tongji","true","3","ANYWHERE_SEEN","RUNNING","FLCLASH_CONNECTED","0","1","0","1","1","NO","NO","NULL","null","NONE","","","","IWLAN_HOME","0","0","0","0","0","0","0","0","0","UNKNOWN_-1 (raw -1)","0"
"2026-09-23 14:02:14.116","P1-F","1","ACTIVE","ENABLED","ON","ON","YES","Tongji","true","3","ANYWHERE_SEEN","RUNNING","FLCLASH_CONNECTED","0","1","0","1","1","NO","NO","NULL","null","NONE","","","","IWLAN_HOME","0","0","0","0","0","0","0","0","0","UNKNOWN_-1 (raw -1)","0"
"2026-09-23 14:02:27.259","P1-F","1","ACTIVE","ENABLED","ON","ON","YES","Tongji","true","3","ANYWHERE_SEEN","RUNNING","FLCLASH_CONNECTED","0","1","0","1","1","NO","NO","NULL","null","NONE","","","","IWLAN_HOME","0","0","0","0","0","0","0","0","0","UNKNOWN_-1 (raw -1)","0"
"2026-09-23 14:02:38.801","P1-F","1","ACTIVE","ENABLED","ON","ON","YES","Tongji","true","3","ANYWHERE_SEEN","RUNNING","FLCLASH_CONNECTED","0","1","0","1","1","NO","NO","NULL","null","NONE","","","","IWLAN_HOME","0","0","0","0","0","0","0","0","0","UNKNOWN_-1 (raw -1)","0"
"2026-09-23 14:02:49.278","P1-F","1","ACTIVE","ENABLED","ON","ON","YES","Tongji","true","3","ANYWHERE_SEEN","RUNNING","FLCLASH_CONNECTED","0","1","0","1","1","NO","NO","NULL","null","NONE","","","","IWLAN_HOME","0","0","0","0","0","0","0","0","0","UNKNOWN_-1 (raw -1)","0"
"2026-09-23 14:02:58.844","P1-F","1","ACTIVE","ENABLED","OFF","ON","YES","Tongji","true","3","ANYWHERE_SEEN","RUNNING","FLCLASH_CONNECTED","0","1","0","1","1","NO","NO","NULL","null","NONE","","","","IWLAN_HOME","0","0","0","0","0","0","0","0","0","UNKNOWN_-1 (raw -1)","0"
"2026-09-23 14:03:27.920","SIM_ABSENT","null","INACTIVE","UNKNOWN","UNKNOWN","UNKNOWN","UNKNOWN","","UNKNOWN","UNKNOWN","UNKNOWN","NOT_RUNNING","NOT_CONNECTED","0","0","0","0","0","NO","NO","NULL","null","NONE","","","","NONE","0","0","0","0","0","0","0","0","0","UNKNOWN (raw null)","0"
"2026-09-23 14:03:39.869","SIM_ABSENT","-1","INACTIVE","UNKNOWN","OFF","ON","YES","Tongji","true","3","NONE","NOT_RUNNING","NOT_CONNECTED","1","0","0","0","0","NO","NO","NULL","null","NONE","","","","NONE","0","0","0","0","0","0","0","0","0","UNKNOWN_-1 (raw -1)","0"
"2026-09-23 14:03:50.142","PRE-P1","1","ACTIVE","ENABLED","OFF","ON","YES","Tongji","true","3","NONE","NOT_RUNNING","NOT_CONNECTED","1","1","1","0","0","NO","NO","NULL","null","NONE","","","","IWLAN_HOME","0","0","0","0","0","0","0","1","0","UNKNOWN_-1 (raw -1)","0"
"2026-09-23 14:04:10.296","PRE-P1","1","ACTIVE","ENABLED","OFF","ON","YES","Tongji","true","3","NONE","NOT_RUNNING","NOT_CONNECTED","1","1","1","0","0","NO","NO","NULL","null","NONE","","","","IWLAN_HOME","0","0","0","0","0","0","0","1","0","UNKNOWN_-1 (raw -1)","0"
"2026-09-23 14:04:23.162","PRE-P1","1","ACTIVE","ENABLED","OFF","ON","YES","Tongji","true","3","ANYWHERE_SEEN","RUNNING","FLCLASH_CONNECTED","1","1","1","0","0","NO","NO","NULL","null","NONE","","","","IWLAN_HOME","0","0","0","0","0","0","0","1","0","UNKNOWN_-1 (raw -1)","0"
"2026-09-23 14:04:34.644","P1-F","1","ACTIVE","ENABLED","ON","ON","YES","Tongji","true","3","ANYWHERE_SEEN","RUNNING","FLCLASH_CONNECTED","0","1","0","1","1","NO","NO","NULL","null","NONE","","","","IWLAN_HOME","0","0","0","0","0","0","0","1","0","UNKNOWN_-1 (raw -1)","0"
"2026-09-23 14:04:46.227","P1-F","1","ACTIVE","ENABLED","ON","ON","YES","Tongji","true","3","ANYWHERE_SEEN","RUNNING","FLCLASH_CONNECTED","0","1","0","1","1","NO","NO","NULL","null","NONE","","","","IWLAN_HOME","0","0","0","0","0","0","0","1","0","UNKNOWN_-1 (raw -1)","0"
"2026-09-23 14:04:55.992","P1-F","1","ACTIVE","ENABLED","ON","ON","YES","Tongji","true","3","ANYWHERE_SEEN","RUNNING","FLCLASH_CONNECTED","0","1","0","1","1","NO","NO","NULL","null","NONE","","","","IWLAN_HOME","0","0","0","0","0","0","0","1","0","UNKNOWN_-1 (raw -1)","0"
"2026-09-23 14:05:05.328","P1-F","1","ACTIVE","ENABLED","ON","ON","YES","Tongji","true","3","ANYWHERE_SEEN","RUNNING","FLCLASH_CONNECTED","0","1","0","1","1","NO","NO","NULL","null","NONE","","","","IWLAN_HOME","0","0","0","0","0","0","0","1","0","UNKNOWN_-1 (raw -1)","0"
"2026-09-23 14:05:17.007","P1-F","1","ACTIVE","ENABLED","ON","ON","YES","Tongji","true","3","ANYWHERE_SEEN","RUNNING","FLCLASH_CONNECTED","0","1","0","1","1","NO","NO","NULL","null","NONE","","","","IWLAN_HOME","0","0","0","0","0","0","0","1","0","UNKNOWN_-1 (raw -1)","0"
"2026-09-23 14:05:26.768","P1-F","1","ACTIVE","ENABLED","ON","ON","YES","Tongji","true","3","ANYWHERE_SEEN","RUNNING","FLCLASH_CONNECTED","0","1","0","1","1","NO","NO","NULL","null","NONE","","","","IWLAN_HOME","0","0","0","0","0","0","0","1","0","UNKNOWN_-1 (raw -1)","0"
"2026-09-23 14:05:38.741","P1-F","1","ACTIVE","ENABLED","ON","ON","YES","Tongji","true","3","ANYWHERE_SEEN","RUNNING","FLCLASH_CONNECTED","0","1","0","1","1","NO","NO","NULL","null","NONE","","","","IWLAN_HOME","0","0","0","0","0","0","0","1","0","UNKNOWN_-1 (raw -1)","0"
"2026-09-23 14:05:49.769","P1-F","1","ACTIVE","ENABLED","ON","ON","YES","Tongji","true","3","ANYWHERE_SEEN","RUNNING","FLCLASH_CONNECTED","0","1","0","1","1","NO","NO","NULL","null","NONE","","","","IWLAN_HOME","0","0","0","0","0","0","0","1","0","UNKNOWN_-1 (raw -1)","0"
"2026-09-23 14:06:01.227","P1-F","1","ACTIVE","ENABLED","ON","ON","YES","Tongji","true","3","ANYWHERE_SEEN","RUNNING","FLCLASH_CONNECTED","0","1","0","1","1","NO","NO","NULL","null","NONE","","","","IWLAN_HOME","0","0","0","0","0","0","0","1","0","UNKNOWN_-1 (raw -1)","0"
"2026-09-23 14:06:13.664","P1-F","1","ACTIVE","ENABLED","ON","ON","YES","Tongji","true","3","ANYWHERE_SEEN","RUNNING","FLCLASH_CONNECTED","0","1","0","1","1","NO","NO","NULL","null","NONE","","","","IWLAN_HOME","0","0","0","0","0","0","0","1","0","UNKNOWN_-1 (raw -1)","0"
"2026-09-23 14:06:23.716","P1-F","1","ACTIVE","ENABLED","ON","ON","YES","Tongji","true","3","ANYWHERE_SEEN","RUNNING","FLCLASH_CONNECTED","0","1","0","1","1","NO","NO","NULL","null","NONE","","","","IWLAN_HOME","0","0","0","0","0","0","0","1","0","UNKNOWN_-1 (raw -1)","0"
"2026-09-23 14:06:37.559","P1-F","1","ACTIVE","ENABLED","ON","ON","YES","Tongji","true","3","ANYWHERE_SEEN","RUNNING","FLCLASH_CONNECTED","0","1","0","1","1","NO","NO","NULL","null","NONE","","","","IWLAN_HOME","0","0","0","0","0","0","0","1","0","UNKNOWN_-1 (raw -1)","0"
"2026-09-23 14:06:49.784","P1-F","1","ACTIVE","ENABLED","ON","ON","YES","Tongji","true","3","ANYWHERE_SEEN","RUNNING","FLCLASH_CONNECTED","0","1","0","1","1","NO","NO","NULL","null","NONE","","","","IWLAN_HOME","0","0","0","0","0","0","0","1","0","UNKNOWN_-1 (raw -1)","0"
"2026-09-23 14:07:02.169","P1-F","1","ACTIVE","ENABLED","ON","ON","YES","Tongji","true","3","ANYWHERE_SEEN","RUNNING","FLCLASH_CONNECTED","0","1","0","1","1","NO","NO","NULL","null","NONE","","","","IWLAN_HOME","0","0","0","0","0","0","0","1","0","UNKNOWN_-1 (raw -1)","0"
"2026-09-23 14:07:13.559","P1-F","1","ACTIVE","ENABLED","ON","ON","YES","Tongji","true","3","ANYWHERE_SEEN","RUNNING","FLCLASH_CONNECTED","0","1","0","1","1","NO","NO","NULL","null","NONE","","","","IWLAN_HOME","0","0","0","0","0","0","0","1","0","UNKNOWN_-1 (raw -1)","0"
"2026-09-23 14:07:24.787","P1-F","1","ACTIVE","ENABLED","ON","ON","YES","Tongji","true","3","ANYWHERE_SEEN","RUNNING","FLCLASH_CONNECTED","0","1","0","1","1","NO","NO","NULL","null","NONE","","","","IWLAN_HOME","0","0","0","0","0","0","0","1","0","UNKNOWN_-1 (raw -1)","0"
"2026-09-23 14:07:35.290","P1-F","1","ACTIVE","ENABLED","ON","ON","YES","Tongji","true","3","ANYWHERE_SEEN","RUNNING","FLCLASH_CONNECTED","0","1","0","1","1","NO","NO","NULL","null","NONE","","","","IWLAN_HOME","0","0","0","0","0","0","0","1","0","UNKNOWN_-1 (raw -1)","0"
"2026-09-23 14:07:47.702","P1-F","1","ACTIVE","ENABLED","ON","ON","YES","Tongji","true","3","ANYWHERE_SEEN","RUNNING","FLCLASH_CONNECTED","0","1","0","1","1","NO","NO","NULL","null","NONE","","","","IWLAN_HOME","0","0","0","0","0","0","0","1","0","UNKNOWN_-1 (raw -1)","0"
"2026-09-23 14:07:59.725","P1-F","1","ACTIVE","ENABLED","ON","ON","YES","Tongji","true","3","ANYWHERE_SEEN","RUNNING","FLCLASH_CONNECTED","0","1","0","1","1","NO","NO","NULL","null","NONE","","","","IWLAN_HOME","0","0","0","0","0","0","0","1","0","UNKNOWN_-1 (raw -1)","0"
"2026-09-23 14:08:10.624","P1-F","1","ACTIVE","ENABLED","ON","ON","YES","Tongji","true","3","ANYWHERE_SEEN","RUNNING","FLCLASH_CONNECTED","0","1","0","1","1","NO","NO","NULL","null","NONE","","","","IWLAN_HOME","0","0","0","0","0","0","0","1","0","UNKNOWN_-1 (raw -1)","0"
"2026-09-23 14:08:20.554","P1-F","1","ACTIVE","ENABLED","ON","ON","YES","Tongji","true","3","ANYWHERE_SEEN","RUNNING","FLCLASH_CONNECTED","0","1","0","1","1","NO","NO","NULL","null","NONE","","","","IWLAN_HOME","0","0","0","0","0","0","0","1","0","UNKNOWN_-1 (raw -1)","0"
"2026-09-23 14:08:31.003","P1-F","1","ACTIVE","ENABLED","ON","ON","YES","Tongji","true","3","ANYWHERE_SEEN","RUNNING","FLCLASH_CONNECTED","0","1","0","1","1","NO","NO","NULL","null","NONE","","","","IWLAN_HOME","0","0","0","0","0","0","0","1","0","UNKNOWN_-1 (raw -1)","0"
"2026-09-23 14:08:41.301","P1-F","1","ACTIVE","ENABLED","ON","ON","YES","Tongji","true","3","ANYWHERE_SEEN","RUNNING","FLCLASH_CONNECTED","0","1","0","1","1","NO","NO","NULL","null","NONE","","","","IWLAN_HOME","0","0","0","0","0","0","0","1","0","UNKNOWN_-1 (raw -1)","0"
"2026-09-23 14:09:03.069","P1-F","1","ACTIVE","ENABLED","ON","ON","YES","Tongji","true","3","ANYWHERE_SEEN","RUNNING","FLCLASH_CONNECTED","0","1","0","1","1","NO","NO","NULL","null","NONE","","","","IWLAN_HOME","0","0","0","0","0","0","0","1","0","UNKNOWN_-1 (raw -1)","0"
"2026-09-23 14:09:20.453","P1-F","1","ACTIVE","ENABLED","ON","ON","YES","Tongji","true","3","ANYWHERE_SEEN","RUNNING","FLCLASH_CONNECTED","0","1","0","1","1","NO","NO","NULL","null","NONE","","","","IWLAN_HOME","0","0","0","0","0","0","0","1","0","UNKNOWN_-1 (raw -1)","0"
"2026-09-23 14:09:45.651","P1-F","1","ACTIVE","ENABLED","ON","ON","YES","Tongji","true","3","ANYWHERE_SEEN","RUNNING","FLCLASH_CONNECTED","0","1","0","1","1","NO","NO","NULL","null","NONE","","","","IWLAN_HOME","0","0","0","0","0","0","0","1","0","UNKNOWN_-1 (raw -1)","0"
"2026-09-23 14:10:02.023","P1-F","1","ACTIVE","ENABLED","ON","ON","YES","Tongji","true","3","ANYWHERE_SEEN","RUNNING","FLCLASH_CONNECTED","0","1","0","1","1","NO","NO","NULL","null","NONE","","","","IWLAN_HOME","0","0","0","0","0","0","0","1","0","UNKNOWN_-1 (raw -1)","0"
"2026-09-23 14:10:13.993","P1-F","1","ACTIVE","ENABLED","ON","ON","YES","Tongji","true","3","ANYWHERE_SEEN","RUNNING","FLCLASH_CONNECTED","0","1","0","1","1","NO","NO","NULL","null","NONE","","","","IWLAN_HOME","0","0","0","0","0","0","0","1","0","UNKNOWN_-1 (raw -1)","0"
"2026-09-23 14:10:24.409","P1-F","1","ACTIVE","ENABLED","ON","ON","YES","Tongji","true","3","ANYWHERE_SEEN","RUNNING","FLCLASH_CONNECTED","0","1","0","1","1","NO","NO","NULL","null","NONE","","","","IWLAN_HOME","0","0","0","0","0","0","0","1","0","UNKNOWN_-1 (raw -1)","0"
"2026-09-23 14:10:36.063","P1-F","1","ACTIVE","ENABLED","ON","ON","YES","Tongji","true","3","ANYWHERE_SEEN","RUNNING","FLCLASH_CONNECTED","0","1","0","1","1","NO","NO","NULL","null","NONE","","","","IWLAN_HOME","0","0","0","0","0","0","0","1","0","UNKNOWN_-1 (raw -1)","0"
"2026-09-23 14:10:46.977","P1-F","1","ACTIVE","ENABLED","ON","ON","YES","Tongji","true","3","ANYWHERE_SEEN","RUNNING","FLCLASH_CONNECTED","0","1","0","1","1","NO","NO","NULL","null","NONE","","","","IWLAN_HOME","0","0","0","0","0","0","0","1","0","UNKNOWN_-1 (raw -1)","0"
"2026-09-23 14:10:57.570","P1-F","1","ACTIVE","ENABLED","ON","ON","YES","Tongji","true","3","ANYWHERE_SEEN","RUNNING","FLCLASH_CONNECTED","0","1","0","1","1","NO","NO","NULL","null","NONE","","","","IWLAN_HOME","0","0","0","0","0","0","0","1","0","UNKNOWN_-1 (raw -1)","0"
"2026-09-23 14:11:08.387","P1-F","1","ACTIVE","ENABLED","ON","ON","YES","Tongji","true","3","ANYWHERE_SEEN","RUNNING","FLCLASH_CONNECTED","0","1","0","1","1","NO","NO","NULL","null","NONE","","","","IWLAN_HOME","0","0","0","0","0","0","0","1","0","UNKNOWN_-1 (raw -1)","0"
"2026-09-23 14:11:18.797","P1-F","1","ACTIVE","ENABLED","ON","ON","YES","Tongji","true","3","ANYWHERE_SEEN","RUNNING","FLCLASH_CONNECTED","0","1","0","1","1","NO","NO","NULL","null","NONE","","","","IWLAN_HOME","0","0","0","0","0","0","0","0","0","UNKNOWN_-1 (raw -1)","0"
"2026-09-23 14:11:28.437","P1-F","1","ACTIVE","ENABLED","ON","ON","YES","Tongji","true","3","ANYWHERE_SEEN","RUNNING","FLCLASH_CONNECTED","0","1","0","1","1","NO","NO","NULL","null","NONE","","","","IWLAN_HOME","0","0","0","0","0","0","0","1","0","UNKNOWN_-1 (raw -1)","0"
"2026-09-23 14:11:38.097","P1-F","1","ACTIVE","ENABLED","ON","ON","YES","Tongji","true","3","ANYWHERE_SEEN","RUNNING","FLCLASH_CONNECTED","0","1","0","1","1","NO","NO","NULL","null","NONE","","","","IWLAN_HOME","0","0","0","0","0","0","0","1","0","UNKNOWN_-1 (raw -1)","0"
"2026-09-23 14:11:48.188","P1-F","1","ACTIVE","ENABLED","ON","ON","YES","Tongji","true","3","ANYWHERE_SEEN","RUNNING","FLCLASH_CONNECTED","0","1","0","1","1","NO","NO","NULL","null","NONE","","","","IWLAN_HOME","0","0","0","0","0","0","0","1","0","UNKNOWN_-1 (raw -1)","0"
"2026-09-23 14:11:58.194","P0","1","ACTIVE","ENABLED","ON","ON","YES","Tongji","true","3","ANYWHERE_SEEN","RUNNING","FLCLASH_CONNECTED","0","0","0","0","0","NO","NO","NULL","null","NONE","","","","NONE","0","0","0","0","0","0","0","0","0","UNKNOWN_-1 (raw -1)","0"
"2026-09-23 14:12:08.340","UNKNOWN","1","ACTIVE","ENABLED","ON","ON","YES","Tongji","true","3","ANYWHERE_SEEN","RUNNING","FLCLASH_CONNECTED","0","1","0","1","1","YES","NO","PRESENT","299","NONE","","","","TUNNEL","0","0","0","0","0","1","1","1","0","WLAN (raw 2)","0"
"2026-09-23 14:12:19.053","HEALTHY","1","ACTIVE","ENABLED","ON","ON","YES","Tongji","true","3","ANYWHERE_SEEN","RUNNING","FLCLASH_CONNECTED","0","1","0","1","1","YES","YES","PRESENT","299","NONE","","","","WFC","0","0","0","0","0","1","1","1","1","WLAN (raw 2)","1"
"2026-09-23 14:12:31.246","HEALTHY","1","ACTIVE","ENABLED","ON","ON","YES","Tongji","true","3","ANYWHERE_SEEN","RUNNING","FLCLASH_CONNECTED","0","1","0","1","1","YES","YES","PRESENT","299","NONE","","","","WFC","0","0","0","0","0","1","1","1","1","WLAN (raw 2)","1"
"2026-09-23 14:12:44.853","HEALTHY","1","ACTIVE","ENABLED","ON","ON","YES","Tongji","true","3","ANYWHERE_SEEN","RUNNING","FLCLASH_CONNECTED","0","1","0","1","1","YES","YES","PRESENT","299","NONE","","","","WFC","0","0","0","0","0","1","1","1","1","WLAN (raw 2)","1"
"2026-09-23 14:12:56.685","HEALTHY","1","ACTIVE","ENABLED","ON","ON","YES","Tongji","true","3","ANYWHERE_SEEN","RUNNING","FLCLASH_CONNECTED","0","1","0","1","1","YES","YES","PRESENT","299","NONE","","","","WFC","0","0","0","0","0","1","1","1","1","WLAN (raw 2)","1"
"2026-09-23 14:13:08.109","HEALTHY","1","ACTIVE","ENABLED","ON","ON","YES","Tongji","true","3","ANYWHERE_SEEN","RUNNING","FLCLASH_CONNECTED","0","1","0","1","1","YES","YES","PRESENT","299","NONE","","","","WFC","0","0","0","0","0","1","1","1","1","WLAN (raw 2)","1"
"2026-09-23 14:13:19.378","HEALTHY","1","ACTIVE","ENABLED","ON","ON","YES","Tongji","true","3","ANYWHERE_SEEN","RUNNING","FLCLASH_CONNECTED","0","1","0","1","1","YES","YES","PRESENT","299","NONE","","","","WFC","0","0","0","0","0","1","1","1","1","WLAN (raw 2)","1"
"2026-09-23 14:13:31.008","HEALTHY","1","ACTIVE","ENABLED","ON","ON","YES","Tongji","true","3","ANYWHERE_SEEN","RUNNING","FLCLASH_CONNECTED","0","1","0","1","1","YES","YES","PRESENT","299","NONE","","","","WFC","0","0","0","0","0","1","1","1","1","WLAN (raw 2)","1"
"2026-09-23 14:13:42.547","HEALTHY","1","ACTIVE","ENABLED","ON","ON","YES","Tongji","true","3","ANYWHERE_SEEN","RUNNING","FLCLASH_CONNECTED","0","1","0","1","1","YES","YES","PRESENT","299","NONE","","","","WFC","0","0","0","0","0","1","1","1","1","WLAN (raw 2)","1"
"2026-09-23 14:13:56.053","HEALTHY","1","ACTIVE","ENABLED","ON","ON","YES","Tongji","true","3","ANYWHERE_SEEN","RUNNING","FLCLASH_CONNECTED","0","1","0","1","1","YES","YES","PRESENT","299","NONE","","","","WFC","0","0","0","0","0","1","1","1","1","WLAN (raw 2)","1"
"2026-09-23 14:14:07.597","HEALTHY","1","ACTIVE","ENABLED","ON","ON","YES","Tongji","true","3","ANYWHERE_SEEN","RUNNING","FLCLASH_CONNECTED","0","1","0","1","1","YES","YES","PRESENT","299","NONE","","","","WFC","0","0","0","0","0","1","1","1","1","WLAN (raw 2)","1"
"2026-09-23 14:14:18.230","HEALTHY","1","ACTIVE","ENABLED","ON","ON","YES","Tongji","true","3","ANYWHERE_SEEN","RUNNING","FLCLASH_CONNECTED","0","1","0","1","1","YES","YES","PRESENT","299","NONE","","","","WFC","0","0","0","0","0","1","1","1","1","WLAN (raw 2)","1"
"2026-09-23 14:14:29.697","HEALTHY","1","ACTIVE","ENABLED","ON","ON","YES","Tongji","true","3","ANYWHERE_SEEN","RUNNING","FLCLASH_CONNECTED","0","1","0","1","1","YES","YES","PRESENT","299","NONE","","","","WFC","0","0","0","0","0","1","1","1","1","WLAN (raw 2)","1"
"2026-09-23 14:14:39.698","HEALTHY","1","ACTIVE","ENABLED","ON","ON","YES","Tongji","true","3","ANYWHERE_SEEN","RUNNING","FLCLASH_CONNECTED","0","1","0","1","1","YES","YES","PRESENT","299","NONE","","","","WFC","0","0","0","0","0","1","1","1","1","WLAN (raw 2)","1"
"2026-09-23 14:14:49.765","HEALTHY","1","ACTIVE","ENABLED","ON","ON","YES","Tongji","true","3","ANYWHERE_SEEN","RUNNING","FLCLASH_CONNECTED","0","1","0","1","1","YES","YES","PRESENT","299","NONE","","","","WFC","0","0","0","0","0","1","1","1","1","WLAN (raw 2)","1"
"2026-09-23 14:14:59.722","HEALTHY","1","ACTIVE","ENABLED","ON","ON","YES","Tongji","true","3","ANYWHERE_SEEN","RUNNING","FLCLASH_CONNECTED","0","1","0","1","1","YES","YES","PRESENT","299","NONE","","","","WFC","0","0","0","0","0","1","1","1","1","WLAN (raw 2)","1"
"2026-09-23 14:15:10.370","HEALTHY","1","ACTIVE","ENABLED","ON","ON","YES","Tongji","true","3","ANYWHERE_SEEN","RUNNING","FLCLASH_CONNECTED","0","1","0","1","1","YES","YES","PRESENT","299","NONE","","","","WFC","0","0","0","0","0","1","1","1","1","WLAN (raw 2)","1"
"2026-09-23 14:15:19.831","HEALTHY","1","ACTIVE","ENABLED","ON","ON","YES","Tongji","true","3","ANYWHERE_SEEN","RUNNING","FLCLASH_CONNECTED","0","1","0","1","1","YES","YES","PRESENT","299","NONE","","","","WFC","0","0","0","0","0","1","1","1","1","WLAN (raw 2)","1"
"2026-09-23 14:15:29.695","HEALTHY","1","ACTIVE","ENABLED","ON","ON","YES","Tongji","true","3","ANYWHERE_SEEN","RUNNING","FLCLASH_CONNECTED","0","1","0","1","1","YES","YES","PRESENT","299","NONE","","","","WFC","0","0","0","0","0","1","1","1","1","WLAN (raw 2)","1"
"2026-09-23 14:15:44.245","HEALTHY","1","ACTIVE","ENABLED","ON","ON","YES","Tongji","true","3","ANYWHERE_SEEN","RUNNING","FLCLASH_CONNECTED","0","1","0","1","1","YES","YES","PRESENT","299","NONE","","","","WFC","0","0","0","0","0","1","1","1","1","WLAN (raw 2)","1"
"2026-09-23 14:15:57.185","HEALTHY","1","ACTIVE","ENABLED","ON","ON","YES","Tongji","true","3","ANYWHERE_SEEN","RUNNING","FLCLASH_CONNECTED","0","1","0","1","1","YES","YES","PRESENT","299","NONE","","","","WFC","0","0","0","0","0","1","1","1","1","WLAN (raw 2)","1"
"2026-09-23 14:16:07.813","HEALTHY","1","ACTIVE","ENABLED","ON","ON","YES","Tongji","true","3","ANYWHERE_SEEN","RUNNING","FLCLASH_CONNECTED","0","1","0","1","1","YES","YES","PRESENT","299","NONE","","","","WFC","0","0","0","0","0","1","1","1","1","WLAN (raw 2)","1"
"2026-09-23 14:16:17.900","HEALTHY","1","ACTIVE","ENABLED","ON","ON","YES","Tongji","true","3","ANYWHERE_SEEN","RUNNING","FLCLASH_CONNECTED","0","1","0","1","1","YES","YES","PRESENT","299","NONE","","","","WFC","0","0","0","0","0","1","1","1","1","WLAN (raw 2)","1"
"2026-09-23 14:16:29.221","HEALTHY","1","ACTIVE","ENABLED","ON","ON","YES","Tongji","true","3","ANYWHERE_SEEN","RUNNING","FLCLASH_CONNECTED","0","1","0","1","1","YES","YES","PRESENT","299","NONE","","","","WFC","0","0","0","0","0","1","1","1","1","WLAN (raw 2)","1"
"2026-09-23 14:16:40.314","HEALTHY","1","ACTIVE","ENABLED","ON","ON","YES","Tongji","true","3","ANYWHERE_SEEN","RUNNING","FLCLASH_CONNECTED","0","1","0","1","1","YES","YES","PRESENT","299","NONE","","","","WFC","0","0","0","0","0","1","1","1","1","WLAN (raw 2)","1"
"2026-09-23 14:16:53.047","HEALTHY","1","ACTIVE","ENABLED","ON","ON","YES","Tongji","true","3","ANYWHERE_SEEN","RUNNING","FLCLASH_CONNECTED","0","1","0","1","1","YES","YES","PRESENT","299","NONE","","","","WFC","0","0","0","0","0","1","1","1","1","WLAN (raw 2)","1"
"2026-09-23 14:17:05.675","HEALTHY","1","ACTIVE","ENABLED","ON","ON","YES","Tongji","true","3","ANYWHERE_SEEN","RUNNING","FLCLASH_CONNECTED","0","1","0","1","1","YES","YES","PRESENT","299","NONE","","","","WFC","0","0","0","0","0","1","1","1","1","WLAN (raw 2)","1"
"2026-09-23 14:17:17.498","HEALTHY","1","ACTIVE","ENABLED","ON","ON","YES","Tongji","true","3","ANYWHERE_SEEN","RUNNING","FLCLASH_CONNECTED","0","1","0","1","1","YES","YES","PRESENT","299","NONE","","","","WFC","0","0","0","0","0","1","1","1","1","WLAN (raw 2)","1"
"2026-09-23 14:17:28.694","P2","1","ACTIVE","ENABLED","ON","ON","YES","Tongji","true","3","ANYWHERE_SEEN","RUNNING","FLCLASH_CONNECTED","0","1","0","1","1","YES","NO","PRESENT","299","NONE","","","","CNE_REQUEST","0","0","0","0","0","0","0","0","0","UNKNOWN_-1 (raw -1)","0"
"2026-09-23 14:17:39.756","P2","1","ACTIVE","ENABLED","ON","ON","YES","Tongji","true","3","ANYWHERE_SEEN","RUNNING","FLCLASH_CONNECTED","0","1","0","1","1","YES","NO","PRESENT","299","NONE","","","","CNE_REQUEST","0","0","0","0","0","0","0","0","0","UNKNOWN_-1 (raw -1)","0"
"2026-09-23 14:17:50.994","P2","1","ACTIVE","ENABLED","ON","ON","YES","Tongji","true","3","ANYWHERE_SEEN","RUNNING","FLCLASH_CONNECTED","0","1","0","1","1","YES","NO","PRESENT","299","NONE","","","","CNE_REQUEST","0","0","0","0","0","0","0","0","0","UNKNOWN_-1 (raw -1)","0"
"2026-09-23 14:18:02.461","P2","1","ACTIVE","ENABLED","ON","ON","YES","Tongji","true","3","ANYWHERE_SEEN","RUNNING","FLCLASH_CONNECTED","0","1","0","1","1","YES","NO","PRESENT","299","NONE","","","","CNE_REQUEST","0","0","0","0","0","0","0","0","0","UNKNOWN_-1 (raw -1)","0"
"2026-09-23 14:18:12.364","P2","1","ACTIVE","ENABLED","ON","ON","YES","Tongji","true","3","ANYWHERE_SEEN","RUNNING","FLCLASH_CONNECTED","0","1","0","1","1","YES","NO","PRESENT","299","NONE","","","","CNE_REQUEST","0","0","0","0","0","0","0","0","0","UNKNOWN_-1 (raw -1)","0"
"2026-09-23 14:18:22.220","P2","1","ACTIVE","ENABLED","ON","ON","YES","Tongji","true","3","ANYWHERE_SEEN","RUNNING","FLCLASH_CONNECTED","0","1","0","1","1","YES","NO","PRESENT","299","NONE","","","","CNE_REQUEST","0","0","0","0","0","0","0","0","0","UNKNOWN_-1 (raw -1)","0"
"2026-09-23 14:18:31.832","P2","1","ACTIVE","ENABLED","ON","ON","YES","Tongji","true","3","ANYWHERE_SEEN","RUNNING","FLCLASH_CONNECTED","0","1","0","1","1","YES","NO","PRESENT","299","NONE","","","","CNE_REQUEST","0","0","0","0","0","0","0","0","0","UNKNOWN_-1 (raw -1)","0"
"2026-09-23 14:18:41.507","P2","1","ACTIVE","ENABLED","ON","ON","YES","Tongji","true","3","ANYWHERE_SEEN","RUNNING","FLCLASH_CONNECTED","0","1","0","1","1","YES","NO","PRESENT","299","NONE","","","","CNE_REQUEST","0","0","0","0","0","0","0","0","0","UNKNOWN_-1 (raw -1)","0"
"2026-09-23 14:18:54.255","P2","1","ACTIVE","ENABLED","ON","ON","YES","Tongji","true","3","ANYWHERE_SEEN","RUNNING","FLCLASH_CONNECTED","0","1","0","1","1","YES","NO","PRESENT","299","NONE","","","","CNE_REQUEST","0","0","0","0","0","0","0","0","0","UNKNOWN_-1 (raw -1)","0"
"2026-09-23 14:19:07.732","P2","1","ACTIVE","ENABLED","ON","ON","YES","Tongji","true","3","ANYWHERE_SEEN","RUNNING","FLCLASH_CONNECTED","0","1","0","1","1","YES","NO","PRESENT","299","NONE","","","","CNE_REQUEST","0","0","0","0","0","0","0","0","0","UNKNOWN_-1 (raw -1)","0"
"2026-09-23 14:19:18.696","P2","1","ACTIVE","ENABLED","ON","ON","YES","Tongji","true","3","ANYWHERE_SEEN","RUNNING","FLCLASH_CONNECTED","0","1","0","1","1","YES","NO","PRESENT","299","NONE","","","","CNE_REQUEST","0","0","0","0","0","0","0","0","0","UNKNOWN_-1 (raw -1)","0"
"2026-09-23 14:19:29.983","P2","1","ACTIVE","ENABLED","ON","ON","YES","Tongji","true","3","ANYWHERE_SEEN","RUNNING","FLCLASH_CONNECTED","0","1","0","1","1","YES","NO","PRESENT","299","NONE","","","","CNE_REQUEST","0","0","0","0","0","0","0","0","0","UNKNOWN_-1 (raw -1)","0"
"2026-09-23 14:19:40.217","P2","1","ACTIVE","ENABLED","ON","ON","YES","Tongji","true","3","ANYWHERE_SEEN","RUNNING","FLCLASH_CONNECTED","0","1","0","1","1","YES","NO","PRESENT","299","NONE","","","","CNE_REQUEST","0","0","0","0","0","0","0","0","0","UNKNOWN_-1 (raw -1)","0"
"2026-09-23 14:19:51.537","P2","1","ACTIVE","ENABLED","ON","ON","YES","Tongji","true","3","ANYWHERE_SEEN","RUNNING","FLCLASH_CONNECTED","0","1","0","1","1","YES","NO","PRESENT","299","NONE","","","","CNE_REQUEST","0","0","0","0","0","0","0","0","0","UNKNOWN_-1 (raw -1)","0"
"2026-09-23 14:20:02.744","P2","1","ACTIVE","ENABLED","ON","ON","YES","Tongji","true","3","ANYWHERE_SEEN","RUNNING","FLCLASH_CONNECTED","0","1","0","1","1","YES","NO","PRESENT","299","NONE","","","","CNE_REQUEST","0","0","0","0","0","0","0","0","0","UNKNOWN_-1 (raw -1)","0"
"2026-09-23 14:20:14.382","P2","1","ACTIVE","ENABLED","ON","ON","YES","Tongji","true","3","ANYWHERE_SEEN","RUNNING","FLCLASH_CONNECTED","0","1","0","1","1","YES","NO","PRESENT","299","NONE","","","","CNE_REQUEST","0","0","0","0","0","0","0","0","0","UNKNOWN_-1 (raw -1)","0"
"2026-09-23 14:20:26.322","P2","1","ACTIVE","ENABLED","ON","ON","YES","Tongji","true","3","ANYWHERE_SEEN","RUNNING","FLCLASH_CONNECTED","0","1","0","1","1","YES","NO","PRESENT","299","NONE","","","","CNE_REQUEST","0","0","0","0","0","0","0","0","0","UNKNOWN_-1 (raw -1)","0"
"2026-09-23 14:20:36.701","P2","1","ACTIVE","ENABLED","ON","ON","YES","Tongji","true","3","ANYWHERE_SEEN","RUNNING","FLCLASH_CONNECTED","0","1","0","1","1","YES","NO","PRESENT","299","NONE","","","","CNE_REQUEST","0","0","0","0","0","0","0","0","0","UNKNOWN_-1 (raw -1)","0"
"2026-09-23 14:20:50.798","P2","1","ACTIVE","ENABLED","ON","ON","YES","Tongji","true","3","ANYWHERE_SEEN","RUNNING","FLCLASH_CONNECTED","0","1","0","1","1","YES","NO","PRESENT","299","NONE","","","","CNE_REQUEST","0","0","0","0","0","0","0","0","0","UNKNOWN_-1 (raw -1)","0"
"2026-09-23 14:21:02.234","P1-F","1","ACTIVE","ENABLED","ON","ON","YES","Tongji","true","3","ANYWHERE_SEEN","RUNNING","FLCLASH_CONNECTED","0","1","0","1","1","NO","NO","NULL","null","NONE","","","","IWLAN_HOME","0","0","0","0","0","0","0","0","0","UNKNOWN_-1 (raw -1)","0"
"2026-09-23 14:21:15.081","P1-F","1","ACTIVE","ENABLED","ON","ON","YES","Tongji","true","3","ANYWHERE_SEEN","RUNNING","FLCLASH_CONNECTED","0","1","0","1","1","NO","NO","NULL","null","NONE","","","","IWLAN_HOME","0","0","0","0","0","0","0","0","0","UNKNOWN_-1 (raw -1)","0"
"2026-09-23 14:21:28.792","P1-F","1","ACTIVE","ENABLED","ON","ON","YES","Tongji","true","3","ANYWHERE_SEEN","RUNNING","FLCLASH_CONNECTED","0","1","0","1","1","NO","NO","NULL","null","NONE","","","","IWLAN_HOME","0","0","0","0","0","0","0","0","0","UNKNOWN_-1 (raw -1)","0"
"2026-09-23 14:21:38.850","P1-F","1","ACTIVE","ENABLED","ON","ON","YES","Tongji","true","3","ANYWHERE_SEEN","RUNNING","FLCLASH_CONNECTED","0","1","0","1","1","NO","NO","NULL","null","NONE","","","","IWLAN_HOME","0","0","0","0","0","0","0","0","0","UNKNOWN_-1 (raw -1)","0"
"2026-09-23 14:21:48.965","P1-F","1","ACTIVE","ENABLED","ON","ON","YES","Tongji","true","3","ANYWHERE_SEEN","RUNNING","FLCLASH_CONNECTED","0","1","0","1","1","NO","NO","NULL","null","NONE","","","","IWLAN_HOME","0","0","0","0","0","0","0","0","0","UNKNOWN_-1 (raw -1)","0"
"2026-09-23 14:22:03.387","P1-F","1","ACTIVE","ENABLED","ON","ON","YES","Tongji","true","3","ANYWHERE_SEEN","RUNNING","FLCLASH_CONNECTED","0","1","0","1","1","NO","NO","NULL","null","NONE","","","","IWLAN_HOME","0","0","0","0","0","0","0","0","0","UNKNOWN_-1 (raw -1)","0"
"2026-09-23 14:22:14.665","P1-F","1","ACTIVE","ENABLED","ON","ON","YES","Tongji","true","3","ANYWHERE_SEEN","RUNNING","FLCLASH_CONNECTED","0","1","0","1","1","NO","NO","NULL","null","NONE","","","","IWLAN_HOME","0","0","0","0","0","0","0","0","0","UNKNOWN_-1 (raw -1)","0"
"2026-09-23 14:22:27.586","P1-F","1","ACTIVE","ENABLED","ON","ON","YES","Tongji","true","3","ANYWHERE_SEEN","RUNNING","FLCLASH_CONNECTED","0","1","0","1","1","NO","NO","NULL","null","NONE","","","","IWLAN_HOME","0","0","0","0","0","0","0","0","0","UNKNOWN_-1 (raw -1)","0"
"2026-09-23 14:22:38.104","P1-F","1","ACTIVE","ENABLED","ON","ON","YES","Tongji","true","3","ANYWHERE_SEEN","RUNNING","FLCLASH_CONNECTED","0","1","0","1","1","NO","NO","NULL","null","NONE","","","","IWLAN_HOME","0","0","0","0","0","0","0","0","0","UNKNOWN_-1 (raw -1)","0"
"2026-09-23 14:22:49.604","P1-F","1","ACTIVE","ENABLED","ON","ON","YES","Tongji","true","3","ANYWHERE_SEEN","RUNNING","FLCLASH_CONNECTED","0","1","0","1","1","NO","NO","NULL","null","NONE","","","","IWLAN_HOME","0","0","0","0","0","0","0","0","0","UNKNOWN_-1 (raw -1)","0"
"2026-09-23 14:23:03.262","P1-F","1","ACTIVE","ENABLED","ON","ON","YES","Tongji","true","3","ANYWHERE_SEEN","RUNNING","FLCLASH_CONNECTED","0","1","0","1","1","NO","NO","NULL","null","NONE","","","","IWLAN_HOME","0","0","0","0","0","0","0","0","0","UNKNOWN_-1 (raw -1)","0"
"2026-09-23 14:23:15.466","P1-F","1","ACTIVE","ENABLED","ON","ON","YES","Tongji","true","3","ANYWHERE_SEEN","RUNNING","FLCLASH_CONNECTED","0","1","0","1","1","NO","NO","NULL","null","NONE","","","","IWLAN_HOME","0","0","0","0","0","0","0","0","0","UNKNOWN_-1 (raw -1)","0"
"2026-09-23 14:23:26.952","P1-F","1","ACTIVE","ENABLED","ON","ON","YES","Tongji","true","3","ANYWHERE_SEEN","RUNNING","FLCLASH_CONNECTED","0","1","0","1","1","NO","NO","NULL","null","NONE","","","","IWLAN_HOME","0","0","0","0","0","0","0","0","0","UNKNOWN_-1 (raw -1)","0"
"2026-09-23 14:23:38.314","P1-F","1","ACTIVE","ENABLED","ON","ON","YES","Tongji","true","3","ANYWHERE_SEEN","RUNNING","FLCLASH_CONNECTED","0","1","0","1","1","NO","NO","NULL","null","NONE","","","","IWLAN_HOME","0","0","0","0","0","0","0","0","0","UNKNOWN_-1 (raw -1)","0"
"2026-09-23 14:23:49.751","P1-F","1","ACTIVE","ENABLED","ON","ON","YES","Tongji","true","3","ANYWHERE_SEEN","RUNNING","FLCLASH_CONNECTED","0","1","0","1","1","NO","NO","NULL","null","NONE","","","","IWLAN_HOME","0","0","0","0","0","0","0","0","0","UNKNOWN_-1 (raw -1)","0"
"2026-09-23 14:24:00.774","P1-F","1","ACTIVE","ENABLED","ON","ON","YES","Tongji","true","3","ANYWHERE_SEEN","RUNNING","FLCLASH_CONNECTED","0","1","0","1","1","NO","NO","NULL","null","NONE","","","","IWLAN_HOME","0","0","0","0","0","0","0","0","0","UNKNOWN_-1 (raw -1)","0"
"2026-09-23 14:24:10.515","P1-F","1","ACTIVE","ENABLED","ON","ON","YES","Tongji","true","3","ANYWHERE_SEEN","RUNNING","FLCLASH_CONNECTED","0","1","0","1","1","NO","NO","NULL","null","NONE","","","","IWLAN_HOME","0","0","0","0","0","0","0","0","0","UNKNOWN_-1 (raw -1)","0"
"2026-09-23 14:24:20.357","P1-F","1","ACTIVE","ENABLED","ON","ON","YES","Tongji","true","3","ANYWHERE_SEEN","RUNNING","FLCLASH_CONNECTED","0","1","0","1","1","NO","NO","NULL","null","NONE","","","","IWLAN_HOME","0","0","0","0","0","0","0","0","0","UNKNOWN_-1 (raw -1)","0"
"2026-09-23 14:24:30.361","P1-F","1","ACTIVE","ENABLED","ON","ON","YES","Tongji","true","3","ANYWHERE_SEEN","RUNNING","FLCLASH_CONNECTED","0","1","0","1","1","NO","NO","NULL","null","NONE","","","","IWLAN_HOME","0","0","0","0","0","0","0","0","0","UNKNOWN_-1 (raw -1)","0"
"2026-09-23 14:24:43.935","P1-F","1","ACTIVE","ENABLED","ON","ON","YES","Tongji","true","3","ANYWHERE_SEEN","RUNNING","FLCLASH_CONNECTED","0","1","0","1","1","NO","NO","NULL","null","NONE","","","","IWLAN_HOME","0","0","0","0","0","0","0","0","0","UNKNOWN_-1 (raw -1)","0"
"2026-09-23 14:24:57.057","P1-F","1","ACTIVE","ENABLED","ON","ON","YES","Tongji","true","3","ANYWHERE_SEEN","RUNNING","FLCLASH_CONNECTED","0","1","0","1","1","NO","NO","NULL","null","NONE","","","","IWLAN_HOME","0","0","0","0","0","0","0","0","0","UNKNOWN_-1 (raw -1)","0"
"2026-09-23 14:25:09.053","P1-F","1","ACTIVE","ENABLED","ON","ON","YES","Tongji","true","3","ANYWHERE_SEEN","RUNNING","FLCLASH_CONNECTED","0","1","0","1","1","NO","NO","NULL","null","NONE","","","","IWLAN_HOME","0","0","0","0","0","0","0","0","0","UNKNOWN_-1 (raw -1)","0"
"2026-09-23 14:25:21.762","P1-F","1","ACTIVE","ENABLED","ON","ON","YES","Tongji","true","3","ANYWHERE_SEEN","RUNNING","FLCLASH_CONNECTED","0","1","0","1","1","NO","NO","NULL","null","NONE","","","","IWLAN_HOME","0","0","0","0","0","0","0","0","0","UNKNOWN_-1 (raw -1)","0"
"2026-09-23 14:25:32.447","P1-F","1","ACTIVE","ENABLED","ON","ON","YES","Tongji","true","3","ANYWHERE_SEEN","RUNNING","FLCLASH_CONNECTED","0","1","0","1","1","NO","NO","NULL","null","NONE","","","","IWLAN_HOME","0","0","0","0","0","0","0","0","0","UNKNOWN_-1 (raw -1)","0"
"2026-09-23 14:25:42.495","P1-F","1","ACTIVE","ENABLED","ON","ON","YES","Tongji","true","3","ANYWHERE_SEEN","RUNNING","FLCLASH_CONNECTED","0","1","0","1","1","NO","NO","NULL","null","NONE","","","","IWLAN_HOME","0","0","0","0","0","0","0","0","0","UNKNOWN_-1 (raw -1)","0"
"2026-09-23 14:25:53.065","P1-F","1","ACTIVE","ENABLED","ON","ON","YES","Tongji","true","3","ANYWHERE_SEEN","RUNNING","FLCLASH_CONNECTED","0","1","0","1","1","NO","NO","NULL","null","NONE","","","","IWLAN_HOME","0","0","0","0","0","0","0","0","0","UNKNOWN_-1 (raw -1)","0"
"2026-09-23 14:26:02.784","P1-F","1","ACTIVE","ENABLED","ON","ON","YES","Tongji","true","3","ANYWHERE_SEEN","RUNNING","FLCLASH_CONNECTED","0","1","0","1","1","NO","NO","NULL","null","NONE","","","","IWLAN_HOME","0","0","0","0","0","0","0","0","0","UNKNOWN_-1 (raw -1)","0"
"2026-09-23 14:26:12.938","P1-F","1","ACTIVE","ENABLED","ON","ON","YES","Tongji","true","3","ANYWHERE_SEEN","RUNNING","FLCLASH_CONNECTED","0","1","0","1","1","NO","NO","NULL","null","NONE","","","","IWLAN_HOME","0","0","0","0","0","0","0","0","0","UNKNOWN_-1 (raw -1)","0"
"2026-09-23 14:26:22.855","P1-F","1","ACTIVE","ENABLED","ON","ON","YES","Tongji","true","3","ANYWHERE_SEEN","RUNNING","FLCLASH_CONNECTED","0","1","0","1","1","NO","NO","NULL","null","NONE","","","","IWLAN_HOME","0","0","0","0","0","0","0","0","0","UNKNOWN_-1 (raw -1)","0"
"2026-09-23 14:26:32.783","P1-F","1","ACTIVE","ENABLED","ON","ON","YES","Tongji","true","3","ANYWHERE_SEEN","RUNNING","FLCLASH_CONNECTED","0","1","0","1","1","NO","NO","NULL","null","NONE","","","","IWLAN_HOME","0","0","0","0","0","0","0","0","0","UNKNOWN_-1 (raw -1)","0"
"2026-09-23 14:26:43.156","P1-F","1","ACTIVE","ENABLED","ON","ON","YES","Tongji","true","3","ANYWHERE_SEEN","RUNNING","FLCLASH_CONNECTED","0","1","0","1","1","NO","NO","NULL","null","NONE","","","","IWLAN_HOME","0","0","0","0","0","0","0","0","0","UNKNOWN_-1 (raw -1)","0"
"2026-09-23 14:26:55.246","P1-F","1","ACTIVE","ENABLED","ON","ON","YES","Tongji","true","3","ANYWHERE_SEEN","RUNNING","FLCLASH_CONNECTED","0","1","0","1","1","NO","NO","NULL","null","NONE","","","","IWLAN_HOME","0","0","0","0","0","0","0","0","0","UNKNOWN_-1 (raw -1)","0"
"2026-09-23 14:27:05.606","P1-F","1","ACTIVE","ENABLED","ON","ON","YES","Tongji","true","3","ANYWHERE_SEEN","RUNNING","FLCLASH_CONNECTED","0","1","0","1","1","NO","NO","NULL","null","NONE","","","","IWLAN_HOME","0","0","0","0","0","0","0","0","0","UNKNOWN_-1 (raw -1)","0"
"2026-09-23 14:27:15.463","P1-F","1","ACTIVE","ENABLED","ON","ON","YES","Tongji","true","3","ANYWHERE_SEEN","RUNNING","FLCLASH_CONNECTED","0","1","0","1","1","NO","NO","NULL","null","NONE","","","","IWLAN_HOME","0","0","0","0","0","0","0","0","0","UNKNOWN_-1 (raw -1)","0"
"2026-09-23 14:27:25.227","P1-F","1","ACTIVE","ENABLED","ON","ON","YES","Tongji","true","3","ANYWHERE_SEEN","RUNNING","FLCLASH_CONNECTED","0","1","0","1","1","NO","NO","NULL","null","NONE","","","","IWLAN_HOME","0","0","0","0","0","0","0","0","0","UNKNOWN_-1 (raw -1)","0"
"2026-09-23 14:27:35.641","P1-F","1","ACTIVE","ENABLED","ON","ON","YES","Tongji","true","3","ANYWHERE_SEEN","RUNNING","FLCLASH_CONNECTED","0","1","0","1","1","NO","NO","NULL","null","NONE","","","","IWLAN_HOME","0","0","0","0","0","0","0","0","0","UNKNOWN_-1 (raw -1)","0"
"2026-09-23 14:27:45.946","P1-F","1","ACTIVE","ENABLED","ON","ON","YES","Tongji","true","3","ANYWHERE_SEEN","RUNNING","FLCLASH_CONNECTED","0","1","0","1","1","NO","NO","NULL","null","NONE","","","","IWLAN_HOME","0","0","0","0","0","0","0","0","0","UNKNOWN_-1 (raw -1)","0"
"2026-09-23 14:27:59.516","P1-F","1","ACTIVE","ENABLED","ON","ON","YES","Tongji","true","3","ANYWHERE_SEEN","RUNNING","FLCLASH_CONNECTED","0","1","0","1","1","NO","NO","NULL","null","NONE","","","","IWLAN_HOME","0","0","0","0","0","0","0","0","0","UNKNOWN_-1 (raw -1)","0"
"2026-09-23 14:28:14.904","P1-F","1","ACTIVE","ENABLED","ON","ON","YES","Tongji","true","3","ANYWHERE_SEEN","RUNNING","FLCLASH_CONNECTED","0","1","0","1","1","NO","NO","NULL","null","NONE","","","","IWLAN_HOME","0","0","0","0","0","0","0","0","0","UNKNOWN_-1 (raw -1)","0"
"2026-09-23 14:28:25.073","P1-F","1","ACTIVE","ENABLED","ON","ON","YES","Tongji","true","3","ANYWHERE_SEEN","RUNNING","FLCLASH_CONNECTED","0","1","0","1","1","NO","NO","NULL","null","NONE","","","","IWLAN_HOME","0","0","0","0","0","0","0","0","0","UNKNOWN_-1 (raw -1)","0"
"2026-09-23 14:28:37.544","P1-F","1","ACTIVE","ENABLED","ON","ON","YES","Tongji","true","3","ANYWHERE_SEEN","RUNNING","FLCLASH_CONNECTED","0","1","0","1","1","NO","NO","NULL","null","NONE","","","","IWLAN_HOME","0","0","0","0","0","0","0","0","0","UNKNOWN_-1 (raw -1)","0"
"2026-09-23 14:28:48.162","P1-F","1","ACTIVE","ENABLED","ON","ON","YES","Tongji","true","3","ANYWHERE_SEEN","RUNNING","FLCLASH_CONNECTED","0","1","0","1","1","NO","NO","NULL","null","NONE","","","","IWLAN_HOME","0","0","0","0","0","0","0","0","0","UNKNOWN_-1 (raw -1)","0"
"2026-09-23 14:29:00.708","P1-F","1","ACTIVE","ENABLED","ON","ON","YES","Tongji","true","3","ANYWHERE_SEEN","RUNNING","FLCLASH_CONNECTED","0","1","0","1","1","NO","NO","NULL","null","NONE","","","","IWLAN_HOME","0","0","0","0","0","0","0","0","0","UNKNOWN_-1 (raw -1)","0"
"2026-09-23 14:29:15.623","P1-F","1","ACTIVE","ENABLED","ON","ON","YES","Tongji","true","3","ANYWHERE_SEEN","RUNNING","FLCLASH_CONNECTED","0","1","0","1","1","NO","NO","NULL","null","NONE","","","","IWLAN_HOME","0","0","0","0","0","0","0","0","0","UNKNOWN_-1 (raw -1)","0"
"2026-09-23 14:29:27.351","P1-F","1","ACTIVE","ENABLED","ON","ON","YES","Tongji","true","3","ANYWHERE_SEEN","RUNNING","FLCLASH_CONNECTED","0","1","0","1","1","NO","NO","NULL","null","NONE","","","","IWLAN_HOME","0","0","0","0","0","0","0","0","0","UNKNOWN_-1 (raw -1)","0"
"2026-09-23 14:29:39.208","P1-F","1","ACTIVE","ENABLED","ON","ON","YES","Tongji","true","3","ANYWHERE_SEEN","RUNNING","FLCLASH_CONNECTED","0","1","0","1","1","NO","NO","NULL","null","NONE","","","","IWLAN_HOME","0","0","0","0","0","0","0","0","0","UNKNOWN_-1 (raw -1)","0"
"2026-09-23 14:29:49.658","P1-F","1","ACTIVE","ENABLED","ON","ON","YES","Tongji","true","3","ANYWHERE_SEEN","RUNNING","FLCLASH_CONNECTED","0","1","0","1","1","NO","NO","NULL","null","NONE","","","","IWLAN_HOME","0","0","0","0","0","0","0","0","0","UNKNOWN_-1 (raw -1)","0"
"2026-09-23 14:30:00.771","P1-F","1","ACTIVE","ENABLED","ON","ON","YES","Tongji","true","3","ANYWHERE_SEEN","RUNNING","FLCLASH_CONNECTED","0","1","0","1","1","NO","NO","NULL","null","NONE","","","","IWLAN_HOME","0","0","0","0","0","0","0","0","0","UNKNOWN_-1 (raw -1)","0"
"2026-09-23 14:30:10.314","P1-F","1","ACTIVE","ENABLED","ON","ON","YES","Tongji","true","3","ANYWHERE_SEEN","RUNNING","FLCLASH_CONNECTED","0","1","0","1","1","NO","NO","NULL","null","NONE","","","","IWLAN_HOME","0","0","0","0","0","0","0","0","0","UNKNOWN_-1 (raw -1)","0"
"2026-09-23 14:30:20.336","P1-F","1","ACTIVE","ENABLED","ON","ON","YES","Tongji","true","3","ANYWHERE_SEEN","RUNNING","FLCLASH_CONNECTED","0","1","0","1","1","NO","NO","NULL","null","NONE","","","","IWLAN_HOME","0","0","0","0","0","0","0","0","0","UNKNOWN_-1 (raw -1)","0"
"2026-09-23 14:30:32.195","P1-F","1","ACTIVE","ENABLED","ON","ON","YES","Tongji","true","3","ANYWHERE_SEEN","RUNNING","FLCLASH_CONNECTED","0","1","0","1","1","NO","NO","NULL","null","NONE","","","","IWLAN_HOME","0","0","0","0","0","0","0","0","0","UNKNOWN_-1 (raw -1)","0"
"2026-09-23 14:30:49.236","P1-F","1","ACTIVE","ENABLED","ON","ON","YES","Tongji","true","3","ANYWHERE_SEEN","RUNNING","FLCLASH_CONNECTED","0","1","0","1","1","NO","NO","NULL","null","NONE","","","","IWLAN_HOME","0","0","0","0","0","0","0","0","0","UNKNOWN_-1 (raw -1)","0"
"2026-09-23 14:31:01.003","P1-F","1","ACTIVE","ENABLED","ON","ON","YES","Tongji","true","3","ANYWHERE_SEEN","RUNNING","FLCLASH_CONNECTED","0","1","0","1","1","NO","NO","NULL","null","NONE","","","","IWLAN_HOME","0","0","0","0","0","0","0","0","0","UNKNOWN_-1 (raw -1)","0"
"2026-09-23 14:31:11.755","P1-F","1","ACTIVE","ENABLED","ON","ON","YES","Tongji","true","3","ANYWHERE_SEEN","RUNNING","FLCLASH_CONNECTED","0","1","0","1","1","NO","NO","NULL","null","NONE","","","","IWLAN_HOME","0","0","0","0","0","0","0","0","0","UNKNOWN_-1 (raw -1)","0"
"2026-09-23 14:31:21.946","P1-F","1","ACTIVE","ENABLED","ON","ON","YES","Tongji","true","3","ANYWHERE_SEEN","RUNNING","FLCLASH_CONNECTED","0","1","0","1","1","NO","NO","NULL","null","NONE","","","","IWLAN_HOME","0","0","0","0","0","0","0","0","0","UNKNOWN_-1 (raw -1)","0"
"2026-09-23 14:31:33.278","P1-F","1","ACTIVE","ENABLED","ON","ON","YES","Tongji","true","3","ANYWHERE_SEEN","RUNNING","FLCLASH_CONNECTED","0","1","0","1","1","NO","NO","NULL","null","NONE","","","","IWLAN_HOME","0","0","0","0","0","0","0","0","0","UNKNOWN_-1 (raw -1)","0"
"2026-09-23 14:31:44.394","P1-F","1","ACTIVE","ENABLED","ON","ON","YES","Tongji","true","3","ANYWHERE_SEEN","RUNNING","FLCLASH_CONNECTED","0","1","0","1","1","NO","NO","NULL","null","NONE","","","","IWLAN_HOME","0","0","0","0","0","0","0","0","0","UNKNOWN_-1 (raw -1)","0"
"2026-09-23 14:31:53.936","P1-F","1","ACTIVE","ENABLED","ON","ON","YES","Tongji","true","3","ANYWHERE_SEEN","RUNNING","FLCLASH_CONNECTED","0","1","0","1","1","NO","NO","NULL","null","NONE","","","","IWLAN_HOME","0","0","0","0","0","0","0","0","0","UNKNOWN_-1 (raw -1)","0"
"2026-09-23 14:32:04.212","P1-F","1","ACTIVE","ENABLED","ON","ON","YES","Tongji","true","3","ANYWHERE_SEEN","RUNNING","FLCLASH_CONNECTED","0","1","0","1","1","NO","NO","NULL","null","NONE","","","","IWLAN_HOME","0","0","0","0","0","0","0","0","0","UNKNOWN_-1 (raw -1)","0"
"2026-09-23 14:32:14.281","P1-F","1","ACTIVE","ENABLED","ON","ON","YES","Tongji","true","3","ANYWHERE_SEEN","RUNNING","FLCLASH_CONNECTED","0","1","0","1","1","NO","NO","NULL","null","NONE","","","","IWLAN_HOME","0","0","0","0","0","0","0","0","0","UNKNOWN_-1 (raw -1)","0"
"2026-09-23 14:32:24.362","P1-F","1","ACTIVE","ENABLED","ON","ON","YES","Tongji","true","3","ANYWHERE_SEEN","RUNNING","FLCLASH_CONNECTED","0","1","0","1","1","NO","NO","NULL","null","NONE","","","","IWLAN_HOME","0","0","0","0","0","0","0","0","0","UNKNOWN_-1 (raw -1)","0"
"2026-09-23 14:32:35.261","P1-F","1","ACTIVE","ENABLED","ON","ON","YES","Tongji","true","3","ANYWHERE_SEEN","RUNNING","FLCLASH_CONNECTED","0","1","0","1","1","NO","NO","NULL","null","NONE","","","","IWLAN_HOME","0","0","0","0","0","0","0","0","0","UNKNOWN_-1 (raw -1)","0"
"2026-09-23 14:32:45.450","P1-F","1","ACTIVE","ENABLED","ON","ON","YES","Tongji","true","3","ANYWHERE_SEEN","RUNNING","FLCLASH_CONNECTED","0","1","0","1","1","NO","NO","NULL","null","NONE","","","","IWLAN_HOME","0","0","0","0","0","0","0","0","0","UNKNOWN_-1 (raw -1)","0"
"2026-09-23 14:32:55.038","P1-F","1","ACTIVE","ENABLED","ON","ON","YES","Tongji","true","3","ANYWHERE_SEEN","RUNNING","FLCLASH_CONNECTED","0","1","0","1","1","NO","NO","NULL","null","NONE","","","","IWLAN_HOME","0","0","0","0","0","0","0","0","0","UNKNOWN_-1 (raw -1)","0"
"2026-09-23 14:33:06.882","P1-F","1","ACTIVE","ENABLED","ON","ON","YES","Tongji","true","3","ANYWHERE_SEEN","RUNNING","FLCLASH_CONNECTED","0","1","0","1","1","NO","NO","NULL","null","NONE","","","","IWLAN_HOME","0","0","0","0","0","0","0","0","0","UNKNOWN_-1 (raw -1)","0"
"2026-09-23 14:33:21.025","P1-F","1","ACTIVE","ENABLED","ON","ON","YES","Tongji","true","3","ANYWHERE_SEEN","RUNNING","FLCLASH_CONNECTED","0","1","0","1","1","NO","NO","NULL","null","NONE","","","","IWLAN_HOME","0","0","0","0","0","0","0","0","0","UNKNOWN_-1 (raw -1)","0"
"2026-09-23 14:33:36.605","P1-F","1","ACTIVE","ENABLED","ON","ON","YES","Tongji","true","3","ANYWHERE_SEEN","RUNNING","FLCLASH_CONNECTED","0","1","0","1","1","NO","NO","NULL","null","NONE","","","","IWLAN_HOME","0","0","0","0","0","0","0","0","0","UNKNOWN_-1 (raw -1)","0"
"2026-09-23 14:33:48.624","P1-F","1","ACTIVE","ENABLED","ON","ON","YES","Tongji","true","3","ANYWHERE_SEEN","RUNNING","FLCLASH_CONNECTED","0","1","0","1","1","NO","NO","NULL","null","NONE","","","","IWLAN_HOME","0","0","0","0","0","0","0","0","0","UNKNOWN_-1 (raw -1)","0"
"2026-09-23 14:33:58.816","P1-F","1","ACTIVE","ENABLED","ON","ON","YES","Tongji","true","3","ANYWHERE_SEEN","RUNNING","FLCLASH_CONNECTED","0","1","0","1","1","NO","NO","NULL","null","NONE","","","","IWLAN_HOME","0","0","0","0","0","0","0","0","0","UNKNOWN_-1 (raw -1)","0"
"2026-09-23 14:34:08.876","P1-F","1","ACTIVE","ENABLED","ON","ON","YES","Tongji","true","3","ANYWHERE_SEEN","RUNNING","FLCLASH_CONNECTED","0","1","0","1","1","NO","NO","NULL","null","NONE","","","","IWLAN_HOME","0","0","0","0","0","0","0","0","0","UNKNOWN_-1 (raw -1)","0"
"2026-09-23 14:34:19.300","P1-F","1","ACTIVE","ENABLED","ON","ON","YES","Tongji","true","3","ANYWHERE_SEEN","RUNNING","FLCLASH_CONNECTED","0","1","0","1","1","NO","NO","NULL","null","NONE","","","","IWLAN_HOME","0","0","0","0","0","0","0","0","0","UNKNOWN_-1 (raw -1)","0"
"2026-09-23 14:34:31.217","P1-F","1","ACTIVE","ENABLED","ON","ON","YES","Tongji","true","3","ANYWHERE_SEEN","RUNNING","FLCLASH_CONNECTED","0","1","0","1","1","NO","NO","NULL","null","NONE","","","","IWLAN_HOME","0","0","0","0","0","0","0","0","0","UNKNOWN_-1 (raw -1)","0"
"2026-09-23 14:34:41.609","P1-F","1","ACTIVE","ENABLED","ON","ON","YES","Tongji","true","3","ANYWHERE_SEEN","RUNNING","FLCLASH_CONNECTED","0","1","0","1","1","NO","NO","NULL","null","NONE","","","","IWLAN_HOME","0","0","0","0","0","0","0","0","0","UNKNOWN_-1 (raw -1)","0"
"2026-09-23 14:34:51.653","P1-F","1","ACTIVE","ENABLED","ON","ON","YES","Tongji","true","3","ANYWHERE_SEEN","RUNNING","FLCLASH_CONNECTED","0","1","0","1","1","NO","NO","NULL","null","NONE","","","","IWLAN_HOME","0","0","0","0","0","0","0","0","0","UNKNOWN_-1 (raw -1)","0"
"2026-09-23 14:35:01.494","P1-F","1","ACTIVE","ENABLED","ON","ON","YES","Tongji","true","3","ANYWHERE_SEEN","RUNNING","FLCLASH_CONNECTED","0","1","0","1","1","NO","NO","NULL","null","NONE","","","","IWLAN_HOME","0","0","0","0","0","0","0","0","0","UNKNOWN_-1 (raw -1)","0"
"2026-09-23 14:35:12.351","P1-F","1","ACTIVE","ENABLED","ON","ON","YES","Tongji","true","3","ANYWHERE_SEEN","RUNNING","FLCLASH_CONNECTED","0","1","0","1","1","NO","NO","NULL","null","NONE","","","","IWLAN_HOME","0","0","0","0","0","0","0","0","0","UNKNOWN_-1 (raw -1)","0"
"2026-09-23 14:35:21.978","P1-F","1","ACTIVE","ENABLED","ON","ON","YES","Tongji","true","3","ANYWHERE_SEEN","RUNNING","FLCLASH_CONNECTED","0","1","0","1","1","NO","NO","NULL","null","NONE","","","","IWLAN_HOME","0","0","0","0","0","0","0","0","0","UNKNOWN_-1 (raw -1)","0"
"2026-09-23 14:35:31.616","P1-F","1","ACTIVE","ENABLED","ON","ON","YES","Tongji","true","3","ANYWHERE_SEEN","RUNNING","FLCLASH_CONNECTED","0","1","0","1","1","NO","NO","NULL","null","NONE","","","","IWLAN_HOME","0","0","0","0","0","0","0","0","0","UNKNOWN_-1 (raw -1)","0"
"2026-09-23 14:35:41.267","P1-F","1","ACTIVE","ENABLED","ON","ON","YES","Tongji","true","3","ANYWHERE_SEEN","RUNNING","FLCLASH_CONNECTED","0","1","0","1","1","NO","NO","NULL","null","NONE","","","","IWLAN_HOME","0","0","0","0","0","0","0","0","0","UNKNOWN_-1 (raw -1)","0"
"2026-09-23 14:35:56.242","P1-F","1","ACTIVE","ENABLED","ON","ON","YES","Tongji","true","3","ANYWHERE_SEEN","RUNNING","FLCLASH_CONNECTED","0","1","0","1","1","NO","NO","NULL","null","NONE","","","","IWLAN_HOME","0","0","0","0","0","0","0","0","0","UNKNOWN_-1 (raw -1)","0"
"2026-09-23 14:36:14.027","P1-F","1","ACTIVE","ENABLED","ON","ON","YES","Tongji","true","3","ANYWHERE_SEEN","RUNNING","FLCLASH_CONNECTED","0","1","0","1","1","NO","NO","NULL","null","NONE","","","","IWLAN_HOME","0","0","0","0","0","0","0","0","0","UNKNOWN_-1 (raw -1)","0"
"2026-09-23 14:36:25.108","P1-F","1","ACTIVE","ENABLED","ON","ON","YES","Tongji","true","3","ANYWHERE_SEEN","RUNNING","FLCLASH_CONNECTED","0","1","0","1","1","NO","NO","NULL","null","NONE","","","","IWLAN_HOME","0","0","0","0","0","0","0","0","0","UNKNOWN_-1 (raw -1)","0"
"2026-09-23 14:36:37.060","P1-F","1","ACTIVE","ENABLED","ON","ON","YES","Tongji","true","3","ANYWHERE_SEEN","RUNNING","FLCLASH_CONNECTED","0","1","0","1","1","NO","NO","NULL","null","NONE","","","","IWLAN_HOME","0","0","0","0","0","0","0","0","0","UNKNOWN_-1 (raw -1)","0"
"2026-09-23 14:36:46.708","P1-F","1","ACTIVE","ENABLED","ON","ON","YES","Tongji","true","3","ANYWHERE_SEEN","RUNNING","FLCLASH_CONNECTED","0","1","0","1","1","NO","NO","NULL","null","NONE","","","","IWLAN_HOME","0","0","0","0","0","0","0","0","0","UNKNOWN_-1 (raw -1)","0"
"2026-09-23 14:37:12.288","SIM_ABSENT","null","INACTIVE","UNKNOWN","UNKNOWN","UNKNOWN","UNKNOWN","","UNKNOWN","UNKNOWN","UNKNOWN","NOT_RUNNING","NOT_CONNECTED","0","0","0","0","0","NO","NO","NULL","null","NONE","","","","NONE","0","0","0","0","0","0","0","0","0","UNKNOWN (raw null)","0"
"2026-09-23 14:37:23.334","SIM_ABSENT","-1","INACTIVE","UNKNOWN","ON","ON","YES","Tongji","true","3","NONE","NOT_RUNNING","NOT_CONNECTED","0","0","0","0","0","NO","NO","NULL","null","NONE","","","","NONE","0","0","0","0","0","0","0","0","0","UNKNOWN_-1 (raw -1)","0"
"2026-09-23 14:37:39.766","P1-F","1","ACTIVE","ENABLED","ON","ON","YES","Tongji","true","3","ANYWHERE_SEEN","RUNNING","NOT_CONNECTED","0","1","0","1","1","NO","NO","NULL","null","NONE","","","","IWLAN_HOME","0","0","0","0","0","0","0","1","0","UNKNOWN_-1 (raw -1)","0"
"2026-09-23 14:37:50.151","P1-F","1","ACTIVE","ENABLED","ON","ON","YES","Tongji","true","3","ANYWHERE_SEEN","RUNNING","FLCLASH_CONNECTED","0","1","0","1","1","NO","NO","NULL","null","NONE","","","","IWLAN_HOME","0","0","0","0","0","0","0","1","0","UNKNOWN_-1 (raw -1)","0"
"2026-09-23 14:38:00.532","P1-F","1","ACTIVE","ENABLED","OFF","ON","YES","Tongji","true","3","ANYWHERE_SEEN","RUNNING","FLCLASH_CONNECTED","0","1","1","1","0","NO","NO","NULL","null","NONE","","","","IWLAN_HOME","0","0","0","0","0","0","0","1","0","UNKNOWN_-1 (raw -1)","0"
"2026-09-23 14:38:10.282","PRE-P1","1","ACTIVE","ENABLED","OFF","ON","YES","Tongji","true","3","ANYWHERE_SEEN","RUNNING","FLCLASH_CONNECTED","1","1","1","0","0","NO","NO","NULL","null","NONE","","","","IWLAN_HOME","0","0","0","0","0","0","0","1","0","UNKNOWN_-1 (raw -1)","0"
"2026-09-23 14:38:21.532","P0","1","ACTIVE","ENABLED","ON","ON","NO","","true","3","ANYWHERE_SEEN","RUNNING","FLCLASH_CONNECTED","0","0","0","0","0","NO","NO","NULL","null","NONE","","","","NONE","0","0","0","0","0","0","0","1","0","UNKNOWN_-1 (raw -1)","0"
"2026-09-23 14:38:31.067","P1-F","1","ACTIVE","ENABLED","ON","ON","YES","Tongji","true","3","ANYWHERE_SEEN","RUNNING","FLCLASH_CONNECTED","0","1","0","1","1","NO","NO","NULL","null","NONE","","","","IWLAN_HOME","0","0","0","0","0","0","0","1","0","UNKNOWN_-1 (raw -1)","0"
"2026-09-23 14:38:40.656","P1-F","1","ACTIVE","ENABLED","ON","ON","YES","Tongji","true","3","ANYWHERE_SEEN","RUNNING","FLCLASH_CONNECTED","0","1","0","1","1","NO","NO","NULL","null","NONE","","","","IWLAN_HOME","0","0","0","0","0","0","0","1","0","UNKNOWN_-1 (raw -1)","0"
"2026-09-23 14:38:50.060","P1-F","1","ACTIVE","ENABLED","ON","ON","YES","Tongji","true","3","ANYWHERE_SEEN","RUNNING","FLCLASH_CONNECTED","0","1","0","1","1","NO","NO","NULL","null","NONE","","","","IWLAN_HOME","0","0","0","0","0","0","0","1","0","UNKNOWN_-1 (raw -1)","0"
"2026-09-23 14:39:00.765","P1-F","1","ACTIVE","ENABLED","ON","ON","YES","Tongji","true","3","ANYWHERE_SEEN","RUNNING","FLCLASH_CONNECTED","0","1","0","1","1","NO","NO","NULL","null","NONE","","","","IWLAN_HOME","0","0","0","0","0","0","0","1","0","UNKNOWN_-1 (raw -1)","0"
"2026-09-23 14:39:11.264","P1-F","1","ACTIVE","ENABLED","ON","ON","YES","Tongji","true","3","ANYWHERE_SEEN","RUNNING","FLCLASH_CONNECTED","0","1","0","1","1","NO","NO","NULL","null","NONE","","","","IWLAN_HOME","0","0","0","0","0","0","0","1","0","UNKNOWN_-1 (raw -1)","0"
"2026-09-23 14:39:22.011","P1-F","1","ACTIVE","ENABLED","ON","ON","YES","Tongji","true","3","ANYWHERE_SEEN","RUNNING","FLCLASH_CONNECTED","0","1","0","1","1","NO","NO","NULL","null","NONE","","","","IWLAN_HOME","0","0","0","0","0","0","0","1","0","UNKNOWN_-1 (raw -1)","0"
"2026-09-23 14:39:32.141","P1-F","1","ACTIVE","ENABLED","ON","ON","YES","Tongji","true","3","ANYWHERE_SEEN","RUNNING","FLCLASH_CONNECTED","0","1","0","1","1","NO","NO","NULL","null","NONE","","","","IWLAN_HOME","0","0","0","0","0","0","0","1","0","UNKNOWN_-1 (raw -1)","0"
"2026-09-23 14:39:43.222","P1-F","1","ACTIVE","ENABLED","ON","ON","YES","Tongji","true","3","ANYWHERE_SEEN","RUNNING","FLCLASH_CONNECTED","0","1","0","1","1","NO","NO","NULL","null","NONE","","","","IWLAN_HOME","0","0","0","0","0","0","0","1","0","UNKNOWN_-1 (raw -1)","0"
"2026-09-23 14:39:53.836","P1-F","1","ACTIVE","ENABLED","ON","ON","YES","Tongji","true","3","ANYWHERE_SEEN","RUNNING","FLCLASH_CONNECTED","0","1","0","1","1","NO","NO","NULL","null","NONE","","","","IWLAN_HOME","0","0","0","0","0","0","0","1","0","UNKNOWN_-1 (raw -1)","0"
"2026-09-23 14:40:02.708","P1-F","1","ACTIVE","ENABLED","ON","ON","YES","Tongji","true","3","ANYWHERE_SEEN","RUNNING","FLCLASH_CONNECTED","0","1","0","1","1","NO","NO","NULL","null","NONE","","","","IWLAN_HOME","0","0","0","0","0","0","0","1","0","UNKNOWN_-1 (raw -1)","0"
"2026-09-23 14:40:11.522","P1-F","1","ACTIVE","ENABLED","ON","ON","YES","Tongji","true","3","ANYWHERE_SEEN","RUNNING","FLCLASH_CONNECTED","0","1","0","1","1","NO","NO","NULL","null","NONE","","","","IWLAN_HOME","0","0","0","0","0","0","0","1","0","UNKNOWN_-1 (raw -1)","0"
"2026-09-23 14:40:20.538","P1-F","1","ACTIVE","ENABLED","ON","ON","YES","Tongji","true","3","ANYWHERE_SEEN","RUNNING","FLCLASH_CONNECTED","0","1","0","1","1","NO","NO","NULL","null","NONE","","","","IWLAN_HOME","0","0","0","0","0","0","0","1","0","UNKNOWN_-1 (raw -1)","0"
"2026-09-23 14:40:31.086","P1-F","1","ACTIVE","ENABLED","ON","ON","YES","Tongji","true","3","ANYWHERE_SEEN","RUNNING","FLCLASH_CONNECTED","0","1","0","1","1","NO","NO","NULL","null","NONE","","","","IWLAN_HOME","0","0","0","0","0","0","0","1","0","UNKNOWN_-1 (raw -1)","0"
"2026-09-23 14:40:45.502","P1-F","1","ACTIVE","ENABLED","ON","ON","YES","Tongji","true","3","ANYWHERE_SEEN","RUNNING","FLCLASH_CONNECTED","0","1","0","1","1","NO","NO","NULL","null","NONE","","","","IWLAN_HOME","0","0","0","0","0","0","0","1","0","UNKNOWN_-1 (raw -1)","0"
"2026-09-23 14:41:00.755","P1-F","1","ACTIVE","ENABLED","ON","ON","YES","Tongji","true","3","ANYWHERE_SEEN","RUNNING","FLCLASH_CONNECTED","0","1","0","1","1","NO","NO","NULL","null","NONE","","","","IWLAN_HOME","0","0","0","0","0","0","0","1","0","UNKNOWN_-1 (raw -1)","0"
"2026-09-23 14:41:13.521","P1-F","1","ACTIVE","ENABLED","ON","ON","YES","Tongji","true","3","ANYWHERE_SEEN","RUNNING","FLCLASH_CONNECTED","0","1","0","1","1","NO","NO","NULL","null","NONE","","","","IWLAN_HOME","0","0","0","0","0","0","0","1","0","UNKNOWN_-1 (raw -1)","0"
"2026-09-23 14:41:23.355","P1-F","1","ACTIVE","ENABLED","ON","ON","YES","Tongji","true","3","ANYWHERE_SEEN","RUNNING","FLCLASH_CONNECTED","0","1","0","1","1","NO","NO","NULL","null","NONE","","","","IWLAN_HOME","0","0","0","0","0","0","0","1","0","UNKNOWN_-1 (raw -1)","0"
"2026-09-23 14:41:34.897","P1-F","1","ACTIVE","ENABLED","ON","ON","YES","Tongji","true","3","ANYWHERE_SEEN","RUNNING","FLCLASH_CONNECTED","0","1","0","1","1","NO","NO","NULL","null","NONE","","","","IWLAN_HOME","0","0","0","0","0","0","0","1","0","UNKNOWN_-1 (raw -1)","0"
"2026-09-23 14:41:44.972","P1-F","1","ACTIVE","ENABLED","ON","ON","YES","Tongji","true","3","ANYWHERE_SEEN","RUNNING","FLCLASH_CONNECTED","0","1","0","1","1","NO","NO","NULL","null","NONE","","","","IWLAN_HOME","0","0","0","0","0","0","0","1","0","UNKNOWN_-1 (raw -1)","0"
"2026-09-23 14:41:55.051","P1-F","1","ACTIVE","ENABLED","ON","ON","YES","Tongji","true","3","ANYWHERE_SEEN","RUNNING","FLCLASH_CONNECTED","0","1","0","1","1","NO","NO","NULL","null","NONE","","","","IWLAN_HOME","0","0","0","0","0","0","0","1","0","UNKNOWN_-1 (raw -1)","0"
"2026-09-23 14:42:06.546","P1-F","1","ACTIVE","ENABLED","ON","ON","YES","Tongji","true","3","ANYWHERE_SEEN","RUNNING","FLCLASH_CONNECTED","0","1","0","1","1","NO","NO","NULL","null","NONE","","","","IWLAN_HOME","0","0","0","0","0","0","0","1","0","UNKNOWN_-1 (raw -1)","0"
"2026-09-23 14:42:17.366","P1-F","1","ACTIVE","ENABLED","ON","ON","YES","Tongji","true","3","ANYWHERE_SEEN","RUNNING","FLCLASH_CONNECTED","0","1","0","1","1","NO","NO","NULL","null","NONE","","","","IWLAN_HOME","0","0","0","0","0","0","0","1","0","UNKNOWN_-1 (raw -1)","0"
"2026-09-23 14:42:27.789","P1-F","1","ACTIVE","ENABLED","ON","ON","YES","Tongji","true","3","ANYWHERE_SEEN","RUNNING","FLCLASH_CONNECTED","0","1","0","1","1","NO","NO","NULL","null","NONE","","","","IWLAN_HOME","0","0","0","0","0","0","0","1","0","UNKNOWN_-1 (raw -1)","0"
"2026-09-23 14:42:38.781","P1-F","1","ACTIVE","ENABLED","ON","ON","YES","Tongji","true","3","ANYWHERE_SEEN","RUNNING","FLCLASH_CONNECTED","0","1","0","1","1","NO","NO","NULL","null","NONE","","","","IWLAN_HOME","0","0","0","0","0","0","0","1","0","UNKNOWN_-1 (raw -1)","0"
"2026-09-23 14:42:48.880","P1-F","1","ACTIVE","ENABLED","ON","ON","YES","Tongji","true","3","ANYWHERE_SEEN","RUNNING","FLCLASH_CONNECTED","0","1","0","1","1","NO","NO","NULL","null","NONE","","","","IWLAN_HOME","0","0","0","0","0","0","0","1","0","UNKNOWN_-1 (raw -1)","0"
"2026-09-23 14:42:58.736","P1-F","1","ACTIVE","ENABLED","ON","ON","YES","Tongji","true","3","ANYWHERE_SEEN","RUNNING","FLCLASH_CONNECTED","0","1","0","1","1","NO","NO","NULL","null","NONE","","","","IWLAN_HOME","0","0","0","0","0","0","0","1","0","UNKNOWN_-1 (raw -1)","0"
"2026-09-23 14:43:09.188","P1-F","1","ACTIVE","ENABLED","ON","ON","YES","Tongji","true","3","ANYWHERE_SEEN","RUNNING","FLCLASH_CONNECTED","0","1","0","1","1","NO","NO","NULL","null","NONE","","","","IWLAN_HOME","0","0","0","0","0","0","0","1","0","UNKNOWN_-1 (raw -1)","0"
"2026-09-23 14:43:19.507","P1-F","1","ACTIVE","ENABLED","ON","ON","YES","Tongji","true","3","ANYWHERE_SEEN","RUNNING","FLCLASH_CONNECTED","0","1","0","1","1","NO","NO","NULL","null","NONE","","","","IWLAN_HOME","0","0","0","0","0","0","0","1","0","UNKNOWN_-1 (raw -1)","0"
"2026-09-23 14:43:29.268","P1-F","1","ACTIVE","ENABLED","ON","ON","YES","Tongji","true","3","ANYWHERE_SEEN","RUNNING","FLCLASH_CONNECTED","0","1","0","1","1","NO","NO","NULL","null","NONE","","","","IWLAN_HOME","0","0","0","0","0","0","0","1","0","UNKNOWN_-1 (raw -1)","0"
"2026-09-23 14:43:39.528","P1-F","1","ACTIVE","ENABLED","ON","ON","YES","Tongji","true","3","ANYWHERE_SEEN","RUNNING","FLCLASH_CONNECTED","0","1","0","1","1","NO","NO","NULL","null","NONE","","","","IWLAN_HOME","0","0","0","0","0","0","0","1","0","UNKNOWN_-1 (raw -1)","0"
"2026-09-23 14:43:49.773","P1-F","1","ACTIVE","ENABLED","ON","ON","YES","Tongji","true","3","ANYWHERE_SEEN","RUNNING","FLCLASH_CONNECTED","0","1","0","1","1","NO","NO","NULL","null","NONE","","","","IWLAN_HOME","0","0","0","0","0","0","0","1","0","UNKNOWN_-1 (raw -1)","0"
"2026-09-23 14:43:59.401","P1-F","1","ACTIVE","ENABLED","ON","ON","YES","Tongji","true","3","ANYWHERE_SEEN","RUNNING","FLCLASH_CONNECTED","0","1","0","1","1","NO","NO","NULL","null","NONE","","","","IWLAN_HOME","0","0","0","0","0","0","0","1","0","UNKNOWN_-1 (raw -1)","0"
"2026-09-23 14:44:09.138","P1-F","1","ACTIVE","ENABLED","ON","ON","YES","Tongji","true","3","ANYWHERE_SEEN","RUNNING","FLCLASH_CONNECTED","0","1","0","1","1","NO","NO","NULL","null","NONE","","","","IWLAN_HOME","0","0","0","0","0","0","0","1","0","UNKNOWN_-1 (raw -1)","0"
"2026-09-23 14:44:20.166","P1-F","1","ACTIVE","ENABLED","ON","ON","YES","Tongji","true","3","ANYWHERE_SEEN","RUNNING","FLCLASH_CONNECTED","0","1","0","1","1","NO","NO","NULL","null","NONE","","","","IWLAN_HOME","0","0","0","0","0","0","0","1","0","UNKNOWN_-1 (raw -1)","0"
"2026-09-23 14:44:30.871","P1-F","1","ACTIVE","ENABLED","ON","ON","YES","Tongji","true","3","ANYWHERE_SEEN","RUNNING","FLCLASH_CONNECTED","0","1","0","1","1","NO","NO","NULL","null","NONE","","","","IWLAN_HOME","0","0","0","0","0","0","0","1","0","UNKNOWN_-1 (raw -1)","0"
"2026-09-23 14:44:41.220","P1-F","1","ACTIVE","ENABLED","ON","ON","YES","Tongji","true","3","ANYWHERE_SEEN","RUNNING","FLCLASH_CONNECTED","0","1","0","1","1","NO","NO","NULL","null","NONE","","","","IWLAN_HOME","0","0","0","0","0","0","0","1","0","UNKNOWN_-1 (raw -1)","0"
"2026-09-23 14:44:51.228","P1-F","1","ACTIVE","ENABLED","ON","ON","YES","Tongji","true","3","ANYWHERE_SEEN","RUNNING","FLCLASH_CONNECTED","0","1","0","1","1","NO","NO","NULL","null","NONE","","","","IWLAN_HOME","0","0","0","0","0","0","0","1","0","UNKNOWN_-1 (raw -1)","0"
"2026-09-23 14:45:01.159","P1-F","1","ACTIVE","ENABLED","ON","ON","YES","Tongji","true","3","ANYWHERE_SEEN","RUNNING","FLCLASH_CONNECTED","0","1","0","1","1","NO","NO","NULL","null","NONE","","","","IWLAN_HOME","0","0","0","0","0","0","0","1","0","UNKNOWN_-1 (raw -1)","0"
"2026-09-23 14:45:11.751","P1-F","1","ACTIVE","ENABLED","ON","ON","YES","Tongji","true","3","ANYWHERE_SEEN","RUNNING","FLCLASH_CONNECTED","0","1","0","1","1","NO","NO","NULL","null","NONE","","","","IWLAN_HOME","0","0","0","0","0","0","0","1","0","UNKNOWN_-1 (raw -1)","0"
"2026-09-23 14:45:22.264","P1-F","1","ACTIVE","ENABLED","ON","ON","YES","Tongji","true","3","ANYWHERE_SEEN","RUNNING","FLCLASH_CONNECTED","0","1","0","1","1","NO","NO","NULL","null","NONE","","","","IWLAN_HOME","0","0","0","0","0","0","0","1","0","UNKNOWN_-1 (raw -1)","0"
"2026-09-23 14:45:33.659","P1-F","1","ACTIVE","ENABLED","ON","ON","YES","Tongji","true","3","ANYWHERE_SEEN","RUNNING","FLCLASH_CONNECTED","0","1","0","1","1","NO","NO","NULL","null","NONE","","","","IWLAN_HOME","0","0","0","0","0","0","0","1","0","UNKNOWN_-1 (raw -1)","0"
"2026-09-23 14:45:44.059","P1-F","1","ACTIVE","ENABLED","ON","ON","YES","Tongji","true","3","ANYWHERE_SEEN","RUNNING","FLCLASH_CONNECTED","0","1","0","1","1","NO","NO","NULL","null","NONE","","","","IWLAN_HOME","0","0","0","0","0","0","0","1","0","UNKNOWN_-1 (raw -1)","0"
"2026-09-23 14:45:54.792","P1-F","1","ACTIVE","ENABLED","ON","ON","YES","Tongji","true","3","ANYWHERE_SEEN","RUNNING","FLCLASH_CONNECTED","0","1","0","1","1","NO","NO","NULL","null","NONE","","","","IWLAN_HOME","0","0","0","0","0","0","0","1","0","UNKNOWN_-1 (raw -1)","0"
"2026-09-23 14:46:04.335","P1-F","1","ACTIVE","ENABLED","ON","ON","YES","Tongji","true","3","ANYWHERE_SEEN","RUNNING","FLCLASH_CONNECTED","0","1","0","1","1","NO","NO","NULL","null","NONE","","","","IWLAN_HOME","0","0","0","0","0","0","0","1","0","UNKNOWN_-1 (raw -1)","0"
"2026-09-23 14:46:13.950","P1-F","1","ACTIVE","ENABLED","ON","ON","YES","Tongji","true","3","ANYWHERE_SEEN","RUNNING","FLCLASH_CONNECTED","0","1","0","1","1","NO","NO","NULL","null","NONE","","","","IWLAN_HOME","0","0","0","0","0","0","0","1","0","UNKNOWN_-1 (raw -1)","0"
"2026-09-23 14:46:28.654","P1-F","1","ACTIVE","ENABLED","ON","ON","YES","Tongji","true","3","ANYWHERE_SEEN","RUNNING","FLCLASH_CONNECTED","0","1","0","1","1","NO","NO","NULL","null","NONE","","","","IWLAN_HOME","0","0","0","0","0","0","0","1","0","UNKNOWN_-1 (raw -1)","0"
"2026-09-23 14:46:42.986","P1-F","1","ACTIVE","ENABLED","ON","ON","YES","Tongji","true","3","ANYWHERE_SEEN","RUNNING","FLCLASH_CONNECTED","0","1","0","1","1","NO","NO","NULL","null","NONE","","","","IWLAN_HOME","0","0","0","0","0","0","0","1","0","UNKNOWN_-1 (raw -1)","0"
"2026-09-23 14:47:02.860","P1-F","1","ACTIVE","ENABLED","ON","ON","YES","Tongji","true","3","ANYWHERE_SEEN","RUNNING","FLCLASH_CONNECTED","0","1","0","1","1","NO","NO","NULL","null","NONE","","","","IWLAN_HOME","0","0","0","0","0","0","0","1","0","UNKNOWN_-1 (raw -1)","0"
"2026-09-23 14:47:16.487","P1-F","1","ACTIVE","ENABLED","ON","ON","YES","Tongji","true","3","ANYWHERE_SEEN","RUNNING","FLCLASH_CONNECTED","0","1","0","1","1","NO","NO","NULL","null","NONE","","","","IWLAN_HOME","0","0","0","0","0","0","0","1","0","UNKNOWN_-1 (raw -1)","0"
"2026-09-23 14:47:26.645","P1-F","1","ACTIVE","ENABLED","ON","ON","YES","Tongji","true","3","ANYWHERE_SEEN","RUNNING","FLCLASH_CONNECTED","0","1","0","1","1","NO","NO","NULL","null","NONE","","","","IWLAN_HOME","0","0","0","0","0","0","0","1","0","UNKNOWN_-1 (raw -1)","0"
"2026-09-23 14:47:36.887","P1-F","1","ACTIVE","ENABLED","ON","ON","YES","Tongji","true","3","ANYWHERE_SEEN","RUNNING","FLCLASH_CONNECTED","0","1","0","1","1","NO","NO","NULL","null","NONE","","","","IWLAN_HOME","0","0","0","0","0","0","0","1","0","UNKNOWN_-1 (raw -1)","0"
"2026-09-23 14:47:47.178","P1-F","1","ACTIVE","ENABLED","ON","ON","YES","Tongji","true","3","ANYWHERE_SEEN","RUNNING","FLCLASH_CONNECTED","0","1","0","1","1","NO","NO","NULL","null","NONE","","","","IWLAN_HOME","0","0","0","0","0","0","0","1","0","UNKNOWN_-1 (raw -1)","0"
"2026-09-23 14:47:57.792","P1-F","1","ACTIVE","ENABLED","ON","ON","YES","Tongji","true","3","ANYWHERE_SEEN","RUNNING","FLCLASH_CONNECTED","0","1","0","1","1","NO","NO","NULL","null","NONE","","","","IWLAN_HOME","0","0","0","0","0","0","0","1","0","UNKNOWN_-1 (raw -1)","0"
"2026-09-23 14:48:08.445","P1-F","1","ACTIVE","ENABLED","ON","ON","YES","Tongji","true","3","ANYWHERE_SEEN","RUNNING","FLCLASH_CONNECTED","0","1","0","1","1","NO","NO","NULL","null","NONE","","","","IWLAN_HOME","0","0","0","0","0","0","0","1","0","UNKNOWN_-1 (raw -1)","0"
"2026-09-23 14:48:19.782","P1-F","1","ACTIVE","ENABLED","ON","ON","YES","Tongji","true","3","ANYWHERE_SEEN","RUNNING","FLCLASH_CONNECTED","0","1","0","1","1","NO","NO","NULL","null","NONE","","","","IWLAN_HOME","0","0","0","0","0","0","0","1","0","UNKNOWN_-1 (raw -1)","0"
"2026-09-23 14:48:30.689","P1-F","1","ACTIVE","ENABLED","ON","ON","YES","Tongji","true","3","ANYWHERE_SEEN","RUNNING","FLCLASH_CONNECTED","0","1","0","1","1","NO","NO","NULL","null","NONE","","","","IWLAN_HOME","0","0","0","0","0","0","0","1","0","UNKNOWN_-1 (raw -1)","0"
"2026-09-23 14:48:40.298","P1-F","1","ACTIVE","ENABLED","ON","ON","YES","Tongji","true","3","ANYWHERE_SEEN","RUNNING","FLCLASH_CONNECTED","0","1","0","1","1","NO","NO","NULL","null","NONE","","","","IWLAN_HOME","0","0","0","0","0","0","0","1","0","UNKNOWN_-1 (raw -1)","0"
"2026-09-23 14:48:51.027","P1-F","1","ACTIVE","ENABLED","ON","ON","YES","Tongji","true","3","ANYWHERE_SEEN","RUNNING","FLCLASH_CONNECTED","0","1","0","1","1","NO","NO","NULL","null","NONE","","","","IWLAN_HOME","0","0","0","0","0","0","0","1","0","UNKNOWN_-1 (raw -1)","0"
"2026-09-23 14:49:02.996","P1-F","1","ACTIVE","ENABLED","ON","ON","YES","Tongji","true","3","ANYWHERE_SEEN","RUNNING","FLCLASH_CONNECTED","0","1","0","1","1","NO","NO","NULL","null","NONE","","","","IWLAN_HOME","0","0","0","0","0","0","0","1","0","UNKNOWN_-1 (raw -1)","0"
"2026-09-23 14:49:12.961","P1-F","1","ACTIVE","ENABLED","ON","ON","YES","Tongji","true","3","ANYWHERE_SEEN","RUNNING","FLCLASH_CONNECTED","0","1","0","1","1","NO","NO","NULL","null","NONE","","","","IWLAN_HOME","0","0","0","0","0","0","0","1","0","UNKNOWN_-1 (raw -1)","0"
"2026-09-23 14:49:22.397","P1-F","1","ACTIVE","ENABLED","ON","ON","YES","Tongji","true","3","ANYWHERE_SEEN","RUNNING","FLCLASH_CONNECTED","0","1","0","1","1","NO","NO","NULL","null","NONE","","","","IWLAN_HOME","0","0","0","0","0","0","0","1","0","UNKNOWN_-1 (raw -1)","0"
"2026-09-23 14:49:32.063","P1-F","1","ACTIVE","ENABLED","ON","ON","YES","Tongji","true","3","ANYWHERE_SEEN","RUNNING","FLCLASH_CONNECTED","0","1","0","1","1","NO","NO","NULL","null","NONE","","","","IWLAN_HOME","0","0","0","0","0","0","0","1","0","UNKNOWN_-1 (raw -1)","0"
"2026-09-23 14:49:42.030","P1-F","1","ACTIVE","ENABLED","ON","ON","YES","Tongji","true","3","ANYWHERE_SEEN","RUNNING","FLCLASH_CONNECTED","0","1","0","1","1","NO","NO","NULL","null","NONE","","","","IWLAN_HOME","0","0","0","0","0","0","0","1","0","UNKNOWN_-1 (raw -1)","0"
"2026-09-23 14:49:51.049","P1-F","1","ACTIVE","ENABLED","ON","ON","YES","Tongji","true","3","ANYWHERE_SEEN","RUNNING","FLCLASH_CONNECTED","0","1","0","1","1","NO","NO","NULL","null","NONE","","","","IWLAN_HOME","0","0","0","0","0","0","0","1","0","UNKNOWN_-1 (raw -1)","0"
"2026-09-23 14:50:01.227","P1-F","1","ACTIVE","ENABLED","ON","ON","YES","Tongji","true","3","ANYWHERE_SEEN","RUNNING","FLCLASH_CONNECTED","0","1","0","1","1","NO","NO","NULL","null","NONE","","","","IWLAN_HOME","0","0","0","0","0","0","0","1","0","UNKNOWN_-1 (raw -1)","0"
"2026-09-23 14:50:11.724","P1-F","1","ACTIVE","ENABLED","ON","ON","YES","Tongji","true","3","ANYWHERE_SEEN","RUNNING","FLCLASH_CONNECTED","0","1","0","1","1","NO","NO","NULL","null","NONE","","","","IWLAN_HOME","0","0","0","0","0","0","0","1","0","UNKNOWN_-1 (raw -1)","0"
"2026-09-23 14:50:21.661","P1-F","1","ACTIVE","ENABLED","ON","ON","YES","Tongji","true","3","ANYWHERE_SEEN","RUNNING","FLCLASH_CONNECTED","0","1","0","1","1","NO","NO","NULL","null","NONE","","","","IWLAN_HOME","0","0","0","0","0","0","0","1","0","UNKNOWN_-1 (raw -1)","0"
"2026-09-23 14:50:31.221","P1-F","1","ACTIVE","ENABLED","ON","ON","YES","Tongji","true","3","ANYWHERE_SEEN","RUNNING","FLCLASH_CONNECTED","0","1","0","1","1","NO","NO","NULL","null","NONE","","","","IWLAN_HOME","0","0","0","0","0","0","0","1","0","UNKNOWN_-1 (raw -1)","0"
"2026-09-23 14:50:45.600","P1-F","1","ACTIVE","ENABLED","ON","ON","YES","Tongji","true","3","ANYWHERE_SEEN","RUNNING","FLCLASH_CONNECTED","0","1","0","1","1","NO","NO","NULL","null","NONE","","","","IWLAN_HOME","0","0","0","0","0","0","0","1","0","UNKNOWN_-1 (raw -1)","0"
"2026-09-23 14:50:59.215","P1-F","1","ACTIVE","ENABLED","ON","ON","YES","Tongji","true","3","ANYWHERE_SEEN","RUNNING","FLCLASH_CONNECTED","0","1","0","1","1","NO","NO","NULL","null","NONE","","","","IWLAN_HOME","0","0","0","0","0","0","0","1","0","UNKNOWN_-1 (raw -1)","0"
"2026-09-23 14:51:10.615","P1-F","1","ACTIVE","ENABLED","ON","ON","YES","Tongji","true","3","ANYWHERE_SEEN","RUNNING","FLCLASH_CONNECTED","0","1","0","1","1","NO","NO","NULL","null","NONE","","","","IWLAN_HOME","0","0","0","0","0","0","0","1","0","UNKNOWN_-1 (raw -1)","0"
"2026-09-23 14:51:21.885","P1-F","1","ACTIVE","ENABLED","ON","ON","YES","Tongji","true","3","ANYWHERE_SEEN","RUNNING","FLCLASH_CONNECTED","0","1","0","1","1","NO","NO","NULL","null","NONE","","","","IWLAN_HOME","0","0","0","0","0","0","0","1","0","UNKNOWN_-1 (raw -1)","0"
"2026-09-23 14:51:34.682","P1-F","1","ACTIVE","ENABLED","ON","ON","YES","Tongji","true","3","ANYWHERE_SEEN","RUNNING","FLCLASH_CONNECTED","0","1","0","1","1","NO","NO","NULL","null","NONE","","","","IWLAN_HOME","0","0","0","0","0","0","0","1","0","UNKNOWN_-1 (raw -1)","0"
"2026-09-23 14:51:45.359","P1-F","1","ACTIVE","ENABLED","ON","ON","YES","Tongji","true","3","ANYWHERE_SEEN","RUNNING","FLCLASH_CONNECTED","0","1","0","1","1","NO","NO","NULL","null","NONE","","","","IWLAN_HOME","0","0","0","0","0","0","0","1","0","UNKNOWN_-1 (raw -1)","0"
"2026-09-23 14:51:57.021","P1-F","1","ACTIVE","ENABLED","ON","ON","YES","Tongji","true","3","ANYWHERE_SEEN","RUNNING","FLCLASH_CONNECTED","0","1","0","1","1","NO","NO","NULL","null","NONE","","","","IWLAN_HOME","0","0","0","0","0","0","0","1","0","UNKNOWN_-1 (raw -1)","0"
"2026-09-23 14:52:07.141","P1-F","1","ACTIVE","ENABLED","ON","ON","YES","Tongji","true","3","ANYWHERE_SEEN","RUNNING","FLCLASH_CONNECTED","0","1","0","1","1","NO","NO","NULL","null","NONE","","","","IWLAN_HOME","0","0","0","0","0","0","0","1","0","UNKNOWN_-1 (raw -1)","0"
"2026-09-23 14:52:17.816","P1-F","1","ACTIVE","ENABLED","ON","ON","YES","Tongji","true","3","ANYWHERE_SEEN","RUNNING","FLCLASH_CONNECTED","0","1","0","1","1","NO","NO","NULL","null","NONE","","","","IWLAN_HOME","0","0","0","0","0","0","0","1","0","UNKNOWN_-1 (raw -1)","0"
"2026-09-23 14:52:29.465","P1-F","1","ACTIVE","ENABLED","ON","ON","YES","Tongji","true","3","ANYWHERE_SEEN","RUNNING","FLCLASH_CONNECTED","0","1","0","1","1","NO","NO","NULL","null","NONE","","","","IWLAN_HOME","0","0","0","0","0","0","0","1","0","UNKNOWN_-1 (raw -1)","0"
"2026-09-23 14:52:48.064","P1-F","1","ACTIVE","ENABLED","ON","ON","YES","Tongji","true","3","ANYWHERE_SEEN","RUNNING","FLCLASH_CONNECTED","0","1","0","1","1","NO","NO","NULL","null","NONE","","","","IWLAN_HOME","0","0","0","0","0","0","0","1","0","UNKNOWN_-1 (raw -1)","0"
"2026-09-23 14:52:59.341","P1-F","1","ACTIVE","ENABLED","ON","ON","YES","Tongji","true","3","ANYWHERE_SEEN","RUNNING","FLCLASH_CONNECTED","0","1","0","1","1","NO","NO","NULL","null","NONE","","","","IWLAN_HOME","0","0","0","0","0","0","0","1","0","UNKNOWN_-1 (raw -1)","0"
"2026-09-23 14:53:10.734","P1-F","1","ACTIVE","ENABLED","ON","ON","YES","Tongji","true","3","ANYWHERE_SEEN","RUNNING","FLCLASH_CONNECTED","0","1","0","1","1","NO","NO","NULL","null","NONE","","","","IWLAN_HOME","0","0","0","0","0","0","0","1","0","UNKNOWN_-1 (raw -1)","0"
"2026-09-23 14:53:21.114","P1-F","1","ACTIVE","ENABLED","ON","ON","YES","Tongji","true","3","ANYWHERE_SEEN","RUNNING","FLCLASH_CONNECTED","0","1","0","1","1","NO","NO","NULL","null","NONE","","","","IWLAN_HOME","0","0","0","0","0","0","0","1","0","UNKNOWN_-1 (raw -1)","0"
"2026-09-23 14:53:31.040","P1-F","1","ACTIVE","ENABLED","ON","ON","YES","Tongji","true","3","ANYWHERE_SEEN","RUNNING","FLCLASH_CONNECTED","0","1","0","1","1","NO","NO","NULL","null","NONE","","","","IWLAN_HOME","0","0","0","0","0","0","0","1","0","UNKNOWN_-1 (raw -1)","0"
"2026-09-23 14:53:41.340","P1-F","1","ACTIVE","ENABLED","ON","ON","YES","Tongji","true","3","ANYWHERE_SEEN","RUNNING","FLCLASH_CONNECTED","0","1","0","1","1","NO","NO","NULL","null","NONE","","","","IWLAN_HOME","0","0","0","0","0","0","0","1","0","UNKNOWN_-1 (raw -1)","0"
"2026-09-23 14:53:54.234","P1-F","1","ACTIVE","ENABLED","ON","ON","YES","Tongji","true","3","ANYWHERE_SEEN","RUNNING","FLCLASH_CONNECTED","0","1","0","1","1","NO","NO","NULL","null","NONE","","","","IWLAN_HOME","0","0","0","0","0","0","0","1","0","UNKNOWN_-1 (raw -1)","0"
"2026-09-23 14:54:09.041","P1-F","1","ACTIVE","ENABLED","ON","ON","YES","Tongji","true","3","ANYWHERE_SEEN","RUNNING","FLCLASH_CONNECTED","0","1","0","1","1","NO","NO","NULL","null","NONE","","","","IWLAN_HOME","0","0","0","0","0","0","0","1","0","UNKNOWN_-1 (raw -1)","0"
"2026-09-23 14:54:19.407","P1-F","1","ACTIVE","ENABLED","ON","ON","YES","Tongji","true","3","ANYWHERE_SEEN","RUNNING","FLCLASH_CONNECTED","0","1","0","1","1","NO","NO","NULL","null","NONE","","","","IWLAN_HOME","0","0","0","0","0","0","0","1","0","UNKNOWN_-1 (raw -1)","0"
"2026-09-23 14:54:30.794","P1-F","1","ACTIVE","ENABLED","ON","ON","YES","Tongji","true","3","ANYWHERE_SEEN","RUNNING","FLCLASH_CONNECTED","0","1","0","1","1","NO","NO","NULL","null","NONE","","","","IWLAN_HOME","0","0","0","0","0","0","0","1","0","UNKNOWN_-1 (raw -1)","0"
"2026-09-23 14:54:40.766","P1-F","1","ACTIVE","ENABLED","ON","ON","YES","Tongji","true","3","ANYWHERE_SEEN","RUNNING","FLCLASH_CONNECTED","0","1","0","1","1","NO","NO","NULL","null","NONE","","","","IWLAN_HOME","0","0","0","0","0","0","0","1","0","UNKNOWN_-1 (raw -1)","0"
"2026-09-23 14:54:51.068","P1-F","1","ACTIVE","ENABLED","ON","ON","YES","Tongji","true","3","ANYWHERE_SEEN","RUNNING","FLCLASH_CONNECTED","0","1","0","1","1","NO","NO","NULL","null","NONE","","","","IWLAN_HOME","0","0","0","0","0","0","0","1","0","UNKNOWN_-1 (raw -1)","0"
"2026-09-23 14:55:02.316","P0","1","ACTIVE","ENABLED","ON","ON","YES","Tongji","true","3","ANYWHERE_SEEN","RUNNING","FLCLASH_CONNECTED","0","0","0","0","0","NO","NO","NULL","null","NONE","","","","NONE","0","0","0","0","0","0","0","0","0","UNKNOWN_-1 (raw -1)","0"
"2026-09-23 14:55:12.781","P1-F","1","ACTIVE","ENABLED","ON","ON","YES","Tongji","true","3","ANYWHERE_SEEN","RUNNING","FLCLASH_CONNECTED","0","1","0","1","1","NO","NO","NULL","null","NONE","","","","IWLAN_HOME","0","0","0","0","0","0","0","1","0","UNKNOWN_-1 (raw -1)","0"
"2026-09-23 14:55:23.832","P1-F","1","ACTIVE","ENABLED","ON","ON","YES","Tongji","true","3","ANYWHERE_SEEN","RUNNING","FLCLASH_CONNECTED","0","1","0","1","1","NO","NO","NULL","null","NONE","","","","IWLAN_HOME","0","0","0","0","0","0","0","1","0","UNKNOWN_-1 (raw -1)","0"
"2026-09-23 14:55:33.767","P1-F","1","ACTIVE","ENABLED","ON","ON","YES","Tongji","true","3","ANYWHERE_SEEN","RUNNING","FLCLASH_CONNECTED","0","1","0","1","1","NO","NO","NULL","null","NONE","","","","IWLAN_HOME","0","0","0","0","0","0","0","1","0","UNKNOWN_-1 (raw -1)","0"
"2026-09-23 14:55:44.856","P1-F","1","ACTIVE","ENABLED","ON","ON","YES","Tongji","true","3","ANYWHERE_SEEN","RUNNING","FLCLASH_CONNECTED","0","1","0","1","1","NO","NO","NULL","null","NONE","","","","IWLAN_HOME","0","0","0","0","0","0","0","1","0","UNKNOWN_-1 (raw -1)","0"
"2026-09-23 14:55:55.849","P1-F","1","ACTIVE","ENABLED","ON","ON","YES","Tongji","true","3","ANYWHERE_SEEN","RUNNING","FLCLASH_CONNECTED","0","1","0","1","1","NO","NO","NULL","null","NONE","","","","IWLAN_HOME","0","0","0","0","0","0","0","1","0","UNKNOWN_-1 (raw -1)","0"
"2026-09-23 14:56:06.951","P1-F","1","ACTIVE","ENABLED","ON","ON","YES","Tongji","true","3","ANYWHERE_SEEN","RUNNING","FLCLASH_CONNECTED","0","1","0","1","1","NO","NO","NULL","null","NONE","","","","IWLAN_HOME","0","0","0","0","0","0","0","1","0","UNKNOWN_-1 (raw -1)","0"
"2026-09-23 14:56:16.986","P1-F","1","ACTIVE","ENABLED","ON","ON","YES","Tongji","true","3","ANYWHERE_SEEN","RUNNING","FLCLASH_CONNECTED","0","1","0","1","1","NO","NO","NULL","null","NONE","","","","IWLAN_HOME","0","0","0","0","0","0","0","1","0","UNKNOWN_-1 (raw -1)","0"
"2026-09-23 14:56:28.205","P1-F","1","ACTIVE","ENABLED","ON","ON","YES","Tongji","true","3","ANYWHERE_SEEN","RUNNING","FLCLASH_CONNECTED","0","1","0","1","1","NO","NO","NULL","null","NONE","","","","IWLAN_HOME","0","0","0","0","0","0","0","1","0","UNKNOWN_-1 (raw -1)","0"
"2026-09-23 14:56:38.104","P1-F","1","ACTIVE","ENABLED","ON","ON","YES","Tongji","true","3","ANYWHERE_SEEN","RUNNING","FLCLASH_CONNECTED","0","1","0","1","1","NO","NO","NULL","null","NONE","","","","IWLAN_HOME","0","0","0","0","0","0","0","1","0","UNKNOWN_-1 (raw -1)","0"
"2026-09-23 14:56:47.777","P1-F","1","ACTIVE","ENABLED","ON","ON","YES","Tongji","true","3","ANYWHERE_SEEN","RUNNING","FLCLASH_CONNECTED","0","1","0","1","1","NO","NO","NULL","null","NONE","","","","IWLAN_HOME","0","0","0","0","0","0","0","1","0","UNKNOWN_-1 (raw -1)","0"
"2026-09-23 14:56:57.533","P1-F","1","ACTIVE","ENABLED","ON","ON","YES","Tongji","true","3","ANYWHERE_SEEN","RUNNING","FLCLASH_CONNECTED","0","1","0","1","1","NO","NO","NULL","null","NONE","","","","IWLAN_HOME","0","0","0","0","0","0","0","1","0","UNKNOWN_-1 (raw -1)","0"
"2026-09-23 14:57:07.426","P1-F","1","ACTIVE","ENABLED","ON","ON","YES","Tongji","true","3","ANYWHERE_SEEN","RUNNING","FLCLASH_CONNECTED","0","1","0","1","1","NO","NO","NULL","null","NONE","","","","IWLAN_HOME","0","0","0","0","0","0","0","1","0","UNKNOWN_-1 (raw -1)","0"
"2026-09-23 14:57:17.589","P1-F","1","ACTIVE","ENABLED","ON","ON","YES","Tongji","true","3","ANYWHERE_SEEN","RUNNING","FLCLASH_CONNECTED","0","1","0","1","1","NO","NO","NULL","null","NONE","","","","IWLAN_HOME","0","0","0","0","0","0","0","1","0","UNKNOWN_-1 (raw -1)","0"
"2026-09-23 14:57:27.166","P1-F","1","ACTIVE","ENABLED","ON","ON","YES","Tongji","true","3","ANYWHERE_SEEN","RUNNING","FLCLASH_CONNECTED","0","1","0","1","1","NO","NO","NULL","null","NONE","","","","IWLAN_HOME","0","0","0","0","0","0","0","1","0","UNKNOWN_-1 (raw -1)","0"
"2026-09-23 14:57:36.859","P1-F","1","ACTIVE","ENABLED","ON","ON","YES","Tongji","true","3","ANYWHERE_SEEN","RUNNING","FLCLASH_CONNECTED","0","1","0","1","1","NO","NO","NULL","null","NONE","","","","IWLAN_HOME","0","0","0","0","0","0","0","1","0","UNKNOWN_-1 (raw -1)","0"
"2026-09-23 14:57:50.819","P1-F","1","ACTIVE","ENABLED","ON","ON","YES","Tongji","true","3","ANYWHERE_SEEN","RUNNING","FLCLASH_CONNECTED","0","1","0","1","1","NO","NO","NULL","null","NONE","","","","IWLAN_HOME","0","0","0","0","0","0","0","1","0","UNKNOWN_-1 (raw -1)","0"
"2026-09-23 14:58:04.342","P1-F","1","ACTIVE","ENABLED","ON","ON","YES","Tongji","true","3","ANYWHERE_SEEN","RUNNING","FLCLASH_CONNECTED","0","1","0","1","1","NO","NO","NULL","null","NONE","","","","IWLAN_HOME","0","0","0","0","0","0","0","1","0","UNKNOWN_-1 (raw -1)","0"
"2026-09-23 14:58:19.652","P1-F","1","ACTIVE","ENABLED","ON","ON","YES","Tongji","true","3","ANYWHERE_SEEN","RUNNING","FLCLASH_CONNECTED","0","1","0","1","1","NO","NO","NULL","null","NONE","","","","IWLAN_HOME","0","0","0","0","0","0","0","1","0","UNKNOWN_-1 (raw -1)","0"
"2026-09-23 14:58:34.473","P1-F","1","ACTIVE","ENABLED","ON","ON","YES","Tongji","true","3","ANYWHERE_SEEN","RUNNING","FLCLASH_CONNECTED","0","1","0","1","1","NO","NO","NULL","null","NONE","","","","IWLAN_HOME","0","0","0","0","0","0","0","1","0","UNKNOWN_-1 (raw -1)","0"
"2026-09-23 14:58:44.755","P1-F","1","ACTIVE","ENABLED","ON","ON","YES","Tongji","true","3","ANYWHERE_SEEN","RUNNING","FLCLASH_CONNECTED","0","1","0","1","1","NO","NO","NULL","null","NONE","","","","IWLAN_HOME","0","0","0","0","0","0","0","1","0","UNKNOWN_-1 (raw -1)","0"
"2026-09-23 14:58:55.786","P1-F","1","ACTIVE","ENABLED","ON","ON","YES","Tongji","true","3","ANYWHERE_SEEN","RUNNING","FLCLASH_CONNECTED","0","1","0","1","1","NO","NO","NULL","null","NONE","","","","IWLAN_HOME","0","0","0","0","0","0","0","1","0","UNKNOWN_-1 (raw -1)","0"
"2026-09-23 14:59:07.041","P1-F","1","ACTIVE","ENABLED","ON","ON","YES","Tongji","true","3","ANYWHERE_SEEN","RUNNING","FLCLASH_CONNECTED","0","1","0","1","1","NO","NO","NULL","null","NONE","","","","IWLAN_HOME","0","0","0","0","0","0","0","1","0","UNKNOWN_-1 (raw -1)","0"
"2026-09-23 14:59:17.265","P1-F","1","ACTIVE","ENABLED","ON","ON","YES","Tongji","true","3","ANYWHERE_SEEN","RUNNING","FLCLASH_CONNECTED","0","1","0","1","1","NO","NO","NULL","null","NONE","","","","IWLAN_HOME","0","0","0","0","0","0","0","1","0","UNKNOWN_-1 (raw -1)","0"
"2026-09-23 14:59:27.542","P1-F","1","ACTIVE","ENABLED","ON","ON","YES","Tongji","true","3","ANYWHERE_SEEN","RUNNING","FLCLASH_CONNECTED","0","1","0","1","1","NO","NO","NULL","null","NONE","","","","IWLAN_HOME","0","0","0","0","0","0","0","1","0","UNKNOWN_-1 (raw -1)","0"
"2026-09-23 14:59:37.475","P1-F","1","ACTIVE","ENABLED","ON","ON","YES","Tongji","true","3","ANYWHERE_SEEN","RUNNING","FLCLASH_CONNECTED","0","1","0","1","1","NO","NO","NULL","null","NONE","","","","IWLAN_HOME","0","0","0","0","0","0","0","1","0","UNKNOWN_-1 (raw -1)","0"
"2026-09-23 14:59:48.195","P1-F","1","ACTIVE","ENABLED","ON","ON","YES","Tongji","true","3","ANYWHERE_SEEN","RUNNING","FLCLASH_CONNECTED","0","1","0","1","1","NO","NO","NULL","null","NONE","","","","IWLAN_HOME","0","0","0","0","0","0","0","1","0","UNKNOWN_-1 (raw -1)","0"
"2026-09-23 15:00:02.936","P1-F","1","ACTIVE","ENABLED","ON","ON","YES","Tongji","true","3","ANYWHERE_SEEN","RUNNING","FLCLASH_CONNECTED","0","1","0","1","1","NO","NO","NULL","null","NONE","","","","IWLAN_HOME","0","0","0","0","0","0","0","1","0","UNKNOWN_-1 (raw -1)","0"
"2026-09-23 15:00:17.110","P1-F","1","ACTIVE","ENABLED","ON","ON","YES","Tongji","true","3","ANYWHERE_SEEN","RUNNING","FLCLASH_CONNECTED","0","1","0","1","1","NO","NO","NULL","null","NONE","","","","IWLAN_HOME","0","0","0","0","0","0","0","1","0","UNKNOWN_-1 (raw -1)","0"
"2026-09-23 15:00:31.332","P1-F","1","ACTIVE","ENABLED","ON","ON","YES","Tongji","true","3","ANYWHERE_SEEN","RUNNING","FLCLASH_CONNECTED","0","1","0","1","1","NO","NO","NULL","null","NONE","","","","IWLAN_HOME","0","0","0","0","0","0","0","1","0","UNKNOWN_-1 (raw -1)","0"
"2026-09-23 15:00:46.617","P1-F","1","ACTIVE","ENABLED","ON","ON","YES","Tongji","true","3","ANYWHERE_SEEN","RUNNING","FLCLASH_CONNECTED","0","1","0","1","1","NO","NO","NULL","null","NONE","","","","IWLAN_HOME","0","0","0","0","0","0","0","1","0","UNKNOWN_-1 (raw -1)","0"
"2026-09-23 15:01:00.976","P1-F","1","ACTIVE","ENABLED","ON","ON","YES","Tongji","true","3","ANYWHERE_SEEN","RUNNING","FLCLASH_CONNECTED","0","1","0","1","1","NO","NO","NULL","null","NONE","","","","IWLAN_HOME","0","0","0","0","0","0","0","1","0","UNKNOWN_-1 (raw -1)","0"
