"relative_path","size_bytes","sha256","last_write_time","category","related_experiment","git_status","reason_not_committed"
"新建文本文档 (3).txt","0","E3B0C44298FC1C149AFBF4C8996FB92427AE41E4649B934CA495991B7852B855","2026-09-22T09:04:18.971+08:00","EXACT_DUPLICATE","Unassigned legacy evidence","DUPLICATE","Identical SHA256 already tracked: autopilot/good_cne_logcat.txt;phase3/ext_miui_interfaces.txt;phase3/iface_ims_rcs_controller.txt"
"before-physical.txt","17527503","0763B8719B0AA72C05765742C60A43DFA98C95D6B6A09F6BBEEDBD375142B274","2026-09-22T12:31:47.993+08:00","LARGE_RAW_EVIDENCE","Unassigned legacy evidence","HOST_ONLY_RAW_EVIDENCE","Retained unchanged on Computer A; not committed to avoid raw/private/noisy evidence growth"
"clean-cne-restart.log","12182220","84F5F41575AE65F73C3A53494EF35C68EF50B34954D303D3D85F3A6B9125DC18","2026-09-22T13:03:21.102+08:00","LARGE_RAW_EVIDENCE","CNE/IWLAN investigation","HOST_ONLY_RAW_EVIDENCE","Retained unchanged on Computer A; not committed to avoid raw/private/noisy evidence growth"
"cnd","126800","AF604DCB80FFD7BDD5C247EDBF5250CF3144CDC1F7CB38CC3D7B042EBE231E25","2026-09-22T14:42:15.512+08:00","EXACT_DUPLICATE","CNE/IWLAN investigation","DUPLICATE","Identical SHA256 already tracked: autopilot/apks/cnd"
"cnd_trace.txt","17852","95A009D7D5DF334E8B3CE887729F10AF84138020A691B271E040ED3021CFAD9D","2026-09-22T15:50:19.692+08:00","RAW_OR_UNSELECTED_EVIDENCE","CNE/IWLAN investigation","HOST_ONLY_RAW_EVIDENCE","Retained unchanged on Computer A; not committed to avoid raw/private/noisy evidence growth"
"cnd-fresh-wifi-test.log","25174960","3296DEBDC4C7A39F03CDF9ABD837C5D0D0C5B789A8252323532352EFCC89AB41","2026-09-22T14:32:28.804+08:00","LARGE_RAW_EVIDENCE","CNE/IWLAN investigation","HOST_ONLY_RAW_EVIDENCE","Retained unchanged on Computer A; not committed to avoid raw/private/noisy evidence growth"
"cnd-restart-with-fresh-qti.log","592444","BFB4AAD1812D5DD3B757180565EBFE5FC0CF7FCC50D10B8FC045B1F2EB8B9CBD","2026-09-22T14:53:05.043+08:00","RAW_OR_UNSELECTED_EVIDENCE","CNE/IWLAN investigation","HOST_ONLY_RAW_EVIDENCE","Retained unchanged on Computer A; not committed to avoid raw/private/noisy evidence growth"
"cnd2.txt","17488","45E37F5F7800E1A11C60D293F3297F8F4E029A92CA354EBB688E7B71C2C2E0BC","2026-09-22T15:55:49.787+08:00","RAW_OR_UNSELECTED_EVIDENCE","CNE/IWLAN investigation","HOST_ONLY_RAW_EVIDENCE","Retained unchanged on Computer A; not committed to avoid raw/private/noisy evidence growth"
"cne-cnd-paired-reset.log","12325757","35FF84F8D757DB79CA59B8942AA9AE13134966020CF8FF4BEDACD8D6B2AA979D","2026-09-22T13:06:42.554+08:00","LARGE_RAW_EVIDENCE","CNE/IWLAN investigation","HOST_ONLY_RAW_EVIDENCE","Retained unchanged on Computer A; not committed to avoid raw/private/noisy evidence growth"
"cne-server-1.0.so","295856","A4D9ABE1905B95A5A62A547200B5948EA603F3EC96F60739725EE127BFD55DEF","2026-09-22T15:27:55.088+08:00","REPRODUCIBLE_BINARY","CNE/IWLAN investigation","HASH_INDEXED_ONLY","System/vendor or reproducible binary; not suitable for ordinary Git"
"dsd-svcup-cached-wifi.log","6579148","C5CA9837F7535D218D752E8CBC9AFA42DAE78FDA60417BD5F805D1B799C75B55","2026-09-22T15:09:25.194+08:00","LARGE_RAW_EVIDENCE","Unassigned legacy evidence","HOST_ONLY_RAW_EVIDENCE","Retained unchanged on Computer A; not committed to avoid raw/private/noisy evidence growth"
"fresh-cnd-fresh-qti-wifi.log","25459163","4E516B7A538EBF261DCB88F259F11F9C83E7C4D12DBAA6F51D91551822E0F636","2026-09-22T14:38:42.103+08:00","LARGE_RAW_EVIDENCE","CNE/IWLAN investigation","HOST_ONLY_RAW_EVIDENCE","Retained unchanged on Computer A; not committed to avoid raw/private/noisy evidence growth"
"iwlan-verbose-sim182.log","18377970","078FA6A3714B757189AB5733AB2E300C47FD7734810891FBBBBFE548F6373EA9","2026-09-22T13:50:23.285+08:00","LARGE_RAW_EVIDENCE","CNE/IWLAN investigation","HOST_ONLY_RAW_EVIDENCE","Retained unchanged on Computer A; not committed to avoid raw/private/noisy evidence growth"
"IWlanService.apk","999838","28BD393231B75C1F826D82F9115D5C5ADB5F0B8967A20D247656265A01F246C6","2026-09-22T13:55:27.893+08:00","REPRODUCIBLE_BINARY","CNE/IWLAN investigation","HASH_INDEXED_ONLY","System/vendor or reproducible binary; not suitable for ordinary Git"
"kernel-g19050d39787c.config","175547","411FC121FE69D7AF46308A8169DA32232BA832577DAA02ED4B408CF961F6B640","2026-09-21T15:27:53.437+08:00","REPRODUCIBLE_BINARY","Unassigned legacy evidence","HASH_INDEXED_ONLY","System/vendor or reproducible binary; not suitable for ordinary Git"
"kheaders-g19050d39787c.tar.xz","3427544","7F8C57FB7298BA5D6FAC4AF0B1A9292A24FD1B9C6C4B0E6E5B2EE7BD4033D82D","2026-09-21T15:20:38.441+08:00","REPRODUCIBLE_BINARY","Unassigned legacy evidence","HASH_INDEXED_ONLY","System/vendor or reproducible binary; not suitable for ordinary Git"
"libcne.so","1427136","DFB26C04C0078506056849A91E6AC9E390104E061675CFFFC7A13820A3D8C414","2026-09-22T14:44:34.886+08:00","REPRODUCIBLE_BINARY","CNE/IWLAN investigation","HASH_INDEXED_ONLY","System/vendor or reproducible binary; not suitable for ordinary Git"
"libcneapiclient.so","158856","AFD31104245528C348BE29F23968FD9FDFE63FF2129A036421DAAB9501FE7FDD","2026-09-22T14:44:38.734+08:00","REPRODUCIBLE_BINARY","CNE/IWLAN investigation","HASH_INDEXED_ONLY","System/vendor or reproducible binary; not suitable for ordinary Git"
"libqmiservices.so","153824","CCB2F0E5000A1F8D7008DB35F225A7AAEF16808C8995516E7E43B986722B4211","2026-09-22T14:44:42.318+08:00","REPRODUCIBLE_BINARY","Unassigned legacy evidence","HASH_INDEXED_ONLY","System/vendor or reproducible binary; not suitable for ordinary Git"
"libril-qc-hal-qmi.so","34938552","33A36EBCE79435B06A1BEDDC09B9B6D8A3B6D082D9ACF7624A883FBAEC8EDE77","2026-09-22T13:55:38.301+08:00","REPRODUCIBLE_BINARY","QCRIL/native recovery investigation","HASH_INDEXED_ONLY","System/vendor or reproducible binary; not suitable for ordinary Git"
"paired-reset-plus-sim.log","13341458","A2848400FF068E2C4DA375F7646894B8364B9719FB62BF3F368401094D77E17F","2026-09-22T13:10:30.468+08:00","LARGE_RAW_EVIDENCE","QCRIL/native recovery investigation","HOST_ONLY_RAW_EVIDENCE","Retained unchanged on Computer A; not committed to avoid raw/private/noisy evidence growth"
"phone-process-restart.log","14426338","18825AC05BA7537766AF7013D347A2A6AB35C7CD0B70249D9A0E2FF8AE6CD3F8","2026-09-22T13:17:52.570+08:00","LARGE_RAW_EVIDENCE","QCRIL/native recovery investigation","HOST_ONLY_RAW_EVIDENCE","Retained unchanged on Computer A; not committed to avoid raw/private/noisy evidence growth"
"pm-qcrild2-sim-final.log","16936544","169B66E2BA3009CBBC757C2F41E2120E41CB9E6CD218A51D371D38EAB17757A2","2026-09-22T13:37:07.120+08:00","LARGE_RAW_EVIDENCE","QCRIL/native recovery investigation","HOST_ONLY_RAW_EVIDENCE","Retained unchanged on Computer A; not committed to avoid raw/private/noisy evidence growth"
"Python 3.13","1264","4BDA64B2DD429ABDD52EADBE1FEA5CE80F59F0336411765244D1F207113243A7","2026-09-21T13:40:14.376+08:00","RAW_OR_UNSELECTED_EVIDENCE","Unassigned legacy evidence","HOST_ONLY_RAW_EVIDENCE","Retained unchanged on Computer A; not committed to avoid raw/private/noisy evidence growth"
"q1_ril_log.txt","11468","00B492E76F39EECA5F416A0D2B31FF9E35166CCF09A1BBBEA1EB08389992BED2","2026-09-22T16:05:59.591+08:00","RAW_OR_UNSELECTED_EVIDENCE","QCRIL/native recovery investigation","HOST_ONLY_RAW_EVIDENCE","Retained unchanged on Computer A; not committed to avoid raw/private/noisy evidence growth"
"q1.txt","1901","FFF75ED15C02DA6E578BDE7218BA9202D31E7C0DF92A0885DD65B398940823B6","2026-09-22T15:55:49.866+08:00","RAW_OR_UNSELECTED_EVIDENCE","Unassigned legacy evidence","HOST_ONLY_RAW_EVIDENCE","Retained unchanged on Computer A; not committed to avoid raw/private/noisy evidence growth"
"q2_ril_log.txt","4006902","D15E378DFD4E128362F3F465EB4BD39FDCCB14B6B8BBA8802024187B9E32783D","2026-09-22T16:03:09.383+08:00","LARGE_RAW_EVIDENCE","QCRIL/native recovery investigation","HOST_ONLY_RAW_EVIDENCE","Retained unchanged on Computer A; not committed to avoid raw/private/noisy evidence growth"
"q2.txt","1901","CF2BF0CAE5662A215FCE5FAD526F4E2A39820F37ADAAA901A2F01C434CB4B840","2026-09-22T15:55:51.935+08:00","RAW_OR_UNSELECTED_EVIDENCE","Unassigned legacy evidence","HOST_ONLY_RAW_EVIDENCE","Retained unchanged on Computer A; not committed to avoid raw/private/noisy evidence growth"
"qcrild2_trace.txt","2320","A416A4F3F647D5E02F8086413FAEBE00769A04ACCD75F70CB6547E25C074FC1C","2026-09-22T15:53:46.435+08:00","RAW_OR_UNSELECTED_EVIDENCE","QCRIL/native recovery investigation","HOST_ONLY_RAW_EVIDENCE","Retained unchanged on Computer A; not committed to avoid raw/private/noisy evidence growth"
"qcrild2-apassist-debug.log","24521253","B64D589CF50DDD20C6A4331460F7E9DEE4FE63B7F2AD025674178E8CAB51F54B","2026-09-22T14:10:23.113+08:00","LARGE_RAW_EVIDENCE","QCRIL/native recovery investigation","HOST_ONLY_RAW_EVIDENCE","Retained unchanged on Computer A; not committed to avoid raw/private/noisy evidence growth"
"qcrild2-restart.log","15827205","CA86DA257F4A96182339A35E65097C2B8F16B3FDB7F8572171BAF3ACC3409C81","2026-09-22T13:24:13.439+08:00","LARGE_RAW_EVIDENCE","QCRIL/native recovery investigation","HOST_ONLY_RAW_EVIDENCE","Retained unchanged on Computer A; not committed to avoid raw/private/noisy evidence growth"
"qcrild2-with-pm.log","16834408","EAB705E0D51C8AFF5F1D8E8D1A6D53AE731FE22AB9CFF8765C4CC962DDB3D467","2026-09-22T13:32:43.316+08:00","LARGE_RAW_EVIDENCE","QCRIL/native recovery investigation","HOST_ONLY_RAW_EVIDENCE","Retained unchanged on Computer A; not committed to avoid raw/private/noisy evidence growth"
"qti-data-factory-2.3.so","206776","205B1B466513AF6FED5FBA0A726ACC60D5FF7DF7C11E72A4B8CF9F20603F3AB1","2026-09-22T15:28:01.272+08:00","REPRODUCIBLE_BINARY","CNE/IWLAN investigation","HASH_INDEXED_ONLY","System/vendor or reproducible binary; not suitable for ordinary Git"
"qtidataservices-clean-reset.log","17090754","1362F497AC9C7A6775C03834965DEFB76DC20C139B0A6A4CB045CAEA466893F9","2026-09-22T13:45:21.531+08:00","LARGE_RAW_EVIDENCE","CNE/IWLAN investigation","HOST_ONLY_RAW_EVIDENCE","Retained unchanged on Computer A; not committed to avoid raw/private/noisy evidence growth"
"README (2).txt","1157","2C63B22F1E8A0C27ADD8999DABE7AE85C518D3EE14B1B984DB89314ACB9A3F3B","2026-09-22T02:24:00.000+08:00","SOURCE_OR_SELECTED_EVIDENCE","Unassigned legacy evidence","TRACKED",""
"README (3).txt","1165","B890E2DD9CC727264A40C8C4D29E1420AA223DF60F155C838A814170C7D383E9","2026-09-22T02:15:48.000+08:00","SOURCE_OR_SELECTED_EVIDENCE","Unassigned legacy evidence","TRACKED",""
"README (4).txt","1235","70BA115D6618497CEA1E087FDFBEE6D9E345232B7863981E73B9849D80712B6C","2026-09-22T02:00:54.000+08:00","SOURCE_OR_SELECTED_EVIDENCE","Unassigned legacy evidence","TRACKED",""
"README (5).txt","1362","4C157B31C972AD1A86271E79A75B10B8A49B7E1409781149A4E0691C63803AE0","2026-09-23T00:29:14.000+08:00","SOURCE_OR_SELECTED_EVIDENCE","Unassigned legacy evidence","TRACKED",""
"README.txt","1328","2860AB9B5DCB9D224809FA39E0C662FB73154A8880F4FF92095B24123A26ED85","2026-09-22T03:55:12.000+08:00","SOURCE_OR_SELECTED_EVIDENCE","Unassigned legacy evidence","TRACKED",""
"Run-X55-VOXI-PassiveMonitor-v1.0.cmd","367","D8ABD1C1B8B249CC86BCFD3447AB0926DB301893A980F0DDF2075387B0B724F4","2026-09-23T12:50:56.870+08:00","SOURCE_OR_SELECTED_EVIDENCE","PassiveMonitor","TRACKED",""
"Run-X55-VOXI-PassiveMonitor-v1.1.cmd","367","8637F06062E020FCEE6B54E30C664562B5171A97DEC992E5504E15AA7B897108","2026-09-23T12:57:02.395+08:00","SOURCE_OR_SELECTED_EVIDENCE","PassiveMonitor","TRACKED",""
"Run-X55-VOXI-PassiveMonitor-v1.2.cmd","372","0C248D779971C26B618E662181B16F3C52A0178FE2DAF8222E59AE617B560991","2026-09-23T13:18:14.967+08:00","SOURCE_OR_SELECTED_EVIDENCE","PassiveMonitor","TRACKED",""
"Run-X55-WFC-v2.6-clean-transactional.cmd","413","E85CAF832F4A23904C2569216D340DD087C564DF8ED67D00229BEF487F6AF4BC","2026-09-23T13:56:52.219+08:00","SOURCE_OR_SELECTED_EVIDENCE","X55-WFC-v2.6.x","TRACKED",""
"Run-X55-WFC-v2.6.1-clean-transactional-hotfix.cmd","431","77D8260E6ED270FB04D3DBD4BAF6B70620BA9D7C986D5C57AB2820578E89E6DA","2026-09-23T14:00:16.989+08:00","SOURCE_OR_SELECTED_EVIDENCE","X55-WFC-v2.6.x","TRACKED",""
"Run-X55-WFC-v2.6.2-native-owner-restore.cmd","419","04C237093310639E8B65BC36F52C7F00C95F52A0057BDFA1FC0DBE605FD5685A","2026-09-23T14:10:35.274+08:00","SOURCE_OR_SELECTED_EVIDENCE","X55-WFC-v2.6.2","TRACKED",""
"Run-X55-WFC-v3.0.cmd","178","531AEBCB4908CF1B3DD82B40940710EA8FA393AEAA7A24EE283A995D379F1E03","2026-09-23T11:15:34.704+08:00","SOURCE_OR_SELECTED_EVIDENCE","Unassigned legacy evidence","TRACKED",""
"Run-X55-WFC-v3.1.cmd","923","382D46883E91B071284ED3357EC309D047F79358D63EFB8EAFED5597928CF545","2026-09-23T11:20:54.492+08:00","SOURCE_OR_SELECTED_EVIDENCE","Unassigned legacy evidence","TRACKED",""
"Run-X55-WFC-v3.2.cmd","904","C5E21E6BFF52E810B1851300FAF7924083B564105ADF2D7E1F7F864EB8812116","2026-09-23T11:31:07.973+08:00","SOURCE_OR_SELECTED_EVIDENCE","Unassigned legacy evidence","TRACKED",""
"Run-X55-WFC-v3.3.cmd","904","A01BEE12A7496E570DBE2548601039787FD5EB8AA37F24DEBE0EFB7FD23F4778","2026-09-23T11:36:24.936+08:00","SOURCE_OR_SELECTED_EVIDENCE","Unassigned legacy evidence","TRACKED",""
"Run-X55-WFC-v3.4.cmd","637","5989CB97797F9688E66938EE7AA72716EBFA225F7798AFE713CE0D8A482D4973","2026-09-23T11:40:00.493+08:00","SOURCE_OR_SELECTED_EVIDENCE","Unassigned legacy evidence","TRACKED",""
"Run-X55-WFC-v3.5.cmd","703","D21AA8EE01C38A12F5C821008D5134B7F0543DC85E9FE229624381CA3DFE56A5","2026-09-23T12:11:38.164+08:00","SOURCE_OR_SELECTED_EVIDENCE","Unassigned legacy evidence","TRACKED",""
"vendor.qti.hardware.data.iwlan@1.0.so","214288","DCA92539574EE4016789DB1B89DFF89F4CE3058028C10D89651A0D11959B6006","2026-09-22T13:55:32.877+08:00","REPRODUCIBLE_BINARY","CNE/IWLAN investigation","HASH_INDEXED_ONLY","System/vendor or reproducible binary; not suitable for ordinary Git"
"voxi_modem_ssr_readonly_audit_v3\captures\run_20260921_125819_866+0800\device_tree_detail.txt","381","B734AB9860DFC3308762C64584DDD6BE5770DBBF160F16BA3251636FDD68FFA5","2026-09-21T12:58:34.347+08:00","SOURCE_OR_SELECTED_EVIDENCE","Modem SSR read-only audit","TRACKED",""
"voxi_modem_ssr_readonly_audit_v3\captures\run_20260921_125819_866+0800\devnode_detail.txt","4557","428F9A5EA3967547C138266E72B51DAAF2FF3341AB6F20D03BE7BCCA9F4F4E66","2026-09-21T12:58:22.707+08:00","SOURCE_OR_SELECTED_EVIDENCE","Modem SSR read-only audit","TRACKED",""
"voxi_modem_ssr_readonly_audit_v3\captures\run_20260921_125819_866+0800\esoc_detail.txt","444","7A241E7C8CE71B2B5ECCD992CDD4154FFD9E59559E29595FE2ACC33A161002B2","2026-09-21T12:58:20.432+08:00","SOURCE_OR_SELECTED_EVIDENCE","Modem SSR read-only audit","TRACKED",""
"voxi_modem_ssr_readonly_audit_v3\captures\run_20260921_125819_866+0800\kernel_history.txt","704","500FEBEE9CC8B20D4E234987B9EE15A668C7F05D8BDFC85C32D1F06905A2EB52","2026-09-21T12:58:34.487+08:00","SOURCE_OR_SELECTED_EVIDENCE","Modem SSR read-only audit","TRACKED",""
"voxi_modem_ssr_readonly_audit_v3\captures\run_20260921_125819_866+0800\platform_driver_map.txt","76706","48D6FE712D53E086D7899062E2E934A0A9F88D0376D3DFACD40D86C8B6E87EB7","2026-09-21T12:58:34.224+08:00","SOURCE_OR_SELECTED_EVIDENCE","Modem SSR read-only audit","TRACKED",""
"voxi_modem_ssr_readonly_audit_v3\captures\run_20260921_125819_866+0800\proc_module_symbols.txt","811","30122999F1770E1A1C83474A5B950E96B8F38B61A5822376B6BE1BD9ABCDB79C","2026-09-21T12:58:34.613+08:00","SOURCE_OR_SELECTED_EVIDENCE","Modem SSR read-only audit","TRACKED",""
"voxi_modem_ssr_readonly_audit_v3\captures\run_20260921_125819_866+0800\properties_services.txt","1859","418C7C4363231188F093213452A826082B8AC4401CF498AC0BC1E214DBCBE367","2026-09-21T12:58:35.704+08:00","SOURCE_OR_SELECTED_EVIDENCE","Modem SSR read-only audit","TRACKED",""
"voxi_modem_ssr_readonly_audit_v3\captures\run_20260921_125819_866+0800\remoteproc_detail.txt","18","B471EBAFFC13318F94558D525D1F116244D6C99512819D4AA863F81C590CBCE3","2026-09-21T12:58:20.154+08:00","SOURCE_OR_SELECTED_EVIDENCE","Modem SSR read-only audit","TRACKED",""
"voxi_modem_ssr_readonly_audit_v3\captures\run_20260921_125819_866+0800\root_identity.txt","75","779D7A52CE940E5A0DAEF59D97F7F711D27DD875E073F9049000079C6A13AF08","2026-09-21T12:58:20.039+08:00","SOURCE_OR_SELECTED_EVIDENCE","Modem SSR read-only audit","TRACKED",""
"voxi_modem_ssr_readonly_audit_v3\captures\run_20260921_125819_866+0800\subsys_detail.txt","6409","AAE43CBE57B4A56CE9B3BC6F17F971A1905ACEAC3991A8F132F6FC973786F66F","2026-09-21T12:58:21.689+08:00","SOURCE_OR_SELECTED_EVIDENCE","Modem SSR read-only audit","TRACKED",""
"voxi_modem_ssr_readonly_audit_v3\README.md","501","9CBBF7C4B1B6DE47B95C35D976668FC708FC2744D506FDE8E28EC02BF8CC8CF0","2026-09-21T04:56:24.000+08:00","SOURCE_OR_SELECTED_EVIDENCE","Modem SSR read-only audit","TRACKED",""
"voxi_modem_ssr_readonly_audit_v3\run_modem_ssr_topology_audit_v3.ps1","9378","6232290746EC89C0E8940C7032E331A7E5E6BE3AE839F922165802D770098095","2026-09-21T04:56:24.000+08:00","SOURCE_OR_SELECTED_EVIDENCE","Modem SSR read-only audit","TRACKED",""
"voxi_modem_ssr_readonly_audit_v3\voxi_modem_ssr_readonly_audit_v3.zip","4023","D4DB70360B1B2AC34C136A80037EC6F5CC60EC89E4474BE83954894D06EB645D","2026-09-21T12:57:37.339+08:00","REDUNDANT_ARCHIVE","Modem SSR read-only audit","HASH_INDEXED_ONLY","ZIP contents duplicate loose files or tracked content"
"voxi_ssr_audit_result.zip","9752","C63D33AA2A809994DA82BAFFA50F6B823E117F206F0E4D3F297514A4D95E9E8E","2026-09-21T13:03:45.223+08:00","REDUNDANT_ARCHIVE","Unassigned legacy evidence","HASH_INDEXED_ONLY","ZIP contents duplicate loose files or tracked content"
"WFC-PassiveMonitor (2).zip","9141","9C3BF2693F9BEB44BB90C1E17FDF6C6EBA6FBE8260C49E85F8BFCBBDC0154422","2026-09-23T13:28:01.944+08:00","ARCHIVE_WITH_UNIQUE_ENTRIES_PARTIALLY_EXTRACTED","PassiveMonitor","HASH_INDEXED_ONLY","ZIP not tracked; nine non-location unique entries extracted. Precise-location entry remains host-only and hash-indexed for privacy."
"WFC-PassiveMonitor.zip","812514","83EBB68EEC752373EE5BE1B3DC8591EDE9B4B8877B7B8AB4D51117BBE2EDDEBB","2026-09-23T12:55:49.220+08:00","REDUNDANT_ARCHIVE","PassiveMonitor","HASH_INDEXED_ONLY","ZIP contents duplicate loose files or tracked content"
"WFC-PassiveMonitor\20260923_125100\adb-logcat-error.txt","0","E3B0C44298FC1C149AFBF4C8996FB92427AE41E4649B934CA495991B7852B855","2026-09-23T12:51:00.833+08:00","EXACT_DUPLICATE","PassiveMonitor","DUPLICATE","Identical SHA256 already tracked: autopilot/good_cne_logcat.txt;phase3/ext_miui_interfaces.txt;phase3/iface_ims_rcs_controller.txt"
"WFC-PassiveMonitor\20260923_125100\adb-logcat.txt","5914236","56354102CB57BDBA338D9D0411B94AE71109A5D8CB3FC8D9DF4F5757393A8A7C","2026-09-23T12:53:43.553+08:00","LARGE_RAW_EVIDENCE","PassiveMonitor","HOST_ONLY_RAW_EVIDENCE","Retained unchanged on Computer A; not committed to avoid raw/private/noisy evidence growth"
"WFC-PassiveMonitor\20260923_125100\events.log","1028","38AAED8A95B47DAF9516D7B4C6AF4B5B645D913A9CCC1FDB16C7DC677233FEBB","2026-09-23T12:53:43.560+08:00","RAW_OR_UNSELECTED_EVIDENCE","PassiveMonitor","HOST_ONLY_RAW_EVIDENCE","Retained unchanged on Computer A; not committed to avoid raw/private/noisy evidence growth"
"WFC-PassiveMonitor\20260923_125100\latest-location.txt","211126","C9D936B4D9AE57E2198E0FE62ACDF47D80BD1E9CEF9A0A5F88BEC997C2F8D601","2026-09-23T12:53:38.169+08:00","RAW_OR_UNSELECTED_EVIDENCE","PassiveMonitor","HOST_ONLY_RAW_EVIDENCE","Retained unchanged on Computer A; not committed to avoid raw/private/noisy evidence growth"
"WFC-PassiveMonitor\20260923_125100\latest-slot1.txt","1583","618CFDF31656494A52B96D5D8D623331E466B2E363E8411B99DFE7A02C67B8FC","2026-09-23T12:53:38.615+08:00","RAW_OR_UNSELECTED_EVIDENCE","PassiveMonitor","HOST_ONLY_RAW_EVIDENCE","Retained unchanged on Computer A; not committed to avoid raw/private/noisy evidence growth"
"WFC-PassiveMonitor\20260923_125100\latest-wfc-status.txt","589","6A07F56A3F0751E8B2F50BD386D5E1FA01973873D25A69A54D33ADAF707F64BE","2026-09-23T12:53:38.615+08:00","RAW_OR_UNSELECTED_EVIDENCE","PassiveMonitor","HOST_ONLY_RAW_EVIDENCE","Retained unchanged on Computer A; not committed to avoid raw/private/noisy evidence growth"
"WFC-PassiveMonitor\20260923_125100\timeline.csv","6290","94FE223E011183BAB8798A1DBA77FE0A0A35D4A0254EF947C674FBA4359EDC87","2026-09-23T12:53:38.620+08:00","RAW_OR_UNSELECTED_EVIDENCE","PassiveMonitor","HOST_ONLY_RAW_EVIDENCE","Retained unchanged on Computer A; not committed to avoid raw/private/noisy evidence growth"
"WFC-PassiveMonitor\20260923_125721\adb-logcat-error.txt","0","E3B0C44298FC1C149AFBF4C8996FB92427AE41E4649B934CA495991B7852B855","2026-09-23T12:57:22.349+08:00","EXACT_DUPLICATE","PassiveMonitor","DUPLICATE","Identical SHA256 already tracked: autopilot/good_cne_logcat.txt;phase3/ext_miui_interfaces.txt;phase3/iface_ims_rcs_controller.txt"
"WFC-PassiveMonitor\20260923_125721\adb-logcat.txt","20934032","E19B153D381910E5BA41A64F4371F507148BE8C81AA5D684DFE7FAF33FCA7C08","2026-09-23T13:08:52.681+08:00","LARGE_RAW_EVIDENCE","PassiveMonitor","HOST_ONLY_RAW_EVIDENCE","Retained unchanged on Computer A; not committed to avoid raw/private/noisy evidence growth"
"WFC-PassiveMonitor\20260923_125721\events.log","1425","0D8816E556706B3510312AD9DAE23505D553B2CE946180B2F760DDE1E1EF7126","2026-09-23T13:08:52.691+08:00","RAW_OR_UNSELECTED_EVIDENCE","PassiveMonitor","HOST_ONLY_RAW_EVIDENCE","Retained unchanged on Computer A; not committed to avoid raw/private/noisy evidence growth"
"WFC-PassiveMonitor\20260923_125721\latest-location.txt","211620","65CEBCC0C247F996132B04956344DFF06607744E30CF779E11AE5823E670BADF","2026-09-23T13:08:50.453+08:00","RAW_OR_UNSELECTED_EVIDENCE","PassiveMonitor","HOST_ONLY_RAW_EVIDENCE","Retained unchanged on Computer A; not committed to avoid raw/private/noisy evidence growth"
"WFC-PassiveMonitor\20260923_125721\latest-slot1.txt","1583","618CFDF31656494A52B96D5D8D623331E466B2E363E8411B99DFE7A02C67B8FC","2026-09-23T13:08:51.159+08:00","RAW_OR_UNSELECTED_EVIDENCE","PassiveMonitor","HOST_ONLY_RAW_EVIDENCE","Retained unchanged on Computer A; not committed to avoid raw/private/noisy evidence growth"
"WFC-PassiveMonitor\20260923_125721\latest-wfc-status.txt","589","6A07F56A3F0751E8B2F50BD386D5E1FA01973873D25A69A54D33ADAF707F64BE","2026-09-23T13:08:51.158+08:00","RAW_OR_UNSELECTED_EVIDENCE","PassiveMonitor","HOST_ONLY_RAW_EVIDENCE","Retained unchanged on Computer A; not committed to avoid raw/private/noisy evidence growth"
"WFC-PassiveMonitor\20260923_125721\timeline.csv","27768","552C22B17E902832A99E9EAF060EC8B84C6690CBE7BD2965CC9E3BDA1DC182CA","2026-09-23T13:08:51.162+08:00","RAW_OR_UNSELECTED_EVIDENCE","PassiveMonitor","HOST_ONLY_RAW_EVIDENCE","Retained unchanged on Computer A; not committed to avoid raw/private/noisy evidence growth"
"WFC-PassiveMonitor\20260923_131823\adb-logcat-error.txt","0","E3B0C44298FC1C149AFBF4C8996FB92427AE41E4649B934CA495991B7852B855","2026-09-23T13:18:23.963+08:00","EXACT_DUPLICATE","PassiveMonitor","DUPLICATE","Identical SHA256 already tracked: autopilot/good_cne_logcat.txt;phase3/ext_miui_interfaces.txt;phase3/iface_ims_rcs_controller.txt"
"WFC-PassiveMonitor\20260923_131823\adb-logcat.txt","73190865","FC1549817E5718A8F4888EBEE8BED6F5815EA0B603065CF94BBFEB628012DB69","2026-09-23T14:03:02.895+08:00","LARGE_RAW_EVIDENCE","PassiveMonitor","HOST_ONLY_RAW_EVIDENCE","Retained unchanged on Computer A; not committed to avoid raw/private/noisy evidence growth"
"WFC-PassiveMonitor\20260923_131823\deep-events.log","4225","CAA6F9A640735F77ED2349081597CE3281E45891555F280B46C23CB11AD30B93","2026-09-23T13:41:54.258+08:00","SOURCE_OR_SELECTED_EVIDENCE","PassiveMonitor","TRACKED",""
"WFC-PassiveMonitor\20260923_131823\events.log","10493","999E4FC7638570FDB2BA3167313D259B68D25D1DD1883559E6E0EE170805CB02","2026-09-23T14:55:12.809+08:00","SOURCE_OR_SELECTED_EVIDENCE","PassiveMonitor","TRACKED",""
"WFC-PassiveMonitor\20260923_131823\latest-deep.txt","296","0432DE216554A430B4ED1B4F6A27234CA065927978E2E6DDFEF4CB94BF54FFCB","2026-09-23T15:01:00.785+08:00","SOURCE_OR_SELECTED_EVIDENCE","PassiveMonitor","TRACKED",""
"WFC-PassiveMonitor\20260923_131823\latest-location.txt","36287","AC0BF694505067A9D2EBA9BFE5E5451B8934308728E0474742A374FB4D1A7D1D","2026-09-23T15:00:52.454+08:00","RAW_OR_UNSELECTED_EVIDENCE","PassiveMonitor","HOST_ONLY_RAW_EVIDENCE","Retained unchanged on Computer A; not committed to avoid raw/private/noisy evidence growth"
"WFC-PassiveMonitor\20260923_131823\latest-slot1.txt","1583","618CFDF31656494A52B96D5D8D623331E466B2E363E8411B99DFE7A02C67B8FC","2026-09-23T15:01:00.973+08:00","RAW_OR_UNSELECTED_EVIDENCE","PassiveMonitor","HOST_ONLY_RAW_EVIDENCE","Retained unchanged on Computer A; not committed to avoid raw/private/noisy evidence growth"
"WFC-PassiveMonitor\20260923_131823\latest-wfc-status.txt","589","6A07F56A3F0751E8B2F50BD386D5E1FA01973873D25A69A54D33ADAF707F64BE","2026-09-23T15:01:00.959+08:00","RAW_OR_UNSELECTED_EVIDENCE","PassiveMonitor","HOST_ONLY_RAW_EVIDENCE","Retained unchanged on Computer A; not committed to avoid raw/private/noisy evidence growth"
"WFC-PassiveMonitor\20260923_131823\timeline.csv","150412","4F2C4E9B2000D1E88B411B6C9BC5598B90D8E6B4345C494AA2175DCA6C0CD2DF","2026-09-23T15:01:00.979+08:00","SOURCE_OR_SELECTED_EVIDENCE","PassiveMonitor","TRACKED",""
"WFC-StateSearch-v3.5.zip","99272","AFC7454526CD47428EC25A59E5513A0F0B8D2610278C63F1ED3E7426DE79497F","2026-09-23T12:36:50.121+08:00","REDUNDANT_ARCHIVE","StateSearcher","HASH_INDEXED_ONLY","ZIP contents duplicate loose files or tracked content"
"WFC-StateSearch-v3.5\Round-01-20260923-121146-D3-W1\cellular-baseline-slot1.txt","2280","F2F9968F01D1658DAB14429714506BC69377528D10E57FBA1848F284701C638C","2026-09-23T12:11:53.247+08:00","RAW_OR_UNSELECTED_EVIDENCE","StateSearcher","HOST_ONLY_RAW_EVIDENCE","Retained unchanged on Computer A; not committed to avoid raw/private/noisy evidence growth"
"WFC-StateSearch-v3.5\Round-01-20260923-121146-D3-W1\FINAL-keylog.txt","71497","61BCF86FDC3AB23189D160C09357F10EBAE9787AC1B625C011A8D871B55E66BB","2026-09-23T12:12:53.990+08:00","RAW_OR_UNSELECTED_EVIDENCE","StateSearcher","HOST_ONLY_RAW_EVIDENCE","Retained unchanged on Computer A; not committed to avoid raw/private/noisy evidence growth"
"WFC-StateSearch-v3.5\Round-01-20260923-121146-D3-W1\FINAL-slot1.txt","1593","C1E4B4247B5C0D7415E180DB28CBF2DCAF68B7064D2AE800AC5D6E956E43567B","2026-09-23T12:12:53.988+08:00","RAW_OR_UNSELECTED_EVIDENCE","StateSearcher","HOST_ONLY_RAW_EVIDENCE","Retained unchanged on Computer A; not committed to avoid raw/private/noisy evidence growth"
"WFC-StateSearch-v3.5\Round-01-20260923-121146-D3-W1\FINAL-status.txt","589","6A07F56A3F0751E8B2F50BD386D5E1FA01973873D25A69A54D33ADAF707F64BE","2026-09-23T12:12:53.987+08:00","RAW_OR_UNSELECTED_EVIDENCE","StateSearcher","HOST_ONLY_RAW_EVIDENCE","Retained unchanged on Computer A; not committed to avoid raw/private/noisy evidence growth"
"WFC-StateSearch-v3.5\Round-01-20260923-121146-D3-W1\timeline.csv","2418","258D0EBACF7914431562430482B668554AEA4BAE6BBC32EC7EDD90192AB8BB97","2026-09-23T12:12:50.845+08:00","SOURCE_OR_SELECTED_EVIDENCE","StateSearcher","TRACKED",""
"WFC-StateSearch-v3.5\Round-02-20260923-121259-D3-W3\cellular-baseline-slot1.txt","2280","F2F9968F01D1658DAB14429714506BC69377528D10E57FBA1848F284701C638C","2026-09-23T12:13:05.861+08:00","RAW_OR_UNSELECTED_EVIDENCE","StateSearcher","HOST_ONLY_RAW_EVIDENCE","Retained unchanged on Computer A; not committed to avoid raw/private/noisy evidence growth"
"WFC-StateSearch-v3.5\Round-02-20260923-121259-D3-W3\FINAL-keylog.txt","63871","4D06D18618505455DCBDD4A84753AA16A43E18425E06D5C83519A4B37D0CCA88","2026-09-23T12:14:05.619+08:00","RAW_OR_UNSELECTED_EVIDENCE","StateSearcher","HOST_ONLY_RAW_EVIDENCE","Retained unchanged on Computer A; not committed to avoid raw/private/noisy evidence growth"
"WFC-StateSearch-v3.5\Round-02-20260923-121259-D3-W3\FINAL-slot1.txt","1593","C1E4B4247B5C0D7415E180DB28CBF2DCAF68B7064D2AE800AC5D6E956E43567B","2026-09-23T12:14:05.618+08:00","RAW_OR_UNSELECTED_EVIDENCE","StateSearcher","HOST_ONLY_RAW_EVIDENCE","Retained unchanged on Computer A; not committed to avoid raw/private/noisy evidence growth"
"WFC-StateSearch-v3.5\Round-02-20260923-121259-D3-W3\FINAL-status.txt","589","6A07F56A3F0751E8B2F50BD386D5E1FA01973873D25A69A54D33ADAF707F64BE","2026-09-23T12:14:05.616+08:00","RAW_OR_UNSELECTED_EVIDENCE","StateSearcher","HOST_ONLY_RAW_EVIDENCE","Retained unchanged on Computer A; not committed to avoid raw/private/noisy evidence growth"
"WFC-StateSearch-v3.5\Round-02-20260923-121259-D3-W3\timeline.csv","2143","860864A3F53C3681D4C6202C8C51AE244403B79E6604CCD9CBFBFD0BC05D7820","2026-09-23T12:14:02.387+08:00","SOURCE_OR_SELECTED_EVIDENCE","StateSearcher","TRACKED",""
"WFC-StateSearch-v3.5\Round-03-20260923-121410-D5-W5\cellular-baseline-slot1.txt","2280","F2F9968F01D1658DAB14429714506BC69377528D10E57FBA1848F284701C638C","2026-09-23T12:14:17.773+08:00","RAW_OR_UNSELECTED_EVIDENCE","StateSearcher","HOST_ONLY_RAW_EVIDENCE","Retained unchanged on Computer A; not committed to avoid raw/private/noisy evidence growth"
"WFC-StateSearch-v3.5\Round-03-20260923-121410-D5-W5\FINAL-keylog.txt","38461","F3A5492AB05E7B72EE1A61412DC6C9C9BFECBC08288C5FE3F23658830494E64C","2026-09-23T12:15:23.731+08:00","RAW_OR_UNSELECTED_EVIDENCE","StateSearcher","HOST_ONLY_RAW_EVIDENCE","Retained unchanged on Computer A; not committed to avoid raw/private/noisy evidence growth"
"WFC-StateSearch-v3.5\Round-03-20260923-121410-D5-W5\FINAL-slot1.txt","1593","C1E4B4247B5C0D7415E180DB28CBF2DCAF68B7064D2AE800AC5D6E956E43567B","2026-09-23T12:15:23.730+08:00","RAW_OR_UNSELECTED_EVIDENCE","StateSearcher","HOST_ONLY_RAW_EVIDENCE","Retained unchanged on Computer A; not committed to avoid raw/private/noisy evidence growth"
"WFC-StateSearch-v3.5\Round-03-20260923-121410-D5-W5\FINAL-status.txt","589","6A07F56A3F0751E8B2F50BD386D5E1FA01973873D25A69A54D33ADAF707F64BE","2026-09-23T12:15:23.729+08:00","RAW_OR_UNSELECTED_EVIDENCE","StateSearcher","HOST_ONLY_RAW_EVIDENCE","Retained unchanged on Computer A; not committed to avoid raw/private/noisy evidence growth"
"WFC-StateSearch-v3.5\Round-03-20260923-121410-D5-W5\timeline.csv","2418","313B58401636929C8C8CE1A170B67AD4BC0043F4031F298F900D2E6F519B92A9","2026-09-23T12:15:20.568+08:00","SOURCE_OR_SELECTED_EVIDENCE","StateSearcher","TRACKED",""
"WFC-StateSearch-v3.5\Round-04-20260923-121529-D5-W8\cellular-baseline-slot1.txt","2281","66F5D92A27958CD0B5D711CE4FA66EFD44789389BCCC4818D696C391D74CDCE6","2026-09-23T12:15:35.524+08:00","RAW_OR_UNSELECTED_EVIDENCE","StateSearcher","HOST_ONLY_RAW_EVIDENCE","Retained unchanged on Computer A; not committed to avoid raw/private/noisy evidence growth"
"WFC-StateSearch-v3.5\Round-04-20260923-121529-D5-W8\FINAL-keylog.txt","40862","AF30EB66AB4C61283E2A143C6838CD3EC958547E1721A3E09C1A9924C5A794AC","2026-09-23T12:16:44.413+08:00","RAW_OR_UNSELECTED_EVIDENCE","StateSearcher","HOST_ONLY_RAW_EVIDENCE","Retained unchanged on Computer A; not committed to avoid raw/private/noisy evidence growth"
"WFC-StateSearch-v3.5\Round-04-20260923-121529-D5-W8\FINAL-slot1.txt","1593","C1E4B4247B5C0D7415E180DB28CBF2DCAF68B7064D2AE800AC5D6E956E43567B","2026-09-23T12:16:44.412+08:00","RAW_OR_UNSELECTED_EVIDENCE","StateSearcher","HOST_ONLY_RAW_EVIDENCE","Retained unchanged on Computer A; not committed to avoid raw/private/noisy evidence growth"
"WFC-StateSearch-v3.5\Round-04-20260923-121529-D5-W8\FINAL-status.txt","589","6A07F56A3F0751E8B2F50BD386D5E1FA01973873D25A69A54D33ADAF707F64BE","2026-09-23T12:16:44.410+08:00","RAW_OR_UNSELECTED_EVIDENCE","StateSearcher","HOST_ONLY_RAW_EVIDENCE","Retained unchanged on Computer A; not committed to avoid raw/private/noisy evidence growth"
"WFC-StateSearch-v3.5\Round-04-20260923-121529-D5-W8\timeline.csv","2418","1D1F8C55FACD52919E2104C67054924DCED13258C5DC4126C71C11008CD1A2A9","2026-09-23T12:16:41.130+08:00","SOURCE_OR_SELECTED_EVIDENCE","StateSearcher","TRACKED",""
"WFC-StateSearch-v3.5\Round-05-20260923-121649-D8-W2\cellular-baseline-slot1.txt","2280","F2F9968F01D1658DAB14429714506BC69377528D10E57FBA1848F284701C638C","2026-09-23T12:16:56.307+08:00","RAW_OR_UNSELECTED_EVIDENCE","StateSearcher","HOST_ONLY_RAW_EVIDENCE","Retained unchanged on Computer A; not committed to avoid raw/private/noisy evidence growth"
"WFC-StateSearch-v3.5\Round-05-20260923-121649-D8-W2\FINAL-keylog.txt","49315","7A0345D8F690316B467B7A125D59B56A3C04A5BFE821CB6DC784F1695C73FB53","2026-09-23T12:18:03.230+08:00","RAW_OR_UNSELECTED_EVIDENCE","StateSearcher","HOST_ONLY_RAW_EVIDENCE","Retained unchanged on Computer A; not committed to avoid raw/private/noisy evidence growth"
"WFC-StateSearch-v3.5\Round-05-20260923-121649-D8-W2\FINAL-slot1.txt","1593","C1E4B4247B5C0D7415E180DB28CBF2DCAF68B7064D2AE800AC5D6E956E43567B","2026-09-23T12:18:03.229+08:00","RAW_OR_UNSELECTED_EVIDENCE","StateSearcher","HOST_ONLY_RAW_EVIDENCE","Retained unchanged on Computer A; not committed to avoid raw/private/noisy evidence growth"
"WFC-StateSearch-v3.5\Round-05-20260923-121649-D8-W2\FINAL-status.txt","589","6A07F56A3F0751E8B2F50BD386D5E1FA01973873D25A69A54D33ADAF707F64BE","2026-09-23T12:18:03.227+08:00","RAW_OR_UNSELECTED_EVIDENCE","StateSearcher","HOST_ONLY_RAW_EVIDENCE","Retained unchanged on Computer A; not committed to avoid raw/private/noisy evidence growth"
"WFC-StateSearch-v3.5\Round-05-20260923-121649-D8-W2\timeline.csv","2418","3E0F1CAFD27AC7572F01F754491BC627F0162B92E4BC00C78FDB3C2D3DF67543","2026-09-23T12:18:00.038+08:00","SOURCE_OR_SELECTED_EVIDENCE","StateSearcher","TRACKED",""
"WFC-StateSearch-v3.5\Round-06-20260923-121808-D8-W12\cellular-baseline-slot1.txt","2280","F2F9968F01D1658DAB14429714506BC69377528D10E57FBA1848F284701C638C","2026-09-23T12:18:15.078+08:00","RAW_OR_UNSELECTED_EVIDENCE","StateSearcher","HOST_ONLY_RAW_EVIDENCE","Retained unchanged on Computer A; not committed to avoid raw/private/noisy evidence growth"
"WFC-StateSearch-v3.5\Round-06-20260923-121808-D8-W12\FINAL-keylog.txt","49315","45759FAF1BDA913E71C840871B911CC8108AB3052F1E7FE014A06376441450A4","2026-09-23T12:19:31.781+08:00","RAW_OR_UNSELECTED_EVIDENCE","StateSearcher","HOST_ONLY_RAW_EVIDENCE","Retained unchanged on Computer A; not committed to avoid raw/private/noisy evidence growth"
"WFC-StateSearch-v3.5\Round-06-20260923-121808-D8-W12\FINAL-slot1.txt","1593","C1E4B4247B5C0D7415E180DB28CBF2DCAF68B7064D2AE800AC5D6E956E43567B","2026-09-23T12:19:31.780+08:00","RAW_OR_UNSELECTED_EVIDENCE","StateSearcher","HOST_ONLY_RAW_EVIDENCE","Retained unchanged on Computer A; not committed to avoid raw/private/noisy evidence growth"
"WFC-StateSearch-v3.5\Round-06-20260923-121808-D8-W12\FINAL-status.txt","589","6A07F56A3F0751E8B2F50BD386D5E1FA01973873D25A69A54D33ADAF707F64BE","2026-09-23T12:19:31.778+08:00","RAW_OR_UNSELECTED_EVIDENCE","StateSearcher","HOST_ONLY_RAW_EVIDENCE","Retained unchanged on Computer A; not committed to avoid raw/private/noisy evidence growth"
"WFC-StateSearch-v3.5\Round-06-20260923-121808-D8-W12\timeline.csv","2418","B73CB5E796772FBCEF62FC077E3482F9A3EF8A3F2CDDE2EF1DC07F2F2722C3C4","2026-09-23T12:19:28.579+08:00","SOURCE_OR_SELECTED_EVIDENCE","StateSearcher","TRACKED",""
"WFC-StateSearch-v3.5\Round-07-20260923-121937-D12-W3\cellular-baseline-slot1.txt","2280","F2F9968F01D1658DAB14429714506BC69377528D10E57FBA1848F284701C638C","2026-09-23T12:19:43.772+08:00","RAW_OR_UNSELECTED_EVIDENCE","StateSearcher","HOST_ONLY_RAW_EVIDENCE","Retained unchanged on Computer A; not committed to avoid raw/private/noisy evidence growth"
"WFC-StateSearch-v3.5\Round-07-20260923-121937-D12-W3\FINAL-keylog.txt","49315","0FA6D7276FA920F1ED83703C979F83A56C5DDEA729EA133CF17158E6BD3D3A92","2026-09-23T12:20:54.439+08:00","RAW_OR_UNSELECTED_EVIDENCE","StateSearcher","HOST_ONLY_RAW_EVIDENCE","Retained unchanged on Computer A; not committed to avoid raw/private/noisy evidence growth"
"WFC-StateSearch-v3.5\Round-07-20260923-121937-D12-W3\FINAL-slot1.txt","1593","C1E4B4247B5C0D7415E180DB28CBF2DCAF68B7064D2AE800AC5D6E956E43567B","2026-09-23T12:20:54.436+08:00","RAW_OR_UNSELECTED_EVIDENCE","StateSearcher","HOST_ONLY_RAW_EVIDENCE","Retained unchanged on Computer A; not committed to avoid raw/private/noisy evidence growth"
"WFC-StateSearch-v3.5\Round-07-20260923-121937-D12-W3\FINAL-status.txt","589","6A07F56A3F0751E8B2F50BD386D5E1FA01973873D25A69A54D33ADAF707F64BE","2026-09-23T12:20:54.435+08:00","RAW_OR_UNSELECTED_EVIDENCE","StateSearcher","HOST_ONLY_RAW_EVIDENCE","Retained unchanged on Computer A; not committed to avoid raw/private/noisy evidence growth"
"WFC-StateSearch-v3.5\Round-07-20260923-121937-D12-W3\timeline.csv","2418","0E9F6FE2839DF5CB2FE1D0797280134BD7C6898217950FC2B48609234C6DFBF8","2026-09-23T12:20:51.215+08:00","SOURCE_OR_SELECTED_EVIDENCE","StateSearcher","TRACKED",""
"WFC-StateSearch-v3.5\Round-08-20260923-122059-D12-W5\cellular-baseline-slot1.txt","2281","66F5D92A27958CD0B5D711CE4FA66EFD44789389BCCC4818D696C391D74CDCE6","2026-09-23T12:21:06.325+08:00","RAW_OR_UNSELECTED_EVIDENCE","StateSearcher","HOST_ONLY_RAW_EVIDENCE","Retained unchanged on Computer A; not committed to avoid raw/private/noisy evidence growth"
"WFC-StateSearch-v3.5\Round-08-20260923-122059-D12-W5\FINAL-keylog.txt","49315","CE91637C1F769DDAB3A3AF9C2203953BF6BE89A7B716A76A14D9C0BB8F253B96","2026-09-23T12:22:19.080+08:00","RAW_OR_UNSELECTED_EVIDENCE","StateSearcher","HOST_ONLY_RAW_EVIDENCE","Retained unchanged on Computer A; not committed to avoid raw/private/noisy evidence growth"
"WFC-StateSearch-v3.5\Round-08-20260923-122059-D12-W5\FINAL-slot1.txt","1593","C1E4B4247B5C0D7415E180DB28CBF2DCAF68B7064D2AE800AC5D6E956E43567B","2026-09-23T12:22:19.079+08:00","RAW_OR_UNSELECTED_EVIDENCE","StateSearcher","HOST_ONLY_RAW_EVIDENCE","Retained unchanged on Computer A; not committed to avoid raw/private/noisy evidence growth"
"WFC-StateSearch-v3.5\Round-08-20260923-122059-D12-W5\FINAL-status.txt","589","6A07F56A3F0751E8B2F50BD386D5E1FA01973873D25A69A54D33ADAF707F64BE","2026-09-23T12:22:19.077+08:00","RAW_OR_UNSELECTED_EVIDENCE","StateSearcher","HOST_ONLY_RAW_EVIDENCE","Retained unchanged on Computer A; not committed to avoid raw/private/noisy evidence growth"
"WFC-StateSearch-v3.5\Round-08-20260923-122059-D12-W5\timeline.csv","2418","DA7B967FDD6EC5880C25656E67DB492DE1BA12D6F2EFDE9159BD6D98220AFC05","2026-09-23T12:22:15.831+08:00","SOURCE_OR_SELECTED_EVIDENCE","StateSearcher","TRACKED",""
"WFC-StateSearch-v3.5\Round-09-20260923-122224-D15-W8\cellular-baseline-slot1.txt","2280","F2F9968F01D1658DAB14429714506BC69377528D10E57FBA1848F284701C638C","2026-09-23T12:22:30.951+08:00","RAW_OR_UNSELECTED_EVIDENCE","StateSearcher","HOST_ONLY_RAW_EVIDENCE","Retained unchanged on Computer A; not committed to avoid raw/private/noisy evidence growth"
"WFC-StateSearch-v3.5\Round-09-20260923-122224-D15-W8\FINAL-keylog.txt","47324","0712D25D11A8409423C87D8BD56545297D6561DB983338299911C34F0DAD29E1","2026-09-23T12:23:50.315+08:00","RAW_OR_UNSELECTED_EVIDENCE","StateSearcher","HOST_ONLY_RAW_EVIDENCE","Retained unchanged on Computer A; not committed to avoid raw/private/noisy evidence growth"
"WFC-StateSearch-v3.5\Round-09-20260923-122224-D15-W8\FINAL-slot1.txt","1593","C1E4B4247B5C0D7415E180DB28CBF2DCAF68B7064D2AE800AC5D6E956E43567B","2026-09-23T12:23:50.313+08:00","RAW_OR_UNSELECTED_EVIDENCE","StateSearcher","HOST_ONLY_RAW_EVIDENCE","Retained unchanged on Computer A; not committed to avoid raw/private/noisy evidence growth"
"WFC-StateSearch-v3.5\Round-09-20260923-122224-D15-W8\FINAL-status.txt","589","6A07F56A3F0751E8B2F50BD386D5E1FA01973873D25A69A54D33ADAF707F64BE","2026-09-23T12:23:50.312+08:00","RAW_OR_UNSELECTED_EVIDENCE","StateSearcher","HOST_ONLY_RAW_EVIDENCE","Retained unchanged on Computer A; not committed to avoid raw/private/noisy evidence growth"
"WFC-StateSearch-v3.5\Round-09-20260923-122224-D15-W8\timeline.csv","2418","2B0ED5891B7719E806093E65642ED3F9610AA3DCAE251F04F2A3A49410D8A351","2026-09-23T12:23:47.210+08:00","SOURCE_OR_SELECTED_EVIDENCE","StateSearcher","TRACKED",""
"WFC-StateSearch-v3.5\Round-10-20260923-122355-D15-W1\cellular-baseline-slot1.txt","2280","F2F9968F01D1658DAB14429714506BC69377528D10E57FBA1848F284701C638C","2026-09-23T12:24:02.222+08:00","RAW_OR_UNSELECTED_EVIDENCE","StateSearcher","HOST_ONLY_RAW_EVIDENCE","Retained unchanged on Computer A; not committed to avoid raw/private/noisy evidence growth"
"WFC-StateSearch-v3.5\Round-10-20260923-122355-D15-W1\FINAL-keylog.txt","49315","45198F4EFBEEC00B9AC38D26FA773E1FA9DBFC2B9D045253FA96B557263F7FEA","2026-09-23T12:25:13.361+08:00","RAW_OR_UNSELECTED_EVIDENCE","StateSearcher","HOST_ONLY_RAW_EVIDENCE","Retained unchanged on Computer A; not committed to avoid raw/private/noisy evidence growth"
"WFC-StateSearch-v3.5\Round-10-20260923-122355-D15-W1\FINAL-slot1.txt","1593","C1E4B4247B5C0D7415E180DB28CBF2DCAF68B7064D2AE800AC5D6E956E43567B","2026-09-23T12:25:13.360+08:00","RAW_OR_UNSELECTED_EVIDENCE","StateSearcher","HOST_ONLY_RAW_EVIDENCE","Retained unchanged on Computer A; not committed to avoid raw/private/noisy evidence growth"
"WFC-StateSearch-v3.5\Round-10-20260923-122355-D15-W1\FINAL-status.txt","589","6A07F56A3F0751E8B2F50BD386D5E1FA01973873D25A69A54D33ADAF707F64BE","2026-09-23T12:25:13.358+08:00","RAW_OR_UNSELECTED_EVIDENCE","StateSearcher","HOST_ONLY_RAW_EVIDENCE","Retained unchanged on Computer A; not committed to avoid raw/private/noisy evidence growth"
"WFC-StateSearch-v3.5\Round-10-20260923-122355-D15-W1\timeline.csv","2418","DE18658A96E62DBC8C665E207CE7AC64EDCEACE146680613DC210978BE1715C9","2026-09-23T12:25:10.200+08:00","SOURCE_OR_SELECTED_EVIDENCE","StateSearcher","TRACKED",""
"WFC-StateSearch-v3.5\Round-11-20260923-122518-D20-W12\cellular-baseline-slot1.txt","2280","F2F9968F01D1658DAB14429714506BC69377528D10E57FBA1848F284701C638C","2026-09-23T12:25:25.487+08:00","RAW_OR_UNSELECTED_EVIDENCE","StateSearcher","HOST_ONLY_RAW_EVIDENCE","Retained unchanged on Computer A; not committed to avoid raw/private/noisy evidence growth"
"WFC-StateSearch-v3.5\Round-11-20260923-122518-D20-W12\FINAL-keylog.txt","42584","25944AC81A6C6FCCE2C36822789F0924814FEA9F811C04C69628B32A0DBA0B92","2026-09-23T12:26:54.636+08:00","RAW_OR_UNSELECTED_EVIDENCE","StateSearcher","HOST_ONLY_RAW_EVIDENCE","Retained unchanged on Computer A; not committed to avoid raw/private/noisy evidence growth"
"WFC-StateSearch-v3.5\Round-11-20260923-122518-D20-W12\FINAL-slot1.txt","1593","C1E4B4247B5C0D7415E180DB28CBF2DCAF68B7064D2AE800AC5D6E956E43567B","2026-09-23T12:26:54.635+08:00","RAW_OR_UNSELECTED_EVIDENCE","StateSearcher","HOST_ONLY_RAW_EVIDENCE","Retained unchanged on Computer A; not committed to avoid raw/private/noisy evidence growth"
"WFC-StateSearch-v3.5\Round-11-20260923-122518-D20-W12\FINAL-status.txt","589","6A07F56A3F0751E8B2F50BD386D5E1FA01973873D25A69A54D33ADAF707F64BE","2026-09-23T12:26:54.634+08:00","RAW_OR_UNSELECTED_EVIDENCE","StateSearcher","HOST_ONLY_RAW_EVIDENCE","Retained unchanged on Computer A; not committed to avoid raw/private/noisy evidence growth"
"WFC-StateSearch-v3.5\Round-11-20260923-122518-D20-W12\timeline.csv","2418","A16C8642A28B441B8CFB37822AC1BFAFDE7D46F1FC396D68C9CAB9337CC7EDE4","2026-09-23T12:26:51.422+08:00","SOURCE_OR_SELECTED_EVIDENCE","StateSearcher","TRACKED",""
"WFC-StateSearch-v3.5\Round-12-20260923-122659-D20-W2\cellular-baseline-slot1.txt","2280","F2F9968F01D1658DAB14429714506BC69377528D10E57FBA1848F284701C638C","2026-09-23T12:27:06.458+08:00","RAW_OR_UNSELECTED_EVIDENCE","StateSearcher","HOST_ONLY_RAW_EVIDENCE","Retained unchanged on Computer A; not committed to avoid raw/private/noisy evidence growth"
"WFC-StateSearch-v3.5\Round-12-20260923-122659-D20-W2\FINAL-keylog.txt","49315","61D011C2892CA7AA8EFDCC94B40EC13BA2E1DE044EAB2B4D188C0FBE21C71284","2026-09-23T12:28:25.069+08:00","RAW_OR_UNSELECTED_EVIDENCE","StateSearcher","HOST_ONLY_RAW_EVIDENCE","Retained unchanged on Computer A; not committed to avoid raw/private/noisy evidence growth"
"WFC-StateSearch-v3.5\Round-12-20260923-122659-D20-W2\FINAL-slot1.txt","1593","C1E4B4247B5C0D7415E180DB28CBF2DCAF68B7064D2AE800AC5D6E956E43567B","2026-09-23T12:28:25.068+08:00","RAW_OR_UNSELECTED_EVIDENCE","StateSearcher","HOST_ONLY_RAW_EVIDENCE","Retained unchanged on Computer A; not committed to avoid raw/private/noisy evidence growth"
"WFC-StateSearch-v3.5\Round-12-20260923-122659-D20-W2\FINAL-status.txt","589","6A07F56A3F0751E8B2F50BD386D5E1FA01973873D25A69A54D33ADAF707F64BE","2026-09-23T12:28:25.067+08:00","RAW_OR_UNSELECTED_EVIDENCE","StateSearcher","HOST_ONLY_RAW_EVIDENCE","Retained unchanged on Computer A; not committed to avoid raw/private/noisy evidence growth"
"WFC-StateSearch-v3.5\Round-12-20260923-122659-D20-W2\timeline.csv","2418","484E3EC9E9481374F2A29CA32F8360F10FFBF967B0C1B024CA25A810A03ED469","2026-09-23T12:28:21.832+08:00","SOURCE_OR_SELECTED_EVIDENCE","StateSearcher","TRACKED",""
"WFC-StateSearch-v3.5\Round-13-20260923-122830-D30-W5\cellular-baseline-slot1.txt","2281","66F5D92A27958CD0B5D711CE4FA66EFD44789389BCCC4818D696C391D74CDCE6","2026-09-23T12:28:37.022+08:00","RAW_OR_UNSELECTED_EVIDENCE","StateSearcher","HOST_ONLY_RAW_EVIDENCE","Retained unchanged on Computer A; not committed to avoid raw/private/noisy evidence growth"
"WFC-StateSearch-v3.5\Round-13-20260923-122830-D30-W5\FINAL-keylog.txt","47324","8925E0764F6922AA9E5AD781EC1FF5C3B790E434C6EE5973EFBD6A7C7D13851F","2026-09-23T12:30:05.559+08:00","RAW_OR_UNSELECTED_EVIDENCE","StateSearcher","HOST_ONLY_RAW_EVIDENCE","Retained unchanged on Computer A; not committed to avoid raw/private/noisy evidence growth"
"WFC-StateSearch-v3.5\Round-13-20260923-122830-D30-W5\FINAL-slot1.txt","1593","C1E4B4247B5C0D7415E180DB28CBF2DCAF68B7064D2AE800AC5D6E956E43567B","2026-09-23T12:30:05.557+08:00","RAW_OR_UNSELECTED_EVIDENCE","StateSearcher","HOST_ONLY_RAW_EVIDENCE","Retained unchanged on Computer A; not committed to avoid raw/private/noisy evidence growth"
"WFC-StateSearch-v3.5\Round-13-20260923-122830-D30-W5\FINAL-status.txt","589","6A07F56A3F0751E8B2F50BD386D5E1FA01973873D25A69A54D33ADAF707F64BE","2026-09-23T12:30:05.556+08:00","RAW_OR_UNSELECTED_EVIDENCE","StateSearcher","HOST_ONLY_RAW_EVIDENCE","Retained unchanged on Computer A; not committed to avoid raw/private/noisy evidence growth"
"WFC-StateSearch-v3.5\Round-13-20260923-122830-D30-W5\timeline.csv","2144","E2A3D7EF5816FE77FA1D4F520BB1E82F51CEB3A878DA33B1E0479C2B114316EE","2026-09-23T12:30:01.948+08:00","SOURCE_OR_SELECTED_EVIDENCE","StateSearcher","TRACKED",""
"WFC-StateSearch-v3.5\Round-14-20260923-123011-D30-W3\cellular-baseline-slot1.txt","2281","66F5D92A27958CD0B5D711CE4FA66EFD44789389BCCC4818D696C391D74CDCE6","2026-09-23T12:30:18.302+08:00","RAW_OR_UNSELECTED_EVIDENCE","StateSearcher","HOST_ONLY_RAW_EVIDENCE","Retained unchanged on Computer A; not committed to avoid raw/private/noisy evidence growth"
"WFC-StateSearch-v3.5\Round-14-20260923-123011-D30-W3\FINAL-keylog.txt","49315","8D7879CF721D26D0BDDFFF5ACEEFD68BB3568C24D3267397D55135C9CDFBD234","2026-09-23T12:31:48.593+08:00","RAW_OR_UNSELECTED_EVIDENCE","StateSearcher","HOST_ONLY_RAW_EVIDENCE","Retained unchanged on Computer A; not committed to avoid raw/private/noisy evidence growth"
"WFC-StateSearch-v3.5\Round-14-20260923-123011-D30-W3\FINAL-slot1.txt","1593","C1E4B4247B5C0D7415E180DB28CBF2DCAF68B7064D2AE800AC5D6E956E43567B","2026-09-23T12:31:48.591+08:00","RAW_OR_UNSELECTED_EVIDENCE","StateSearcher","HOST_ONLY_RAW_EVIDENCE","Retained unchanged on Computer A; not committed to avoid raw/private/noisy evidence growth"
"WFC-StateSearch-v3.5\Round-14-20260923-123011-D30-W3\FINAL-status.txt","589","6A07F56A3F0751E8B2F50BD386D5E1FA01973873D25A69A54D33ADAF707F64BE","2026-09-23T12:31:48.590+08:00","RAW_OR_UNSELECTED_EVIDENCE","StateSearcher","HOST_ONLY_RAW_EVIDENCE","Retained unchanged on Computer A; not committed to avoid raw/private/noisy evidence growth"
"WFC-StateSearch-v3.5\Round-14-20260923-123011-D30-W3\timeline.csv","2418","66747972C75DD1513C9FED106A2783EB4FE1D1F1AAA2A6B2B5B900980ADC4E0E","2026-09-23T12:31:45.384+08:00","SOURCE_OR_SELECTED_EVIDENCE","StateSearcher","TRACKED",""
"WFC-StateSearch-v3.5\Round-15-20260923-123153-D45-W1\cellular-baseline-slot1.txt","2281","66F5D92A27958CD0B5D711CE4FA66EFD44789389BCCC4818D696C391D74CDCE6","2026-09-23T12:32:00.543+08:00","RAW_OR_UNSELECTED_EVIDENCE","StateSearcher","HOST_ONLY_RAW_EVIDENCE","Retained unchanged on Computer A; not committed to avoid raw/private/noisy evidence growth"
"WFC-StateSearch-v3.5\Round-15-20260923-123153-D45-W1\FINAL-keylog.txt","47324","FBEC3784BA7DF4C74EAAE4E146D4F67119BF37F7C12361B68D4143ABAEA803BA","2026-09-23T12:33:43.519+08:00","RAW_OR_UNSELECTED_EVIDENCE","StateSearcher","HOST_ONLY_RAW_EVIDENCE","Retained unchanged on Computer A; not committed to avoid raw/private/noisy evidence growth"
"WFC-StateSearch-v3.5\Round-15-20260923-123153-D45-W1\FINAL-slot1.txt","1593","C1E4B4247B5C0D7415E180DB28CBF2DCAF68B7064D2AE800AC5D6E956E43567B","2026-09-23T12:33:43.516+08:00","RAW_OR_UNSELECTED_EVIDENCE","StateSearcher","HOST_ONLY_RAW_EVIDENCE","Retained unchanged on Computer A; not committed to avoid raw/private/noisy evidence growth"
"WFC-StateSearch-v3.5\Round-15-20260923-123153-D45-W1\FINAL-status.txt","589","6A07F56A3F0751E8B2F50BD386D5E1FA01973873D25A69A54D33ADAF707F64BE","2026-09-23T12:33:43.515+08:00","RAW_OR_UNSELECTED_EVIDENCE","StateSearcher","HOST_ONLY_RAW_EVIDENCE","Retained unchanged on Computer A; not committed to avoid raw/private/noisy evidence growth"
"WFC-StateSearch-v3.5\Round-15-20260923-123153-D45-W1\timeline.csv","2418","97A7D1C80EE654162DBEA403209C936E592C04C91002D8F02341C895CA4F8863","2026-09-23T12:33:40.417+08:00","SOURCE_OR_SELECTED_EVIDENCE","StateSearcher","TRACKED",""
"WFC-StateSearch-v3.5\Round-16-20260923-123348-D45-W8\cellular-baseline-slot1.txt","2280","F2F9968F01D1658DAB14429714506BC69377528D10E57FBA1848F284701C638C","2026-09-23T12:33:55.319+08:00","RAW_OR_UNSELECTED_EVIDENCE","StateSearcher","HOST_ONLY_RAW_EVIDENCE","Retained unchanged on Computer A; not committed to avoid raw/private/noisy evidence growth"
"WFC-StateSearch-v3.5\Round-16-20260923-123348-D45-W8\FINAL-keylog.txt","47324","71B879F01F2AF702F7ACC5B4AC65113E6E92D7E7106A9F88E4181DC2DAE43BC6","2026-09-23T12:35:45.064+08:00","RAW_OR_UNSELECTED_EVIDENCE","StateSearcher","HOST_ONLY_RAW_EVIDENCE","Retained unchanged on Computer A; not committed to avoid raw/private/noisy evidence growth"
"WFC-StateSearch-v3.5\Round-16-20260923-123348-D45-W8\FINAL-slot1.txt","1593","C1E4B4247B5C0D7415E180DB28CBF2DCAF68B7064D2AE800AC5D6E956E43567B","2026-09-23T12:35:45.060+08:00","RAW_OR_UNSELECTED_EVIDENCE","StateSearcher","HOST_ONLY_RAW_EVIDENCE","Retained unchanged on Computer A; not committed to avoid raw/private/noisy evidence growth"
"WFC-StateSearch-v3.5\Round-16-20260923-123348-D45-W8\FINAL-status.txt","589","6A07F56A3F0751E8B2F50BD386D5E1FA01973873D25A69A54D33ADAF707F64BE","2026-09-23T12:35:45.059+08:00","RAW_OR_UNSELECTED_EVIDENCE","StateSearcher","HOST_ONLY_RAW_EVIDENCE","Retained unchanged on Computer A; not committed to avoid raw/private/noisy evidence growth"
"WFC-StateSearch-v3.5\Round-16-20260923-123348-D45-W8\timeline.csv","2418","295F278854BD081AB33A47F7E2CC123B605DD4047DBFD77510AF0AF579234B6F","2026-09-23T12:35:41.665+08:00","SOURCE_OR_SELECTED_EVIDENCE","StateSearcher","TRACKED",""
"WFC-StateSearch-v3.5\timing-history.csv","6498","0416781767B17FE1504CBCBE5E0C33001E55A513CD5785CABDBBA6396B4A71FA","2026-09-23T12:35:45.594+08:00","SOURCE_OR_SELECTED_EVIDENCE","StateSearcher","TRACKED",""
"WFC-StateSearch-v3.5\v3.5-main.log","30825","E6082AF6CB9CA7701FF316AD6A2A398A4BFEDB91A7C8162AE85B07F3B260856A","2026-09-23T12:35:45.073+08:00","SOURCE_OR_SELECTED_EVIDENCE","StateSearcher","TRACKED",""
"WFC-StateSearch-v3.zip","2175992","73AF590A9AD19136C7F18704B9B16D909B81E7CACAFF89D5AA191DA6E04BA9DC","2026-09-23T11:54:07.429+08:00","REDUNDANT_ARCHIVE","StateSearcher","HASH_INDEXED_ONLY","ZIP contents duplicate loose files or tracked content"
"WFC-StateSearch-v3\fingerprint-history.csv","4681","FCCE211B21F6BC8D4EA2999B3D27B73303CA59E64967B4278662F028F50CB24A","2026-09-23T11:52:59.222+08:00","SOURCE_OR_SELECTED_EVIDENCE","StateSearcher","TRACKED",""
"WFC-StateSearch-v3\Round-01-20260923-113739\cellular-baseline-slot1.txt","2281","66F5D92A27958CD0B5D711CE4FA66EFD44789389BCCC4818D696C391D74CDCE6","2026-09-23T11:37:46.545+08:00","RAW_OR_UNSELECTED_EVIDENCE","StateSearcher","HOST_ONLY_RAW_EVIDENCE","Retained unchanged on Computer A; not committed to avoid raw/private/noisy evidence growth"
"WFC-StateSearch-v3\Round-01-20260923-113739\PRE-V25-full-logcat.txt","1479734","3A7F50FB3D8A720C6240D97CAACE4FC3D0D34713D1CE2F0BC72EBA7B2E29B3CB","2026-09-23T11:38:39.196+08:00","LARGE_RAW_EVIDENCE","StateSearcher","HOST_ONLY_RAW_EVIDENCE","Retained unchanged on Computer A; not committed to avoid raw/private/noisy evidence growth"
"WFC-StateSearch-v3\Round-01-20260923-113739\PRE-V25-keylog.txt","87809","C7AF1DD4D1D5F96844D24E3ED469C93B0B54693743A1256034680DC362458615","2026-09-23T11:38:39.040+08:00","RAW_OR_UNSELECTED_EVIDENCE","StateSearcher","HOST_ONLY_RAW_EVIDENCE","Retained unchanged on Computer A; not committed to avoid raw/private/noisy evidence growth"
"WFC-StateSearch-v3\Round-01-20260923-113739\PRE-V25-slot1.txt","1593","54FA79A864B5CCE65A53DB8365A1AA3A83BAA9660CB4F54F73EAD882195990D0","2026-09-23T11:38:39.039+08:00","RAW_OR_UNSELECTED_EVIDENCE","StateSearcher","HOST_ONLY_RAW_EVIDENCE","Retained unchanged on Computer A; not committed to avoid raw/private/noisy evidence growth"
"WFC-StateSearch-v3\Round-01-20260923-113739\PRE-V25-status.txt","589","6A07F56A3F0751E8B2F50BD386D5E1FA01973873D25A69A54D33ADAF707F64BE","2026-09-23T11:38:39.038+08:00","RAW_OR_UNSELECTED_EVIDENCE","StateSearcher","HOST_ONLY_RAW_EVIDENCE","Retained unchanged on Computer A; not committed to avoid raw/private/noisy evidence growth"
"WFC-StateSearch-v3\Round-01-20260923-113739\slot1-T10.txt","1593","54FA79A864B5CCE65A53DB8365A1AA3A83BAA9660CB4F54F73EAD882195990D0","2026-09-23T11:38:07.357+08:00","RAW_OR_UNSELECTED_EVIDENCE","StateSearcher","HOST_ONLY_RAW_EVIDENCE","Retained unchanged on Computer A; not committed to avoid raw/private/noisy evidence growth"
"WFC-StateSearch-v3\Round-01-20260923-113739\slot1-T15.txt","1593","54FA79A864B5CCE65A53DB8365A1AA3A83BAA9660CB4F54F73EAD882195990D0","2026-09-23T11:38:15.158+08:00","RAW_OR_UNSELECTED_EVIDENCE","StateSearcher","HOST_ONLY_RAW_EVIDENCE","Retained unchanged on Computer A; not committed to avoid raw/private/noisy evidence growth"
"WFC-StateSearch-v3\Round-01-20260923-113739\slot1-T20.txt","1593","54FA79A864B5CCE65A53DB8365A1AA3A83BAA9660CB4F54F73EAD882195990D0","2026-09-23T11:38:23.006+08:00","RAW_OR_UNSELECTED_EVIDENCE","StateSearcher","HOST_ONLY_RAW_EVIDENCE","Retained unchanged on Computer A; not committed to avoid raw/private/noisy evidence growth"
"WFC-StateSearch-v3\Round-01-20260923-113739\slot1-T30.txt","1593","54FA79A864B5CCE65A53DB8365A1AA3A83BAA9660CB4F54F73EAD882195990D0","2026-09-23T11:38:35.846+08:00","RAW_OR_UNSELECTED_EVIDENCE","StateSearcher","HOST_ONLY_RAW_EVIDENCE","Retained unchanged on Computer A; not committed to avoid raw/private/noisy evidence growth"
"WFC-StateSearch-v3\Round-01-20260923-113739\slot1-T5.txt","1593","54FA79A864B5CCE65A53DB8365A1AA3A83BAA9660CB4F54F73EAD882195990D0","2026-09-23T11:37:59.409+08:00","RAW_OR_UNSELECTED_EVIDENCE","StateSearcher","HOST_ONLY_RAW_EVIDENCE","Retained unchanged on Computer A; not committed to avoid raw/private/noisy evidence growth"
"WFC-StateSearch-v3\Round-01-20260923-113739\status-T10.txt","589","6A07F56A3F0751E8B2F50BD386D5E1FA01973873D25A69A54D33ADAF707F64BE","2026-09-23T11:38:07.354+08:00","RAW_OR_UNSELECTED_EVIDENCE","StateSearcher","HOST_ONLY_RAW_EVIDENCE","Retained unchanged on Computer A; not committed to avoid raw/private/noisy evidence growth"
"WFC-StateSearch-v3\Round-01-20260923-113739\status-T15.txt","589","6A07F56A3F0751E8B2F50BD386D5E1FA01973873D25A69A54D33ADAF707F64BE","2026-09-23T11:38:15.156+08:00","RAW_OR_UNSELECTED_EVIDENCE","StateSearcher","HOST_ONLY_RAW_EVIDENCE","Retained unchanged on Computer A; not committed to avoid raw/private/noisy evidence growth"
"WFC-StateSearch-v3\Round-01-20260923-113739\status-T20.txt","589","6A07F56A3F0751E8B2F50BD386D5E1FA01973873D25A69A54D33ADAF707F64BE","2026-09-23T11:38:23.005+08:00","RAW_OR_UNSELECTED_EVIDENCE","StateSearcher","HOST_ONLY_RAW_EVIDENCE","Retained unchanged on Computer A; not committed to avoid raw/private/noisy evidence growth"
"WFC-StateSearch-v3\Round-01-20260923-113739\status-T30.txt","589","6A07F56A3F0751E8B2F50BD386D5E1FA01973873D25A69A54D33ADAF707F64BE","2026-09-23T11:38:35.844+08:00","RAW_OR_UNSELECTED_EVIDENCE","StateSearcher","HOST_ONLY_RAW_EVIDENCE","Retained unchanged on Computer A; not committed to avoid raw/private/noisy evidence growth"
"WFC-StateSearch-v3\Round-01-20260923-113739\status-T5.txt","589","6A07F56A3F0751E8B2F50BD386D5E1FA01973873D25A69A54D33ADAF707F64BE","2026-09-23T11:37:59.406+08:00","RAW_OR_UNSELECTED_EVIDENCE","StateSearcher","HOST_ONLY_RAW_EVIDENCE","Retained unchanged on Computer A; not committed to avoid raw/private/noisy evidence growth"
"WFC-StateSearch-v3\Round-01-20260923-114009\cellular-baseline-slot1.txt","2280","F2F9968F01D1658DAB14429714506BC69377528D10E57FBA1848F284701C638C","2026-09-23T11:40:16.423+08:00","RAW_OR_UNSELECTED_EVIDENCE","StateSearcher","HOST_ONLY_RAW_EVIDENCE","Retained unchanged on Computer A; not committed to avoid raw/private/noisy evidence growth"
"WFC-StateSearch-v3\Round-01-20260923-114009\PRE-V25-full-logcat.txt","1466289","4A985205DFD2A91FDC0726358E4AC81ABEC69F47CF036FDF2F41902897D487FC","2026-09-23T11:41:08.389+08:00","LARGE_RAW_EVIDENCE","StateSearcher","HOST_ONLY_RAW_EVIDENCE","Retained unchanged on Computer A; not committed to avoid raw/private/noisy evidence growth"
"WFC-StateSearch-v3\Round-01-20260923-114009\PRE-V25-keylog.txt","24853","B573F20A626D01A85572FF5F79E69054FF53D65FFAD40F604EA35FEDA52E5667","2026-09-23T11:41:08.219+08:00","RAW_OR_UNSELECTED_EVIDENCE","StateSearcher","HOST_ONLY_RAW_EVIDENCE","Retained unchanged on Computer A; not committed to avoid raw/private/noisy evidence growth"
"WFC-StateSearch-v3\Round-01-20260923-114009\PRE-V25-slot1.txt","1593","54FA79A864B5CCE65A53DB8365A1AA3A83BAA9660CB4F54F73EAD882195990D0","2026-09-23T11:41:08.218+08:00","RAW_OR_UNSELECTED_EVIDENCE","StateSearcher","HOST_ONLY_RAW_EVIDENCE","Retained unchanged on Computer A; not committed to avoid raw/private/noisy evidence growth"
"WFC-StateSearch-v3\Round-01-20260923-114009\PRE-V25-status.txt","589","6A07F56A3F0751E8B2F50BD386D5E1FA01973873D25A69A54D33ADAF707F64BE","2026-09-23T11:41:08.217+08:00","RAW_OR_UNSELECTED_EVIDENCE","StateSearcher","HOST_ONLY_RAW_EVIDENCE","Retained unchanged on Computer A; not committed to avoid raw/private/noisy evidence growth"
"WFC-StateSearch-v3\Round-01-20260923-114009\slot1-T10.txt","1593","54FA79A864B5CCE65A53DB8365A1AA3A83BAA9660CB4F54F73EAD882195990D0","2026-09-23T11:40:37.002+08:00","RAW_OR_UNSELECTED_EVIDENCE","StateSearcher","HOST_ONLY_RAW_EVIDENCE","Retained unchanged on Computer A; not committed to avoid raw/private/noisy evidence growth"
"WFC-StateSearch-v3\Round-01-20260923-114009\slot1-T15.txt","1593","54FA79A864B5CCE65A53DB8365A1AA3A83BAA9660CB4F54F73EAD882195990D0","2026-09-23T11:40:44.844+08:00","RAW_OR_UNSELECTED_EVIDENCE","StateSearcher","HOST_ONLY_RAW_EVIDENCE","Retained unchanged on Computer A; not committed to avoid raw/private/noisy evidence growth"
"WFC-StateSearch-v3\Round-01-20260923-114009\slot1-T20.txt","1593","54FA79A864B5CCE65A53DB8365A1AA3A83BAA9660CB4F54F73EAD882195990D0","2026-09-23T11:40:52.699+08:00","RAW_OR_UNSELECTED_EVIDENCE","StateSearcher","HOST_ONLY_RAW_EVIDENCE","Retained unchanged on Computer A; not committed to avoid raw/private/noisy evidence growth"
"WFC-StateSearch-v3\Round-01-20260923-114009\slot1-T30.txt","1593","54FA79A864B5CCE65A53DB8365A1AA3A83BAA9660CB4F54F73EAD882195990D0","2026-09-23T11:41:05.010+08:00","RAW_OR_UNSELECTED_EVIDENCE","StateSearcher","HOST_ONLY_RAW_EVIDENCE","Retained unchanged on Computer A; not committed to avoid raw/private/noisy evidence growth"
"WFC-StateSearch-v3\Round-01-20260923-114009\slot1-T5.txt","1593","54FA79A864B5CCE65A53DB8365A1AA3A83BAA9660CB4F54F73EAD882195990D0","2026-09-23T11:40:29.088+08:00","RAW_OR_UNSELECTED_EVIDENCE","StateSearcher","HOST_ONLY_RAW_EVIDENCE","Retained unchanged on Computer A; not committed to avoid raw/private/noisy evidence growth"
"WFC-StateSearch-v3\Round-01-20260923-114009\status-T10.txt","589","6A07F56A3F0751E8B2F50BD386D5E1FA01973873D25A69A54D33ADAF707F64BE","2026-09-23T11:40:37.000+08:00","RAW_OR_UNSELECTED_EVIDENCE","StateSearcher","HOST_ONLY_RAW_EVIDENCE","Retained unchanged on Computer A; not committed to avoid raw/private/noisy evidence growth"
"WFC-StateSearch-v3\Round-01-20260923-114009\status-T15.txt","589","6A07F56A3F0751E8B2F50BD386D5E1FA01973873D25A69A54D33ADAF707F64BE","2026-09-23T11:40:44.843+08:00","RAW_OR_UNSELECTED_EVIDENCE","StateSearcher","HOST_ONLY_RAW_EVIDENCE","Retained unchanged on Computer A; not committed to avoid raw/private/noisy evidence growth"
"WFC-StateSearch-v3\Round-01-20260923-114009\status-T20.txt","589","6A07F56A3F0751E8B2F50BD386D5E1FA01973873D25A69A54D33ADAF707F64BE","2026-09-23T11:40:52.697+08:00","RAW_OR_UNSELECTED_EVIDENCE","StateSearcher","HOST_ONLY_RAW_EVIDENCE","Retained unchanged on Computer A; not committed to avoid raw/private/noisy evidence growth"
"WFC-StateSearch-v3\Round-01-20260923-114009\status-T30.txt","589","6A07F56A3F0751E8B2F50BD386D5E1FA01973873D25A69A54D33ADAF707F64BE","2026-09-23T11:41:05.008+08:00","RAW_OR_UNSELECTED_EVIDENCE","StateSearcher","HOST_ONLY_RAW_EVIDENCE","Retained unchanged on Computer A; not committed to avoid raw/private/noisy evidence growth"
"WFC-StateSearch-v3\Round-01-20260923-114009\status-T5.txt","589","6A07F56A3F0751E8B2F50BD386D5E1FA01973873D25A69A54D33ADAF707F64BE","2026-09-23T11:40:29.087+08:00","RAW_OR_UNSELECTED_EVIDENCE","StateSearcher","HOST_ONLY_RAW_EVIDENCE","Retained unchanged on Computer A; not committed to avoid raw/private/noisy evidence growth"
"WFC-StateSearch-v3\Round-02-20260923-114113\cellular-baseline-slot1.txt","2280","F2F9968F01D1658DAB14429714506BC69377528D10E57FBA1848F284701C638C","2026-09-23T11:41:20.357+08:00","RAW_OR_UNSELECTED_EVIDENCE","StateSearcher","HOST_ONLY_RAW_EVIDENCE","Retained unchanged on Computer A; not committed to avoid raw/private/noisy evidence growth"
"WFC-StateSearch-v3\Round-02-20260923-114113\PRE-V25-full-logcat.txt","1332811","73793E0C73CC1E77BE63223A22A492997154F0AEC0AE3C357EF35ADC114DEF7C","2026-09-23T11:42:12.675+08:00","LARGE_RAW_EVIDENCE","StateSearcher","HOST_ONLY_RAW_EVIDENCE","Retained unchanged on Computer A; not committed to avoid raw/private/noisy evidence growth"
"WFC-StateSearch-v3\Round-02-20260923-114113\PRE-V25-keylog.txt","71497","890779322857694F56446FE175E64E9EC8A97C53C717FF027BFBE2D77CCED3DA","2026-09-23T11:42:12.514+08:00","RAW_OR_UNSELECTED_EVIDENCE","StateSearcher","HOST_ONLY_RAW_EVIDENCE","Retained unchanged on Computer A; not committed to avoid raw/private/noisy evidence growth"
"WFC-StateSearch-v3\Round-02-20260923-114113\PRE-V25-slot1.txt","1593","C1E4B4247B5C0D7415E180DB28CBF2DCAF68B7064D2AE800AC5D6E956E43567B","2026-09-23T11:42:12.511+08:00","RAW_OR_UNSELECTED_EVIDENCE","StateSearcher","HOST_ONLY_RAW_EVIDENCE","Retained unchanged on Computer A; not committed to avoid raw/private/noisy evidence growth"
"WFC-StateSearch-v3\Round-02-20260923-114113\PRE-V25-status.txt","589","6A07F56A3F0751E8B2F50BD386D5E1FA01973873D25A69A54D33ADAF707F64BE","2026-09-23T11:42:12.510+08:00","RAW_OR_UNSELECTED_EVIDENCE","StateSearcher","HOST_ONLY_RAW_EVIDENCE","Retained unchanged on Computer A; not committed to avoid raw/private/noisy evidence growth"
"WFC-StateSearch-v3\Round-02-20260923-114113\slot1-T10.txt","1593","C1E4B4247B5C0D7415E180DB28CBF2DCAF68B7064D2AE800AC5D6E956E43567B","2026-09-23T11:41:40.845+08:00","RAW_OR_UNSELECTED_EVIDENCE","StateSearcher","HOST_ONLY_RAW_EVIDENCE","Retained unchanged on Computer A; not committed to avoid raw/private/noisy evidence growth"
"WFC-StateSearch-v3\Round-02-20260923-114113\slot1-T15.txt","1593","C1E4B4247B5C0D7415E180DB28CBF2DCAF68B7064D2AE800AC5D6E956E43567B","2026-09-23T11:41:48.780+08:00","RAW_OR_UNSELECTED_EVIDENCE","StateSearcher","HOST_ONLY_RAW_EVIDENCE","Retained unchanged on Computer A; not committed to avoid raw/private/noisy evidence growth"
"WFC-StateSearch-v3\Round-02-20260923-114113\slot1-T20.txt","1593","C1E4B4247B5C0D7415E180DB28CBF2DCAF68B7064D2AE800AC5D6E956E43567B","2026-09-23T11:41:56.610+08:00","RAW_OR_UNSELECTED_EVIDENCE","StateSearcher","HOST_ONLY_RAW_EVIDENCE","Retained unchanged on Computer A; not committed to avoid raw/private/noisy evidence growth"
"WFC-StateSearch-v3\Round-02-20260923-114113\slot1-T30.txt","1593","C1E4B4247B5C0D7415E180DB28CBF2DCAF68B7064D2AE800AC5D6E956E43567B","2026-09-23T11:42:09.420+08:00","RAW_OR_UNSELECTED_EVIDENCE","StateSearcher","HOST_ONLY_RAW_EVIDENCE","Retained unchanged on Computer A; not committed to avoid raw/private/noisy evidence growth"
"WFC-StateSearch-v3\Round-02-20260923-114113\slot1-T5.txt","1593","C1E4B4247B5C0D7415E180DB28CBF2DCAF68B7064D2AE800AC5D6E956E43567B","2026-09-23T11:41:33.000+08:00","RAW_OR_UNSELECTED_EVIDENCE","StateSearcher","HOST_ONLY_RAW_EVIDENCE","Retained unchanged on Computer A; not committed to avoid raw/private/noisy evidence growth"
"WFC-StateSearch-v3\Round-02-20260923-114113\status-T10.txt","589","6A07F56A3F0751E8B2F50BD386D5E1FA01973873D25A69A54D33ADAF707F64BE","2026-09-23T11:41:40.843+08:00","RAW_OR_UNSELECTED_EVIDENCE","StateSearcher","HOST_ONLY_RAW_EVIDENCE","Retained unchanged on Computer A; not committed to avoid raw/private/noisy evidence growth"
"WFC-StateSearch-v3\Round-02-20260923-114113\status-T15.txt","589","6A07F56A3F0751E8B2F50BD386D5E1FA01973873D25A69A54D33ADAF707F64BE","2026-09-23T11:41:48.779+08:00","RAW_OR_UNSELECTED_EVIDENCE","StateSearcher","HOST_ONLY_RAW_EVIDENCE","Retained unchanged on Computer A; not committed to avoid raw/private/noisy evidence growth"
"WFC-StateSearch-v3\Round-02-20260923-114113\status-T20.txt","589","6A07F56A3F0751E8B2F50BD386D5E1FA01973873D25A69A54D33ADAF707F64BE","2026-09-23T11:41:56.609+08:00","RAW_OR_UNSELECTED_EVIDENCE","StateSearcher","HOST_ONLY_RAW_EVIDENCE","Retained unchanged on Computer A; not committed to avoid raw/private/noisy evidence growth"
"WFC-StateSearch-v3\Round-02-20260923-114113\status-T30.txt","589","6A07F56A3F0751E8B2F50BD386D5E1FA01973873D25A69A54D33ADAF707F64BE","2026-09-23T11:42:09.419+08:00","RAW_OR_UNSELECTED_EVIDENCE","StateSearcher","HOST_ONLY_RAW_EVIDENCE","Retained unchanged on Computer A; not committed to avoid raw/private/noisy evidence growth"
"WFC-StateSearch-v3\Round-02-20260923-114113\status-T5.txt","589","6A07F56A3F0751E8B2F50BD386D5E1FA01973873D25A69A54D33ADAF707F64BE","2026-09-23T11:41:32.998+08:00","RAW_OR_UNSELECTED_EVIDENCE","StateSearcher","HOST_ONLY_RAW_EVIDENCE","Retained unchanged on Computer A; not committed to avoid raw/private/noisy evidence growth"
"WFC-StateSearch-v3\Round-03-20260923-114218\cellular-baseline-slot1.txt","2281","66F5D92A27958CD0B5D711CE4FA66EFD44789389BCCC4818D696C391D74CDCE6","2026-09-23T11:42:24.589+08:00","RAW_OR_UNSELECTED_EVIDENCE","StateSearcher","HOST_ONLY_RAW_EVIDENCE","Retained unchanged on Computer A; not committed to avoid raw/private/noisy evidence growth"
"WFC-StateSearch-v3\Round-03-20260923-114218\PRE-V25-full-logcat.txt","1362166","152157B77D30385942248FB40760FC8C9863D2EB53C1AED00F99CCEF4F37817A","2026-09-23T11:43:17.332+08:00","LARGE_RAW_EVIDENCE","StateSearcher","HOST_ONLY_RAW_EVIDENCE","Retained unchanged on Computer A; not committed to avoid raw/private/noisy evidence growth"
"WFC-StateSearch-v3\Round-03-20260923-114218\PRE-V25-keylog.txt","60516","E6BB7692B6019C335FA6DD97F7D13725CAD55968DB774EB7F098E171DD913F1A","2026-09-23T11:43:16.975+08:00","RAW_OR_UNSELECTED_EVIDENCE","StateSearcher","HOST_ONLY_RAW_EVIDENCE","Retained unchanged on Computer A; not committed to avoid raw/private/noisy evidence growth"
"WFC-StateSearch-v3\Round-03-20260923-114218\PRE-V25-slot1.txt","1593","54FA79A864B5CCE65A53DB8365A1AA3A83BAA9660CB4F54F73EAD882195990D0","2026-09-23T11:43:16.974+08:00","RAW_OR_UNSELECTED_EVIDENCE","StateSearcher","HOST_ONLY_RAW_EVIDENCE","Retained unchanged on Computer A; not committed to avoid raw/private/noisy evidence growth"
"WFC-StateSearch-v3\Round-03-20260923-114218\PRE-V25-status.txt","589","6A07F56A3F0751E8B2F50BD386D5E1FA01973873D25A69A54D33ADAF707F64BE","2026-09-23T11:43:16.973+08:00","RAW_OR_UNSELECTED_EVIDENCE","StateSearcher","HOST_ONLY_RAW_EVIDENCE","Retained unchanged on Computer A; not committed to avoid raw/private/noisy evidence growth"
"WFC-StateSearch-v3\Round-03-20260923-114218\slot1-T10.txt","1593","54FA79A864B5CCE65A53DB8365A1AA3A83BAA9660CB4F54F73EAD882195990D0","2026-09-23T11:42:45.061+08:00","RAW_OR_UNSELECTED_EVIDENCE","StateSearcher","HOST_ONLY_RAW_EVIDENCE","Retained unchanged on Computer A; not committed to avoid raw/private/noisy evidence growth"
"WFC-StateSearch-v3\Round-03-20260923-114218\slot1-T15.txt","1593","54FA79A864B5CCE65A53DB8365A1AA3A83BAA9660CB4F54F73EAD882195990D0","2026-09-23T11:42:52.999+08:00","RAW_OR_UNSELECTED_EVIDENCE","StateSearcher","HOST_ONLY_RAW_EVIDENCE","Retained unchanged on Computer A; not committed to avoid raw/private/noisy evidence growth"
"WFC-StateSearch-v3\Round-03-20260923-114218\slot1-T20.txt","1593","54FA79A864B5CCE65A53DB8365A1AA3A83BAA9660CB4F54F73EAD882195990D0","2026-09-23T11:43:00.906+08:00","RAW_OR_UNSELECTED_EVIDENCE","StateSearcher","HOST_ONLY_RAW_EVIDENCE","Retained unchanged on Computer A; not committed to avoid raw/private/noisy evidence growth"
"WFC-StateSearch-v3\Round-03-20260923-114218\slot1-T30.txt","1593","54FA79A864B5CCE65A53DB8365A1AA3A83BAA9660CB4F54F73EAD882195990D0","2026-09-23T11:43:13.724+08:00","RAW_OR_UNSELECTED_EVIDENCE","StateSearcher","HOST_ONLY_RAW_EVIDENCE","Retained unchanged on Computer A; not committed to avoid raw/private/noisy evidence growth"
"WFC-StateSearch-v3\Round-03-20260923-114218\slot1-T5.txt","1593","54FA79A864B5CCE65A53DB8365A1AA3A83BAA9660CB4F54F73EAD882195990D0","2026-09-23T11:42:37.234+08:00","RAW_OR_UNSELECTED_EVIDENCE","StateSearcher","HOST_ONLY_RAW_EVIDENCE","Retained unchanged on Computer A; not committed to avoid raw/private/noisy evidence growth"
"WFC-StateSearch-v3\Round-03-20260923-114218\status-T10.txt","589","6A07F56A3F0751E8B2F50BD386D5E1FA01973873D25A69A54D33ADAF707F64BE","2026-09-23T11:42:45.060+08:00","RAW_OR_UNSELECTED_EVIDENCE","StateSearcher","HOST_ONLY_RAW_EVIDENCE","Retained unchanged on Computer A; not committed to avoid raw/private/noisy evidence growth"
"WFC-StateSearch-v3\Round-03-20260923-114218\status-T15.txt","589","6A07F56A3F0751E8B2F50BD386D5E1FA01973873D25A69A54D33ADAF707F64BE","2026-09-23T11:42:52.997+08:00","RAW_OR_UNSELECTED_EVIDENCE","StateSearcher","HOST_ONLY_RAW_EVIDENCE","Retained unchanged on Computer A; not committed to avoid raw/private/noisy evidence growth"
"WFC-StateSearch-v3\Round-03-20260923-114218\status-T20.txt","589","6A07F56A3F0751E8B2F50BD386D5E1FA01973873D25A69A54D33ADAF707F64BE","2026-09-23T11:43:00.905+08:00","RAW_OR_UNSELECTED_EVIDENCE","StateSearcher","HOST_ONLY_RAW_EVIDENCE","Retained unchanged on Computer A; not committed to avoid raw/private/noisy evidence growth"
"WFC-StateSearch-v3\Round-03-20260923-114218\status-T30.txt","589","6A07F56A3F0751E8B2F50BD386D5E1FA01973873D25A69A54D33ADAF707F64BE","2026-09-23T11:43:13.723+08:00","RAW_OR_UNSELECTED_EVIDENCE","StateSearcher","HOST_ONLY_RAW_EVIDENCE","Retained unchanged on Computer A; not committed to avoid raw/private/noisy evidence growth"
"WFC-StateSearch-v3\Round-03-20260923-114218\status-T5.txt","589","6A07F56A3F0751E8B2F50BD386D5E1FA01973873D25A69A54D33ADAF707F64BE","2026-09-23T11:42:37.232+08:00","RAW_OR_UNSELECTED_EVIDENCE","StateSearcher","HOST_ONLY_RAW_EVIDENCE","Retained unchanged on Computer A; not committed to avoid raw/private/noisy evidence growth"
"WFC-StateSearch-v3\Round-04-20260923-114322\cellular-baseline-slot1.txt","2280","F2F9968F01D1658DAB14429714506BC69377528D10E57FBA1848F284701C638C","2026-09-23T11:43:29.178+08:00","RAW_OR_UNSELECTED_EVIDENCE","StateSearcher","HOST_ONLY_RAW_EVIDENCE","Retained unchanged on Computer A; not committed to avoid raw/private/noisy evidence growth"
"WFC-StateSearch-v3\Round-04-20260923-114322\PRE-V25-full-logcat.txt","1268178","2AA87E0D4220B565B52E0541C8D753E18F411B7D6C2FA550966028DD7F1FCF5F","2026-09-23T11:44:21.642+08:00","LARGE_RAW_EVIDENCE","StateSearcher","HOST_ONLY_RAW_EVIDENCE","Retained unchanged on Computer A; not committed to avoid raw/private/noisy evidence growth"
"WFC-StateSearch-v3\Round-04-20260923-114322\PRE-V25-keylog.txt","45594","5E226E7F2F527D61D1AE38144336188447516264490BFA92C8432F98ADFCB8DF","2026-09-23T11:44:21.492+08:00","RAW_OR_UNSELECTED_EVIDENCE","StateSearcher","HOST_ONLY_RAW_EVIDENCE","Retained unchanged on Computer A; not committed to avoid raw/private/noisy evidence growth"
"WFC-StateSearch-v3\Round-04-20260923-114322\PRE-V25-slot1.txt","1593","C1E4B4247B5C0D7415E180DB28CBF2DCAF68B7064D2AE800AC5D6E956E43567B","2026-09-23T11:44:21.490+08:00","RAW_OR_UNSELECTED_EVIDENCE","StateSearcher","HOST_ONLY_RAW_EVIDENCE","Retained unchanged on Computer A; not committed to avoid raw/private/noisy evidence growth"
"WFC-StateSearch-v3\Round-04-20260923-114322\PRE-V25-status.txt","589","6A07F56A3F0751E8B2F50BD386D5E1FA01973873D25A69A54D33ADAF707F64BE","2026-09-23T11:44:21.489+08:00","RAW_OR_UNSELECTED_EVIDENCE","StateSearcher","HOST_ONLY_RAW_EVIDENCE","Retained unchanged on Computer A; not committed to avoid raw/private/noisy evidence growth"
"WFC-StateSearch-v3\Round-04-20260923-114322\slot1-T10.txt","1593","C1E4B4247B5C0D7415E180DB28CBF2DCAF68B7064D2AE800AC5D6E956E43567B","2026-09-23T11:43:49.647+08:00","RAW_OR_UNSELECTED_EVIDENCE","StateSearcher","HOST_ONLY_RAW_EVIDENCE","Retained unchanged on Computer A; not committed to avoid raw/private/noisy evidence growth"
"WFC-StateSearch-v3\Round-04-20260923-114322\slot1-T15.txt","1593","C1E4B4247B5C0D7415E180DB28CBF2DCAF68B7064D2AE800AC5D6E956E43567B","2026-09-23T11:43:57.559+08:00","RAW_OR_UNSELECTED_EVIDENCE","StateSearcher","HOST_ONLY_RAW_EVIDENCE","Retained unchanged on Computer A; not committed to avoid raw/private/noisy evidence growth"
"WFC-StateSearch-v3\Round-04-20260923-114322\slot1-T20.txt","1593","C1E4B4247B5C0D7415E180DB28CBF2DCAF68B7064D2AE800AC5D6E956E43567B","2026-09-23T11:44:05.355+08:00","RAW_OR_UNSELECTED_EVIDENCE","StateSearcher","HOST_ONLY_RAW_EVIDENCE","Retained unchanged on Computer A; not committed to avoid raw/private/noisy evidence growth"
"WFC-StateSearch-v3\Round-04-20260923-114322\slot1-T30.txt","1593","C1E4B4247B5C0D7415E180DB28CBF2DCAF68B7064D2AE800AC5D6E956E43567B","2026-09-23T11:44:18.353+08:00","RAW_OR_UNSELECTED_EVIDENCE","StateSearcher","HOST_ONLY_RAW_EVIDENCE","Retained unchanged on Computer A; not committed to avoid raw/private/noisy evidence growth"
"WFC-StateSearch-v3\Round-04-20260923-114322\slot1-T5.txt","1593","C1E4B4247B5C0D7415E180DB28CBF2DCAF68B7064D2AE800AC5D6E956E43567B","2026-09-23T11:43:41.746+08:00","RAW_OR_UNSELECTED_EVIDENCE","StateSearcher","HOST_ONLY_RAW_EVIDENCE","Retained unchanged on Computer A; not committed to avoid raw/private/noisy evidence growth"
"WFC-StateSearch-v3\Round-04-20260923-114322\status-T10.txt","589","6A07F56A3F0751E8B2F50BD386D5E1FA01973873D25A69A54D33ADAF707F64BE","2026-09-23T11:43:49.646+08:00","RAW_OR_UNSELECTED_EVIDENCE","StateSearcher","HOST_ONLY_RAW_EVIDENCE","Retained unchanged on Computer A; not committed to avoid raw/private/noisy evidence growth"
"WFC-StateSearch-v3\Round-04-20260923-114322\status-T15.txt","589","6A07F56A3F0751E8B2F50BD386D5E1FA01973873D25A69A54D33ADAF707F64BE","2026-09-23T11:43:57.558+08:00","RAW_OR_UNSELECTED_EVIDENCE","StateSearcher","HOST_ONLY_RAW_EVIDENCE","Retained unchanged on Computer A; not committed to avoid raw/private/noisy evidence growth"
"WFC-StateSearch-v3\Round-04-20260923-114322\status-T20.txt","589","6A07F56A3F0751E8B2F50BD386D5E1FA01973873D25A69A54D33ADAF707F64BE","2026-09-23T11:44:05.353+08:00","RAW_OR_UNSELECTED_EVIDENCE","StateSearcher","HOST_ONLY_RAW_EVIDENCE","Retained unchanged on Computer A; not committed to avoid raw/private/noisy evidence growth"
"WFC-StateSearch-v3\Round-04-20260923-114322\status-T30.txt","589","6A07F56A3F0751E8B2F50BD386D5E1FA01973873D25A69A54D33ADAF707F64BE","2026-09-23T11:44:18.352+08:00","RAW_OR_UNSELECTED_EVIDENCE","StateSearcher","HOST_ONLY_RAW_EVIDENCE","Retained unchanged on Computer A; not committed to avoid raw/private/noisy evidence growth"
"WFC-StateSearch-v3\Round-04-20260923-114322\status-T5.txt","589","6A07F56A3F0751E8B2F50BD386D5E1FA01973873D25A69A54D33ADAF707F64BE","2026-09-23T11:43:41.745+08:00","RAW_OR_UNSELECTED_EVIDENCE","StateSearcher","HOST_ONLY_RAW_EVIDENCE","Retained unchanged on Computer A; not committed to avoid raw/private/noisy evidence growth"
"WFC-StateSearch-v3\Round-05-20260923-114427\cellular-baseline-slot1.txt","2281","66F5D92A27958CD0B5D711CE4FA66EFD44789389BCCC4818D696C391D74CDCE6","2026-09-23T11:44:33.621+08:00","RAW_OR_UNSELECTED_EVIDENCE","StateSearcher","HOST_ONLY_RAW_EVIDENCE","Retained unchanged on Computer A; not committed to avoid raw/private/noisy evidence growth"
"WFC-StateSearch-v3\Round-05-20260923-114427\PRE-V25-full-logcat.txt","1435460","A7147DB083538258A6EF7F360A1D39B4E354555DFDC0675DA649D7959F728266","2026-09-23T11:45:25.941+08:00","LARGE_RAW_EVIDENCE","StateSearcher","HOST_ONLY_RAW_EVIDENCE","Retained unchanged on Computer A; not committed to avoid raw/private/noisy evidence growth"
"WFC-StateSearch-v3\Round-05-20260923-114427\PRE-V25-keylog.txt","71087","B2A3CB4FE17A1F1DEBB6BF713B3AFC74A3D9378D4A1A635C0E2F752DE785FD3F","2026-09-23T11:45:25.770+08:00","RAW_OR_UNSELECTED_EVIDENCE","StateSearcher","HOST_ONLY_RAW_EVIDENCE","Retained unchanged on Computer A; not committed to avoid raw/private/noisy evidence growth"
"WFC-StateSearch-v3\Round-05-20260923-114427\PRE-V25-slot1.txt","1593","C1E4B4247B5C0D7415E180DB28CBF2DCAF68B7064D2AE800AC5D6E956E43567B","2026-09-23T11:45:25.768+08:00","RAW_OR_UNSELECTED_EVIDENCE","StateSearcher","HOST_ONLY_RAW_EVIDENCE","Retained unchanged on Computer A; not committed to avoid raw/private/noisy evidence growth"
"WFC-StateSearch-v3\Round-05-20260923-114427\PRE-V25-status.txt","589","6A07F56A3F0751E8B2F50BD386D5E1FA01973873D25A69A54D33ADAF707F64BE","2026-09-23T11:45:25.767+08:00","RAW_OR_UNSELECTED_EVIDENCE","StateSearcher","HOST_ONLY_RAW_EVIDENCE","Retained unchanged on Computer A; not committed to avoid raw/private/noisy evidence growth"
"WFC-StateSearch-v3\Round-05-20260923-114427\slot1-T10.txt","1593","C1E4B4247B5C0D7415E180DB28CBF2DCAF68B7064D2AE800AC5D6E956E43567B","2026-09-23T11:44:53.991+08:00","RAW_OR_UNSELECTED_EVIDENCE","StateSearcher","HOST_ONLY_RAW_EVIDENCE","Retained unchanged on Computer A; not committed to avoid raw/private/noisy evidence growth"
"WFC-StateSearch-v3\Round-05-20260923-114427\slot1-T15.txt","1593","C1E4B4247B5C0D7415E180DB28CBF2DCAF68B7064D2AE800AC5D6E956E43567B","2026-09-23T11:45:01.837+08:00","RAW_OR_UNSELECTED_EVIDENCE","StateSearcher","HOST_ONLY_RAW_EVIDENCE","Retained unchanged on Computer A; not committed to avoid raw/private/noisy evidence growth"
"WFC-StateSearch-v3\Round-05-20260923-114427\slot1-T20.txt","1593","C1E4B4247B5C0D7415E180DB28CBF2DCAF68B7064D2AE800AC5D6E956E43567B","2026-09-23T11:45:09.703+08:00","RAW_OR_UNSELECTED_EVIDENCE","StateSearcher","HOST_ONLY_RAW_EVIDENCE","Retained unchanged on Computer A; not committed to avoid raw/private/noisy evidence growth"
"WFC-StateSearch-v3\Round-05-20260923-114427\slot1-T30.txt","1593","C1E4B4247B5C0D7415E180DB28CBF2DCAF68B7064D2AE800AC5D6E956E43567B","2026-09-23T11:45:22.527+08:00","RAW_OR_UNSELECTED_EVIDENCE","StateSearcher","HOST_ONLY_RAW_EVIDENCE","Retained unchanged on Computer A; not committed to avoid raw/private/noisy evidence growth"
"WFC-StateSearch-v3\Round-05-20260923-114427\slot1-T5.txt","1593","C1E4B4247B5C0D7415E180DB28CBF2DCAF68B7064D2AE800AC5D6E956E43567B","2026-09-23T11:44:46.175+08:00","RAW_OR_UNSELECTED_EVIDENCE","StateSearcher","HOST_ONLY_RAW_EVIDENCE","Retained unchanged on Computer A; not committed to avoid raw/private/noisy evidence growth"
"WFC-StateSearch-v3\Round-05-20260923-114427\status-T10.txt","589","6A07F56A3F0751E8B2F50BD386D5E1FA01973873D25A69A54D33ADAF707F64BE","2026-09-23T11:44:53.991+08:00","RAW_OR_UNSELECTED_EVIDENCE","StateSearcher","HOST_ONLY_RAW_EVIDENCE","Retained unchanged on Computer A; not committed to avoid raw/private/noisy evidence growth"
"WFC-StateSearch-v3\Round-05-20260923-114427\status-T15.txt","589","6A07F56A3F0751E8B2F50BD386D5E1FA01973873D25A69A54D33ADAF707F64BE","2026-09-23T11:45:01.836+08:00","RAW_OR_UNSELECTED_EVIDENCE","StateSearcher","HOST_ONLY_RAW_EVIDENCE","Retained unchanged on Computer A; not committed to avoid raw/private/noisy evidence growth"
"WFC-StateSearch-v3\Round-05-20260923-114427\status-T20.txt","589","6A07F56A3F0751E8B2F50BD386D5E1FA01973873D25A69A54D33ADAF707F64BE","2026-09-23T11:45:09.702+08:00","RAW_OR_UNSELECTED_EVIDENCE","StateSearcher","HOST_ONLY_RAW_EVIDENCE","Retained unchanged on Computer A; not committed to avoid raw/private/noisy evidence growth"
"WFC-StateSearch-v3\Round-05-20260923-114427\status-T30.txt","589","6A07F56A3F0751E8B2F50BD386D5E1FA01973873D25A69A54D33ADAF707F64BE","2026-09-23T11:45:22.526+08:00","RAW_OR_UNSELECTED_EVIDENCE","StateSearcher","HOST_ONLY_RAW_EVIDENCE","Retained unchanged on Computer A; not committed to avoid raw/private/noisy evidence growth"
"WFC-StateSearch-v3\Round-05-20260923-114427\status-T5.txt","589","6A07F56A3F0751E8B2F50BD386D5E1FA01973873D25A69A54D33ADAF707F64BE","2026-09-23T11:44:46.169+08:00","RAW_OR_UNSELECTED_EVIDENCE","StateSearcher","HOST_ONLY_RAW_EVIDENCE","Retained unchanged on Computer A; not committed to avoid raw/private/noisy evidence growth"
"WFC-StateSearch-v3\Round-06-20260923-114531\cellular-baseline-slot1.txt","2280","F2F9968F01D1658DAB14429714506BC69377528D10E57FBA1848F284701C638C","2026-09-23T11:45:37.830+08:00","RAW_OR_UNSELECTED_EVIDENCE","StateSearcher","HOST_ONLY_RAW_EVIDENCE","Retained unchanged on Computer A; not committed to avoid raw/private/noisy evidence growth"
"WFC-StateSearch-v3\Round-06-20260923-114531\PRE-V25-full-logcat.txt","1270523","6ADDBFC6FBC3C21314C7CC0DD02EC7E40033C3E4675A3416B69804C51D7AF141","2026-09-23T11:46:30.182+08:00","LARGE_RAW_EVIDENCE","StateSearcher","HOST_ONLY_RAW_EVIDENCE","Retained unchanged on Computer A; not committed to avoid raw/private/noisy evidence growth"
"WFC-StateSearch-v3\Round-06-20260923-114531\PRE-V25-keylog.txt","47995","FCB4449D68123517F6D96040A86E9C696CD02660B930A0F580CF9F63A24F3F65","2026-09-23T11:46:29.963+08:00","RAW_OR_UNSELECTED_EVIDENCE","StateSearcher","HOST_ONLY_RAW_EVIDENCE","Retained unchanged on Computer A; not committed to avoid raw/private/noisy evidence growth"
"WFC-StateSearch-v3\Round-06-20260923-114531\PRE-V25-slot1.txt","1593","C1E4B4247B5C0D7415E180DB28CBF2DCAF68B7064D2AE800AC5D6E956E43567B","2026-09-23T11:46:29.962+08:00","RAW_OR_UNSELECTED_EVIDENCE","StateSearcher","HOST_ONLY_RAW_EVIDENCE","Retained unchanged on Computer A; not committed to avoid raw/private/noisy evidence growth"
"WFC-StateSearch-v3\Round-06-20260923-114531\PRE-V25-status.txt","589","6A07F56A3F0751E8B2F50BD386D5E1FA01973873D25A69A54D33ADAF707F64BE","2026-09-23T11:46:29.961+08:00","RAW_OR_UNSELECTED_EVIDENCE","StateSearcher","HOST_ONLY_RAW_EVIDENCE","Retained unchanged on Computer A; not committed to avoid raw/private/noisy evidence growth"
"WFC-StateSearch-v3\Round-06-20260923-114531\slot1-T10.txt","1593","C1E4B4247B5C0D7415E180DB28CBF2DCAF68B7064D2AE800AC5D6E956E43567B","2026-09-23T11:45:58.246+08:00","RAW_OR_UNSELECTED_EVIDENCE","StateSearcher","HOST_ONLY_RAW_EVIDENCE","Retained unchanged on Computer A; not committed to avoid raw/private/noisy evidence growth"
"WFC-StateSearch-v3\Round-06-20260923-114531\slot1-T15.txt","1593","C1E4B4247B5C0D7415E180DB28CBF2DCAF68B7064D2AE800AC5D6E956E43567B","2026-09-23T11:46:06.191+08:00","RAW_OR_UNSELECTED_EVIDENCE","StateSearcher","HOST_ONLY_RAW_EVIDENCE","Retained unchanged on Computer A; not committed to avoid raw/private/noisy evidence growth"
"WFC-StateSearch-v3\Round-06-20260923-114531\slot1-T20.txt","1593","C1E4B4247B5C0D7415E180DB28CBF2DCAF68B7064D2AE800AC5D6E956E43567B","2026-09-23T11:46:14.028+08:00","RAW_OR_UNSELECTED_EVIDENCE","StateSearcher","HOST_ONLY_RAW_EVIDENCE","Retained unchanged on Computer A; not committed to avoid raw/private/noisy evidence growth"
"WFC-StateSearch-v3\Round-06-20260923-114531\slot1-T30.txt","1593","C1E4B4247B5C0D7415E180DB28CBF2DCAF68B7064D2AE800AC5D6E956E43567B","2026-09-23T11:46:26.813+08:00","RAW_OR_UNSELECTED_EVIDENCE","StateSearcher","HOST_ONLY_RAW_EVIDENCE","Retained unchanged on Computer A; not committed to avoid raw/private/noisy evidence growth"
"WFC-StateSearch-v3\Round-06-20260923-114531\slot1-T5.txt","1593","C1E4B4247B5C0D7415E180DB28CBF2DCAF68B7064D2AE800AC5D6E956E43567B","2026-09-23T11:45:50.442+08:00","RAW_OR_UNSELECTED_EVIDENCE","StateSearcher","HOST_ONLY_RAW_EVIDENCE","Retained unchanged on Computer A; not committed to avoid raw/private/noisy evidence growth"
"WFC-StateSearch-v3\Round-06-20260923-114531\status-T10.txt","589","6A07F56A3F0751E8B2F50BD386D5E1FA01973873D25A69A54D33ADAF707F64BE","2026-09-23T11:45:58.245+08:00","RAW_OR_UNSELECTED_EVIDENCE","StateSearcher","HOST_ONLY_RAW_EVIDENCE","Retained unchanged on Computer A; not committed to avoid raw/private/noisy evidence growth"
"WFC-StateSearch-v3\Round-06-20260923-114531\status-T15.txt","589","6A07F56A3F0751E8B2F50BD386D5E1FA01973873D25A69A54D33ADAF707F64BE","2026-09-23T11:46:06.190+08:00","RAW_OR_UNSELECTED_EVIDENCE","StateSearcher","HOST_ONLY_RAW_EVIDENCE","Retained unchanged on Computer A; not committed to avoid raw/private/noisy evidence growth"
"WFC-StateSearch-v3\Round-06-20260923-114531\status-T20.txt","589","6A07F56A3F0751E8B2F50BD386D5E1FA01973873D25A69A54D33ADAF707F64BE","2026-09-23T11:46:14.027+08:00","RAW_OR_UNSELECTED_EVIDENCE","StateSearcher","HOST_ONLY_RAW_EVIDENCE","Retained unchanged on Computer A; not committed to avoid raw/private/noisy evidence growth"
"WFC-StateSearch-v3\Round-06-20260923-114531\status-T30.txt","589","6A07F56A3F0751E8B2F50BD386D5E1FA01973873D25A69A54D33ADAF707F64BE","2026-09-23T11:46:26.812+08:00","RAW_OR_UNSELECTED_EVIDENCE","StateSearcher","HOST_ONLY_RAW_EVIDENCE","Retained unchanged on Computer A; not committed to avoid raw/private/noisy evidence growth"
"WFC-StateSearch-v3\Round-06-20260923-114531\status-T5.txt","589","6A07F56A3F0751E8B2F50BD386D5E1FA01973873D25A69A54D33ADAF707F64BE","2026-09-23T11:45:50.440+08:00","RAW_OR_UNSELECTED_EVIDENCE","StateSearcher","HOST_ONLY_RAW_EVIDENCE","Retained unchanged on Computer A; not committed to avoid raw/private/noisy evidence growth"
"WFC-StateSearch-v3\Round-07-20260923-114635\cellular-baseline-slot1.txt","2280","F2F9968F01D1658DAB14429714506BC69377528D10E57FBA1848F284701C638C","2026-09-23T11:46:42.294+08:00","RAW_OR_UNSELECTED_EVIDENCE","StateSearcher","HOST_ONLY_RAW_EVIDENCE","Retained unchanged on Computer A; not committed to avoid raw/private/noisy evidence growth"
"WFC-StateSearch-v3\Round-07-20260923-114635\PRE-V25-full-logcat.txt","1440756","E94B0E68391B15C9692B1ACC4B3E6C64D718CF7D4C449F6071C885840320664D","2026-09-23T11:47:34.791+08:00","LARGE_RAW_EVIDENCE","StateSearcher","HOST_ONLY_RAW_EVIDENCE","Retained unchanged on Computer A; not committed to avoid raw/private/noisy evidence growth"
"WFC-StateSearch-v3\Round-07-20260923-114635\PRE-V25-keylog.txt","45184","3ABA7841FD2C0C8B7AB40260FD0915655D373F4CFAF832B65DC1B529B52CEBED","2026-09-23T11:47:34.588+08:00","RAW_OR_UNSELECTED_EVIDENCE","StateSearcher","HOST_ONLY_RAW_EVIDENCE","Retained unchanged on Computer A; not committed to avoid raw/private/noisy evidence growth"
"WFC-StateSearch-v3\Round-07-20260923-114635\PRE-V25-slot1.txt","1593","C1E4B4247B5C0D7415E180DB28CBF2DCAF68B7064D2AE800AC5D6E956E43567B","2026-09-23T11:47:34.586+08:00","RAW_OR_UNSELECTED_EVIDENCE","StateSearcher","HOST_ONLY_RAW_EVIDENCE","Retained unchanged on Computer A; not committed to avoid raw/private/noisy evidence growth"
"WFC-StateSearch-v3\Round-07-20260923-114635\PRE-V25-status.txt","589","6A07F56A3F0751E8B2F50BD386D5E1FA01973873D25A69A54D33ADAF707F64BE","2026-09-23T11:47:34.585+08:00","RAW_OR_UNSELECTED_EVIDENCE","StateSearcher","HOST_ONLY_RAW_EVIDENCE","Retained unchanged on Computer A; not committed to avoid raw/private/noisy evidence growth"
"WFC-StateSearch-v3\Round-07-20260923-114635\slot1-T10.txt","1593","C1E4B4247B5C0D7415E180DB28CBF2DCAF68B7064D2AE800AC5D6E956E43567B","2026-09-23T11:47:02.836+08:00","RAW_OR_UNSELECTED_EVIDENCE","StateSearcher","HOST_ONLY_RAW_EVIDENCE","Retained unchanged on Computer A; not committed to avoid raw/private/noisy evidence growth"
"WFC-StateSearch-v3\Round-07-20260923-114635\slot1-T15.txt","1593","C1E4B4247B5C0D7415E180DB28CBF2DCAF68B7064D2AE800AC5D6E956E43567B","2026-09-23T11:47:10.744+08:00","RAW_OR_UNSELECTED_EVIDENCE","StateSearcher","HOST_ONLY_RAW_EVIDENCE","Retained unchanged on Computer A; not committed to avoid raw/private/noisy evidence growth"
"WFC-StateSearch-v3\Round-07-20260923-114635\slot1-T20.txt","1593","C1E4B4247B5C0D7415E180DB28CBF2DCAF68B7064D2AE800AC5D6E956E43567B","2026-09-23T11:47:18.617+08:00","RAW_OR_UNSELECTED_EVIDENCE","StateSearcher","HOST_ONLY_RAW_EVIDENCE","Retained unchanged on Computer A; not committed to avoid raw/private/noisy evidence growth"
"WFC-StateSearch-v3\Round-07-20260923-114635\slot1-T30.txt","1593","C1E4B4247B5C0D7415E180DB28CBF2DCAF68B7064D2AE800AC5D6E956E43567B","2026-09-23T11:47:31.440+08:00","RAW_OR_UNSELECTED_EVIDENCE","StateSearcher","HOST_ONLY_RAW_EVIDENCE","Retained unchanged on Computer A; not committed to avoid raw/private/noisy evidence growth"
"WFC-StateSearch-v3\Round-07-20260923-114635\slot1-T5.txt","1593","C1E4B4247B5C0D7415E180DB28CBF2DCAF68B7064D2AE800AC5D6E956E43567B","2026-09-23T11:46:54.955+08:00","RAW_OR_UNSELECTED_EVIDENCE","StateSearcher","HOST_ONLY_RAW_EVIDENCE","Retained unchanged on Computer A; not committed to avoid raw/private/noisy evidence growth"
"WFC-StateSearch-v3\Round-07-20260923-114635\status-T10.txt","589","6A07F56A3F0751E8B2F50BD386D5E1FA01973873D25A69A54D33ADAF707F64BE","2026-09-23T11:47:02.834+08:00","RAW_OR_UNSELECTED_EVIDENCE","StateSearcher","HOST_ONLY_RAW_EVIDENCE","Retained unchanged on Computer A; not committed to avoid raw/private/noisy evidence growth"
"WFC-StateSearch-v3\Round-07-20260923-114635\status-T15.txt","589","6A07F56A3F0751E8B2F50BD386D5E1FA01973873D25A69A54D33ADAF707F64BE","2026-09-23T11:47:10.743+08:00","RAW_OR_UNSELECTED_EVIDENCE","StateSearcher","HOST_ONLY_RAW_EVIDENCE","Retained unchanged on Computer A; not committed to avoid raw/private/noisy evidence growth"
"WFC-StateSearch-v3\Round-07-20260923-114635\status-T20.txt","589","6A07F56A3F0751E8B2F50BD386D5E1FA01973873D25A69A54D33ADAF707F64BE","2026-09-23T11:47:18.616+08:00","RAW_OR_UNSELECTED_EVIDENCE","StateSearcher","HOST_ONLY_RAW_EVIDENCE","Retained unchanged on Computer A; not committed to avoid raw/private/noisy evidence growth"
"WFC-StateSearch-v3\Round-07-20260923-114635\status-T30.txt","589","6A07F56A3F0751E8B2F50BD386D5E1FA01973873D25A69A54D33ADAF707F64BE","2026-09-23T11:47:31.438+08:00","RAW_OR_UNSELECTED_EVIDENCE","StateSearcher","HOST_ONLY_RAW_EVIDENCE","Retained unchanged on Computer A; not committed to avoid raw/private/noisy evidence growth"
"WFC-StateSearch-v3\Round-07-20260923-114635\status-T5.txt","589","6A07F56A3F0751E8B2F50BD386D5E1FA01973873D25A69A54D33ADAF707F64BE","2026-09-23T11:46:54.954+08:00","RAW_OR_UNSELECTED_EVIDENCE","StateSearcher","HOST_ONLY_RAW_EVIDENCE","Retained unchanged on Computer A; not committed to avoid raw/private/noisy evidence growth"
"WFC-StateSearch-v3\Round-08-20260923-114740\cellular-baseline-slot1.txt","2281","66F5D92A27958CD0B5D711CE4FA66EFD44789389BCCC4818D696C391D74CDCE6","2026-09-23T11:47:46.701+08:00","RAW_OR_UNSELECTED_EVIDENCE","StateSearcher","HOST_ONLY_RAW_EVIDENCE","Retained unchanged on Computer A; not committed to avoid raw/private/noisy evidence growth"
"WFC-StateSearch-v3\Round-08-20260923-114740\PRE-V25-full-logcat.txt","1371486","66EF55F48805F865D16D7EA2D4366121F984154B666A15F5B178E8AD400E1FF6","2026-09-23T11:48:39.447+08:00","LARGE_RAW_EVIDENCE","StateSearcher","HOST_ONLY_RAW_EVIDENCE","Retained unchanged on Computer A; not committed to avoid raw/private/noisy evidence growth"
"WFC-StateSearch-v3\Round-08-20260923-114740\PRE-V25-keylog.txt","71087","C4365AE7DFCEA3E6CCFA761198793FB541E3097BD16060FFB35D6B3E100F0388","2026-09-23T11:48:39.107+08:00","RAW_OR_UNSELECTED_EVIDENCE","StateSearcher","HOST_ONLY_RAW_EVIDENCE","Retained unchanged on Computer A; not committed to avoid raw/private/noisy evidence growth"
"WFC-StateSearch-v3\Round-08-20260923-114740\PRE-V25-slot1.txt","1593","C1E4B4247B5C0D7415E180DB28CBF2DCAF68B7064D2AE800AC5D6E956E43567B","2026-09-23T11:48:39.105+08:00","RAW_OR_UNSELECTED_EVIDENCE","StateSearcher","HOST_ONLY_RAW_EVIDENCE","Retained unchanged on Computer A; not committed to avoid raw/private/noisy evidence growth"
"WFC-StateSearch-v3\Round-08-20260923-114740\PRE-V25-status.txt","589","6A07F56A3F0751E8B2F50BD386D5E1FA01973873D25A69A54D33ADAF707F64BE","2026-09-23T11:48:39.104+08:00","RAW_OR_UNSELECTED_EVIDENCE","StateSearcher","HOST_ONLY_RAW_EVIDENCE","Retained unchanged on Computer A; not committed to avoid raw/private/noisy evidence growth"
"WFC-StateSearch-v3\Round-08-20260923-114740\slot1-T10.txt","1593","C1E4B4247B5C0D7415E180DB28CBF2DCAF68B7064D2AE800AC5D6E956E43567B","2026-09-23T11:48:07.228+08:00","RAW_OR_UNSELECTED_EVIDENCE","StateSearcher","HOST_ONLY_RAW_EVIDENCE","Retained unchanged on Computer A; not committed to avoid raw/private/noisy evidence growth"
"WFC-StateSearch-v3\Round-08-20260923-114740\slot1-T15.txt","1593","C1E4B4247B5C0D7415E180DB28CBF2DCAF68B7064D2AE800AC5D6E956E43567B","2026-09-23T11:48:15.073+08:00","RAW_OR_UNSELECTED_EVIDENCE","StateSearcher","HOST_ONLY_RAW_EVIDENCE","Retained unchanged on Computer A; not committed to avoid raw/private/noisy evidence growth"
"WFC-StateSearch-v3\Round-08-20260923-114740\slot1-T20.txt","1593","C1E4B4247B5C0D7415E180DB28CBF2DCAF68B7064D2AE800AC5D6E956E43567B","2026-09-23T11:48:23.009+08:00","RAW_OR_UNSELECTED_EVIDENCE","StateSearcher","HOST_ONLY_RAW_EVIDENCE","Retained unchanged on Computer A; not committed to avoid raw/private/noisy evidence growth"
"WFC-StateSearch-v3\Round-08-20260923-114740\slot1-T30.txt","1593","C1E4B4247B5C0D7415E180DB28CBF2DCAF68B7064D2AE800AC5D6E956E43567B","2026-09-23T11:48:35.866+08:00","RAW_OR_UNSELECTED_EVIDENCE","StateSearcher","HOST_ONLY_RAW_EVIDENCE","Retained unchanged on Computer A; not committed to avoid raw/private/noisy evidence growth"
"WFC-StateSearch-v3\Round-08-20260923-114740\slot1-T5.txt","1593","C1E4B4247B5C0D7415E180DB28CBF2DCAF68B7064D2AE800AC5D6E956E43567B","2026-09-23T11:47:59.326+08:00","RAW_OR_UNSELECTED_EVIDENCE","StateSearcher","HOST_ONLY_RAW_EVIDENCE","Retained unchanged on Computer A; not committed to avoid raw/private/noisy evidence growth"
"WFC-StateSearch-v3\Round-08-20260923-114740\status-T10.txt","589","6A07F56A3F0751E8B2F50BD386D5E1FA01973873D25A69A54D33ADAF707F64BE","2026-09-23T11:48:07.227+08:00","RAW_OR_UNSELECTED_EVIDENCE","StateSearcher","HOST_ONLY_RAW_EVIDENCE","Retained unchanged on Computer A; not committed to avoid raw/private/noisy evidence growth"
"WFC-StateSearch-v3\Round-08-20260923-114740\status-T15.txt","589","6A07F56A3F0751E8B2F50BD386D5E1FA01973873D25A69A54D33ADAF707F64BE","2026-09-23T11:48:15.072+08:00","RAW_OR_UNSELECTED_EVIDENCE","StateSearcher","HOST_ONLY_RAW_EVIDENCE","Retained unchanged on Computer A; not committed to avoid raw/private/noisy evidence growth"
"WFC-StateSearch-v3\Round-08-20260923-114740\status-T20.txt","589","6A07F56A3F0751E8B2F50BD386D5E1FA01973873D25A69A54D33ADAF707F64BE","2026-09-23T11:48:23.008+08:00","RAW_OR_UNSELECTED_EVIDENCE","StateSearcher","HOST_ONLY_RAW_EVIDENCE","Retained unchanged on Computer A; not committed to avoid raw/private/noisy evidence growth"
"WFC-StateSearch-v3\Round-08-20260923-114740\status-T30.txt","589","6A07F56A3F0751E8B2F50BD386D5E1FA01973873D25A69A54D33ADAF707F64BE","2026-09-23T11:48:35.864+08:00","RAW_OR_UNSELECTED_EVIDENCE","StateSearcher","HOST_ONLY_RAW_EVIDENCE","Retained unchanged on Computer A; not committed to avoid raw/private/noisy evidence growth"
"WFC-StateSearch-v3\Round-08-20260923-114740\status-T5.txt","589","6A07F56A3F0751E8B2F50BD386D5E1FA01973873D25A69A54D33ADAF707F64BE","2026-09-23T11:47:59.324+08:00","RAW_OR_UNSELECTED_EVIDENCE","StateSearcher","HOST_ONLY_RAW_EVIDENCE","Retained unchanged on Computer A; not committed to avoid raw/private/noisy evidence growth"
"WFC-StateSearch-v3\Round-09-20260923-114844\cellular-baseline-slot1.txt","2280","F2F9968F01D1658DAB14429714506BC69377528D10E57FBA1848F284701C638C","2026-09-23T11:48:51.332+08:00","RAW_OR_UNSELECTED_EVIDENCE","StateSearcher","HOST_ONLY_RAW_EVIDENCE","Retained unchanged on Computer A; not committed to avoid raw/private/noisy evidence growth"
"WFC-StateSearch-v3\Round-09-20260923-114844\PRE-V25-full-logcat.txt","1370637","5B1DD3BC3BAB4C8176C4A5EE55A16E85187111803025BA62CB8E4656E5F4FB8B","2026-09-23T11:49:43.710+08:00","LARGE_RAW_EVIDENCE","StateSearcher","HOST_ONLY_RAW_EVIDENCE","Retained unchanged on Computer A; not committed to avoid raw/private/noisy evidence growth"
"WFC-StateSearch-v3\Round-09-20260923-114844\PRE-V25-keylog.txt","26857","91F8E37C35FEC472A86F7DEE28D0220DD01F06E4B64EDEEE80B341C022056080","2026-09-23T11:49:43.492+08:00","RAW_OR_UNSELECTED_EVIDENCE","StateSearcher","HOST_ONLY_RAW_EVIDENCE","Retained unchanged on Computer A; not committed to avoid raw/private/noisy evidence growth"
"WFC-StateSearch-v3\Round-09-20260923-114844\PRE-V25-slot1.txt","1593","C1E4B4247B5C0D7415E180DB28CBF2DCAF68B7064D2AE800AC5D6E956E43567B","2026-09-23T11:49:43.490+08:00","RAW_OR_UNSELECTED_EVIDENCE","StateSearcher","HOST_ONLY_RAW_EVIDENCE","Retained unchanged on Computer A; not committed to avoid raw/private/noisy evidence growth"
"WFC-StateSearch-v3\Round-09-20260923-114844\PRE-V25-status.txt","589","6A07F56A3F0751E8B2F50BD386D5E1FA01973873D25A69A54D33ADAF707F64BE","2026-09-23T11:49:43.489+08:00","RAW_OR_UNSELECTED_EVIDENCE","StateSearcher","HOST_ONLY_RAW_EVIDENCE","Retained unchanged on Computer A; not committed to avoid raw/private/noisy evidence growth"
"WFC-StateSearch-v3\Round-09-20260923-114844\slot1-T10.txt","1593","C1E4B4247B5C0D7415E180DB28CBF2DCAF68B7064D2AE800AC5D6E956E43567B","2026-09-23T11:49:11.842+08:00","RAW_OR_UNSELECTED_EVIDENCE","StateSearcher","HOST_ONLY_RAW_EVIDENCE","Retained unchanged on Computer A; not committed to avoid raw/private/noisy evidence growth"
"WFC-StateSearch-v3\Round-09-20260923-114844\slot1-T15.txt","1593","C1E4B4247B5C0D7415E180DB28CBF2DCAF68B7064D2AE800AC5D6E956E43567B","2026-09-23T11:49:19.692+08:00","RAW_OR_UNSELECTED_EVIDENCE","StateSearcher","HOST_ONLY_RAW_EVIDENCE","Retained unchanged on Computer A; not committed to avoid raw/private/noisy evidence growth"
"WFC-StateSearch-v3\Round-09-20260923-114844\slot1-T20.txt","1593","C1E4B4247B5C0D7415E180DB28CBF2DCAF68B7064D2AE800AC5D6E956E43567B","2026-09-23T11:49:27.568+08:00","RAW_OR_UNSELECTED_EVIDENCE","StateSearcher","HOST_ONLY_RAW_EVIDENCE","Retained unchanged on Computer A; not committed to avoid raw/private/noisy evidence growth"
"WFC-StateSearch-v3\Round-09-20260923-114844\slot1-T30.txt","1593","C1E4B4247B5C0D7415E180DB28CBF2DCAF68B7064D2AE800AC5D6E956E43567B","2026-09-23T11:49:40.383+08:00","RAW_OR_UNSELECTED_EVIDENCE","StateSearcher","HOST_ONLY_RAW_EVIDENCE","Retained unchanged on Computer A; not committed to avoid raw/private/noisy evidence growth"
"WFC-StateSearch-v3\Round-09-20260923-114844\slot1-T5.txt","1593","C1E4B4247B5C0D7415E180DB28CBF2DCAF68B7064D2AE800AC5D6E956E43567B","2026-09-23T11:49:03.911+08:00","RAW_OR_UNSELECTED_EVIDENCE","StateSearcher","HOST_ONLY_RAW_EVIDENCE","Retained unchanged on Computer A; not committed to avoid raw/private/noisy evidence growth"
"WFC-StateSearch-v3\Round-09-20260923-114844\status-T10.txt","589","6A07F56A3F0751E8B2F50BD386D5E1FA01973873D25A69A54D33ADAF707F64BE","2026-09-23T11:49:11.841+08:00","RAW_OR_UNSELECTED_EVIDENCE","StateSearcher","HOST_ONLY_RAW_EVIDENCE","Retained unchanged on Computer A; not committed to avoid raw/private/noisy evidence growth"
"WFC-StateSearch-v3\Round-09-20260923-114844\status-T15.txt","589","6A07F56A3F0751E8B2F50BD386D5E1FA01973873D25A69A54D33ADAF707F64BE","2026-09-23T11:49:19.691+08:00","RAW_OR_UNSELECTED_EVIDENCE","StateSearcher","HOST_ONLY_RAW_EVIDENCE","Retained unchanged on Computer A; not committed to avoid raw/private/noisy evidence growth"
"WFC-StateSearch-v3\Round-09-20260923-114844\status-T20.txt","589","6A07F56A3F0751E8B2F50BD386D5E1FA01973873D25A69A54D33ADAF707F64BE","2026-09-23T11:49:27.567+08:00","RAW_OR_UNSELECTED_EVIDENCE","StateSearcher","HOST_ONLY_RAW_EVIDENCE","Retained unchanged on Computer A; not committed to avoid raw/private/noisy evidence growth"
"WFC-StateSearch-v3\Round-09-20260923-114844\status-T30.txt","589","6A07F56A3F0751E8B2F50BD386D5E1FA01973873D25A69A54D33ADAF707F64BE","2026-09-23T11:49:40.382+08:00","RAW_OR_UNSELECTED_EVIDENCE","StateSearcher","HOST_ONLY_RAW_EVIDENCE","Retained unchanged on Computer A; not committed to avoid raw/private/noisy evidence growth"
"WFC-StateSearch-v3\Round-09-20260923-114844\status-T5.txt","589","6A07F56A3F0751E8B2F50BD386D5E1FA01973873D25A69A54D33ADAF707F64BE","2026-09-23T11:49:03.910+08:00","RAW_OR_UNSELECTED_EVIDENCE","StateSearcher","HOST_ONLY_RAW_EVIDENCE","Retained unchanged on Computer A; not committed to avoid raw/private/noisy evidence growth"
"WFC-StateSearch-v3\Round-10-20260923-114949\cellular-baseline-slot1.txt","2280","F2F9968F01D1658DAB14429714506BC69377528D10E57FBA1848F284701C638C","2026-09-23T11:49:55.564+08:00","RAW_OR_UNSELECTED_EVIDENCE","StateSearcher","HOST_ONLY_RAW_EVIDENCE","Retained unchanged on Computer A; not committed to avoid raw/private/noisy evidence growth"
"WFC-StateSearch-v3\Round-10-20260923-114949\PRE-V25-full-logcat.txt","1379550","10911EC4C1A0F8A549CCAB74A2811BE87D719EE8E49EFC40E70A065747060B9B","2026-09-23T11:50:48.778+08:00","LARGE_RAW_EVIDENCE","StateSearcher","HOST_ONLY_RAW_EVIDENCE","Retained unchanged on Computer A; not committed to avoid raw/private/noisy evidence growth"
"WFC-StateSearch-v3\Round-10-20260923-114949\PRE-V25-keylog.txt","71497","F861C20230502939A7148420EEB50C8AA76B81EDEAD8EBD3B7AD878A70A166C4","2026-09-23T11:50:48.615+08:00","RAW_OR_UNSELECTED_EVIDENCE","StateSearcher","HOST_ONLY_RAW_EVIDENCE","Retained unchanged on Computer A; not committed to avoid raw/private/noisy evidence growth"
"WFC-StateSearch-v3\Round-10-20260923-114949\PRE-V25-slot1.txt","1593","C1E4B4247B5C0D7415E180DB28CBF2DCAF68B7064D2AE800AC5D6E956E43567B","2026-09-23T11:50:48.613+08:00","RAW_OR_UNSELECTED_EVIDENCE","StateSearcher","HOST_ONLY_RAW_EVIDENCE","Retained unchanged on Computer A; not committed to avoid raw/private/noisy evidence growth"
"WFC-StateSearch-v3\Round-10-20260923-114949\PRE-V25-status.txt","589","6A07F56A3F0751E8B2F50BD386D5E1FA01973873D25A69A54D33ADAF707F64BE","2026-09-23T11:50:48.611+08:00","RAW_OR_UNSELECTED_EVIDENCE","StateSearcher","HOST_ONLY_RAW_EVIDENCE","Retained unchanged on Computer A; not committed to avoid raw/private/noisy evidence growth"
"WFC-StateSearch-v3\Round-10-20260923-114949\slot1-T10.txt","1593","C1E4B4247B5C0D7415E180DB28CBF2DCAF68B7064D2AE800AC5D6E956E43567B","2026-09-23T11:50:16.066+08:00","RAW_OR_UNSELECTED_EVIDENCE","StateSearcher","HOST_ONLY_RAW_EVIDENCE","Retained unchanged on Computer A; not committed to avoid raw/private/noisy evidence growth"
"WFC-StateSearch-v3\Round-10-20260923-114949\slot1-T15.txt","1593","C1E4B4247B5C0D7415E180DB28CBF2DCAF68B7064D2AE800AC5D6E956E43567B","2026-09-23T11:50:23.963+08:00","RAW_OR_UNSELECTED_EVIDENCE","StateSearcher","HOST_ONLY_RAW_EVIDENCE","Retained unchanged on Computer A; not committed to avoid raw/private/noisy evidence growth"
"WFC-StateSearch-v3\Round-10-20260923-114949\slot1-T20.txt","1593","C1E4B4247B5C0D7415E180DB28CBF2DCAF68B7064D2AE800AC5D6E956E43567B","2026-09-23T11:50:31.810+08:00","RAW_OR_UNSELECTED_EVIDENCE","StateSearcher","HOST_ONLY_RAW_EVIDENCE","Retained unchanged on Computer A; not committed to avoid raw/private/noisy evidence growth"
"WFC-StateSearch-v3\Round-10-20260923-114949\slot1-T30.txt","1593","C1E4B4247B5C0D7415E180DB28CBF2DCAF68B7064D2AE800AC5D6E956E43567B","2026-09-23T11:50:44.628+08:00","RAW_OR_UNSELECTED_EVIDENCE","StateSearcher","HOST_ONLY_RAW_EVIDENCE","Retained unchanged on Computer A; not committed to avoid raw/private/noisy evidence growth"
"WFC-StateSearch-v3\Round-10-20260923-114949\slot1-T5.txt","1593","C1E4B4247B5C0D7415E180DB28CBF2DCAF68B7064D2AE800AC5D6E956E43567B","2026-09-23T11:50:08.212+08:00","RAW_OR_UNSELECTED_EVIDENCE","StateSearcher","HOST_ONLY_RAW_EVIDENCE","Retained unchanged on Computer A; not committed to avoid raw/private/noisy evidence growth"
"WFC-StateSearch-v3\Round-10-20260923-114949\status-T10.txt","589","6A07F56A3F0751E8B2F50BD386D5E1FA01973873D25A69A54D33ADAF707F64BE","2026-09-23T11:50:16.064+08:00","RAW_OR_UNSELECTED_EVIDENCE","StateSearcher","HOST_ONLY_RAW_EVIDENCE","Retained unchanged on Computer A; not committed to avoid raw/private/noisy evidence growth"
"WFC-StateSearch-v3\Round-10-20260923-114949\status-T15.txt","589","6A07F56A3F0751E8B2F50BD386D5E1FA01973873D25A69A54D33ADAF707F64BE","2026-09-23T11:50:23.961+08:00","RAW_OR_UNSELECTED_EVIDENCE","StateSearcher","HOST_ONLY_RAW_EVIDENCE","Retained unchanged on Computer A; not committed to avoid raw/private/noisy evidence growth"
"WFC-StateSearch-v3\Round-10-20260923-114949\status-T20.txt","589","6A07F56A3F0751E8B2F50BD386D5E1FA01973873D25A69A54D33ADAF707F64BE","2026-09-23T11:50:31.808+08:00","RAW_OR_UNSELECTED_EVIDENCE","StateSearcher","HOST_ONLY_RAW_EVIDENCE","Retained unchanged on Computer A; not committed to avoid raw/private/noisy evidence growth"
"WFC-StateSearch-v3\Round-10-20260923-114949\status-T30.txt","589","6A07F56A3F0751E8B2F50BD386D5E1FA01973873D25A69A54D33ADAF707F64BE","2026-09-23T11:50:44.627+08:00","RAW_OR_UNSELECTED_EVIDENCE","StateSearcher","HOST_ONLY_RAW_EVIDENCE","Retained unchanged on Computer A; not committed to avoid raw/private/noisy evidence growth"
"WFC-StateSearch-v3\Round-10-20260923-114949\status-T5.txt","589","6A07F56A3F0751E8B2F50BD386D5E1FA01973873D25A69A54D33ADAF707F64BE","2026-09-23T11:50:08.210+08:00","RAW_OR_UNSELECTED_EVIDENCE","StateSearcher","HOST_ONLY_RAW_EVIDENCE","Retained unchanged on Computer A; not committed to avoid raw/private/noisy evidence growth"
"WFC-StateSearch-v3\Round-11-20260923-115054\cellular-baseline-slot1.txt","2281","66F5D92A27958CD0B5D711CE4FA66EFD44789389BCCC4818D696C391D74CDCE6","2026-09-23T11:51:00.700+08:00","RAW_OR_UNSELECTED_EVIDENCE","StateSearcher","HOST_ONLY_RAW_EVIDENCE","Retained unchanged on Computer A; not committed to avoid raw/private/noisy evidence growth"
"WFC-StateSearch-v3\Round-11-20260923-115054\PRE-V25-full-logcat.txt","1457872","E822AC8CBD4F1A3AB47CA2E718D057D4F4985E8E7435E04B15DCD0B74F651D87","2026-09-23T11:51:54.055+08:00","LARGE_RAW_EVIDENCE","StateSearcher","HOST_ONLY_RAW_EVIDENCE","Retained unchanged on Computer A; not committed to avoid raw/private/noisy evidence growth"
"WFC-StateSearch-v3\Round-11-20260923-115054\PRE-V25-keylog.txt","38461","2AE5712CF2BF629746B721333A40B8C6D209D3E22D6B4E23809A2ECC271EF943","2026-09-23T11:51:53.718+08:00","RAW_OR_UNSELECTED_EVIDENCE","StateSearcher","HOST_ONLY_RAW_EVIDENCE","Retained unchanged on Computer A; not committed to avoid raw/private/noisy evidence growth"
"WFC-StateSearch-v3\Round-11-20260923-115054\PRE-V25-slot1.txt","1593","54FA79A864B5CCE65A53DB8365A1AA3A83BAA9660CB4F54F73EAD882195990D0","2026-09-23T11:51:53.717+08:00","RAW_OR_UNSELECTED_EVIDENCE","StateSearcher","HOST_ONLY_RAW_EVIDENCE","Retained unchanged on Computer A; not committed to avoid raw/private/noisy evidence growth"
"WFC-StateSearch-v3\Round-11-20260923-115054\PRE-V25-status.txt","589","6A07F56A3F0751E8B2F50BD386D5E1FA01973873D25A69A54D33ADAF707F64BE","2026-09-23T11:51:53.715+08:00","RAW_OR_UNSELECTED_EVIDENCE","StateSearcher","HOST_ONLY_RAW_EVIDENCE","Retained unchanged on Computer A; not committed to avoid raw/private/noisy evidence growth"
"WFC-StateSearch-v3\Round-11-20260923-115054\slot1-T10.txt","1593","54FA79A864B5CCE65A53DB8365A1AA3A83BAA9660CB4F54F73EAD882195990D0","2026-09-23T11:51:21.808+08:00","RAW_OR_UNSELECTED_EVIDENCE","StateSearcher","HOST_ONLY_RAW_EVIDENCE","Retained unchanged on Computer A; not committed to avoid raw/private/noisy evidence growth"
"WFC-StateSearch-v3\Round-11-20260923-115054\slot1-T15.txt","1593","54FA79A864B5CCE65A53DB8365A1AA3A83BAA9660CB4F54F73EAD882195990D0","2026-09-23T11:51:29.726+08:00","RAW_OR_UNSELECTED_EVIDENCE","StateSearcher","HOST_ONLY_RAW_EVIDENCE","Retained unchanged on Computer A; not committed to avoid raw/private/noisy evidence growth"
"WFC-StateSearch-v3\Round-11-20260923-115054\slot1-T20.txt","1593","54FA79A864B5CCE65A53DB8365A1AA3A83BAA9660CB4F54F73EAD882195990D0","2026-09-23T11:51:37.616+08:00","RAW_OR_UNSELECTED_EVIDENCE","StateSearcher","HOST_ONLY_RAW_EVIDENCE","Retained unchanged on Computer A; not committed to avoid raw/private/noisy evidence growth"
"WFC-StateSearch-v3\Round-11-20260923-115054\slot1-T30.txt","1593","54FA79A864B5CCE65A53DB8365A1AA3A83BAA9660CB4F54F73EAD882195990D0","2026-09-23T11:51:50.429+08:00","RAW_OR_UNSELECTED_EVIDENCE","StateSearcher","HOST_ONLY_RAW_EVIDENCE","Retained unchanged on Computer A; not committed to avoid raw/private/noisy evidence growth"
"WFC-StateSearch-v3\Round-11-20260923-115054\slot1-T5.txt","1593","54FA79A864B5CCE65A53DB8365A1AA3A83BAA9660CB4F54F73EAD882195990D0","2026-09-23T11:51:13.741+08:00","RAW_OR_UNSELECTED_EVIDENCE","StateSearcher","HOST_ONLY_RAW_EVIDENCE","Retained unchanged on Computer A; not committed to avoid raw/private/noisy evidence growth"
"WFC-StateSearch-v3\Round-11-20260923-115054\status-T10.txt","589","6A07F56A3F0751E8B2F50BD386D5E1FA01973873D25A69A54D33ADAF707F64BE","2026-09-23T11:51:21.806+08:00","RAW_OR_UNSELECTED_EVIDENCE","StateSearcher","HOST_ONLY_RAW_EVIDENCE","Retained unchanged on Computer A; not committed to avoid raw/private/noisy evidence growth"
"WFC-StateSearch-v3\Round-11-20260923-115054\status-T15.txt","589","6A07F56A3F0751E8B2F50BD386D5E1FA01973873D25A69A54D33ADAF707F64BE","2026-09-23T11:51:29.725+08:00","RAW_OR_UNSELECTED_EVIDENCE","StateSearcher","HOST_ONLY_RAW_EVIDENCE","Retained unchanged on Computer A; not committed to avoid raw/private/noisy evidence growth"
"WFC-StateSearch-v3\Round-11-20260923-115054\status-T20.txt","589","6A07F56A3F0751E8B2F50BD386D5E1FA01973873D25A69A54D33ADAF707F64BE","2026-09-23T11:51:37.615+08:00","RAW_OR_UNSELECTED_EVIDENCE","StateSearcher","HOST_ONLY_RAW_EVIDENCE","Retained unchanged on Computer A; not committed to avoid raw/private/noisy evidence growth"
"WFC-StateSearch-v3\Round-11-20260923-115054\status-T30.txt","589","6A07F56A3F0751E8B2F50BD386D5E1FA01973873D25A69A54D33ADAF707F64BE","2026-09-23T11:51:50.428+08:00","RAW_OR_UNSELECTED_EVIDENCE","StateSearcher","HOST_ONLY_RAW_EVIDENCE","Retained unchanged on Computer A; not committed to avoid raw/private/noisy evidence growth"
"WFC-StateSearch-v3\Round-11-20260923-115054\status-T5.txt","589","6A07F56A3F0751E8B2F50BD386D5E1FA01973873D25A69A54D33ADAF707F64BE","2026-09-23T11:51:13.739+08:00","RAW_OR_UNSELECTED_EVIDENCE","StateSearcher","HOST_ONLY_RAW_EVIDENCE","Retained unchanged on Computer A; not committed to avoid raw/private/noisy evidence growth"
"WFC-StateSearch-v3\Round-12-20260923-115159\cellular-baseline-slot1.txt","2280","F2F9968F01D1658DAB14429714506BC69377528D10E57FBA1848F284701C638C","2026-09-23T11:52:06.071+08:00","RAW_OR_UNSELECTED_EVIDENCE","StateSearcher","HOST_ONLY_RAW_EVIDENCE","Retained unchanged on Computer A; not committed to avoid raw/private/noisy evidence growth"
"WFC-StateSearch-v3\Round-12-20260923-115159\PRE-V25-full-logcat.txt","1312617","0F09BE10CF574AE94281A4B56E8894BA6A7D92421CC6A7707AB99A6072913D6F","2026-09-23T11:52:58.832+08:00","LARGE_RAW_EVIDENCE","StateSearcher","HOST_ONLY_RAW_EVIDENCE","Retained unchanged on Computer A; not committed to avoid raw/private/noisy evidence growth"
"WFC-StateSearch-v3\Round-12-20260923-115159\PRE-V25-keylog.txt","71497","932E7BD2EB31E51CBDF8F26FC98FB70A15AC09B96BFE88CF2469E15F736B0126","2026-09-23T11:52:58.578+08:00","RAW_OR_UNSELECTED_EVIDENCE","StateSearcher","HOST_ONLY_RAW_EVIDENCE","Retained unchanged on Computer A; not committed to avoid raw/private/noisy evidence growth"
"WFC-StateSearch-v3\Round-12-20260923-115159\PRE-V25-slot1.txt","1593","C1E4B4247B5C0D7415E180DB28CBF2DCAF68B7064D2AE800AC5D6E956E43567B","2026-09-23T11:52:58.576+08:00","RAW_OR_UNSELECTED_EVIDENCE","StateSearcher","HOST_ONLY_RAW_EVIDENCE","Retained unchanged on Computer A; not committed to avoid raw/private/noisy evidence growth"
"WFC-StateSearch-v3\Round-12-20260923-115159\PRE-V25-status.txt","589","6A07F56A3F0751E8B2F50BD386D5E1FA01973873D25A69A54D33ADAF707F64BE","2026-09-23T11:52:58.574+08:00","RAW_OR_UNSELECTED_EVIDENCE","StateSearcher","HOST_ONLY_RAW_EVIDENCE","Retained unchanged on Computer A; not committed to avoid raw/private/noisy evidence growth"
"WFC-StateSearch-v3\Round-12-20260923-115159\slot1-T10.txt","1593","C1E4B4247B5C0D7415E180DB28CBF2DCAF68B7064D2AE800AC5D6E956E43567B","2026-09-23T11:52:26.624+08:00","RAW_OR_UNSELECTED_EVIDENCE","StateSearcher","HOST_ONLY_RAW_EVIDENCE","Retained unchanged on Computer A; not committed to avoid raw/private/noisy evidence growth"
"WFC-StateSearch-v3\Round-12-20260923-115159\slot1-T15.txt","1593","C1E4B4247B5C0D7415E180DB28CBF2DCAF68B7064D2AE800AC5D6E956E43567B","2026-09-23T11:52:34.648+08:00","RAW_OR_UNSELECTED_EVIDENCE","StateSearcher","HOST_ONLY_RAW_EVIDENCE","Retained unchanged on Computer A; not committed to avoid raw/private/noisy evidence growth"
"WFC-StateSearch-v3\Round-12-20260923-115159\slot1-T20.txt","1593","C1E4B4247B5C0D7415E180DB28CBF2DCAF68B7064D2AE800AC5D6E956E43567B","2026-09-23T11:52:42.438+08:00","RAW_OR_UNSELECTED_EVIDENCE","StateSearcher","HOST_ONLY_RAW_EVIDENCE","Retained unchanged on Computer A; not committed to avoid raw/private/noisy evidence growth"
"WFC-StateSearch-v3\Round-12-20260923-115159\slot1-T30.txt","1593","C1E4B4247B5C0D7415E180DB28CBF2DCAF68B7064D2AE800AC5D6E956E43567B","2026-09-23T11:52:55.392+08:00","RAW_OR_UNSELECTED_EVIDENCE","StateSearcher","HOST_ONLY_RAW_EVIDENCE","Retained unchanged on Computer A; not committed to avoid raw/private/noisy evidence growth"
"WFC-StateSearch-v3\Round-12-20260923-115159\slot1-T5.txt","1593","C1E4B4247B5C0D7415E180DB28CBF2DCAF68B7064D2AE800AC5D6E956E43567B","2026-09-23T11:52:18.767+08:00","RAW_OR_UNSELECTED_EVIDENCE","StateSearcher","HOST_ONLY_RAW_EVIDENCE","Retained unchanged on Computer A; not committed to avoid raw/private/noisy evidence growth"
"WFC-StateSearch-v3\Round-12-20260923-115159\status-T10.txt","589","6A07F56A3F0751E8B2F50BD386D5E1FA01973873D25A69A54D33ADAF707F64BE","2026-09-23T11:52:26.621+08:00","RAW_OR_UNSELECTED_EVIDENCE","StateSearcher","HOST_ONLY_RAW_EVIDENCE","Retained unchanged on Computer A; not committed to avoid raw/private/noisy evidence growth"
"WFC-StateSearch-v3\Round-12-20260923-115159\status-T15.txt","589","6A07F56A3F0751E8B2F50BD386D5E1FA01973873D25A69A54D33ADAF707F64BE","2026-09-23T11:52:34.646+08:00","RAW_OR_UNSELECTED_EVIDENCE","StateSearcher","HOST_ONLY_RAW_EVIDENCE","Retained unchanged on Computer A; not committed to avoid raw/private/noisy evidence growth"
"WFC-StateSearch-v3\Round-12-20260923-115159\status-T20.txt","589","6A07F56A3F0751E8B2F50BD386D5E1FA01973873D25A69A54D33ADAF707F64BE","2026-09-23T11:52:42.437+08:00","RAW_OR_UNSELECTED_EVIDENCE","StateSearcher","HOST_ONLY_RAW_EVIDENCE","Retained unchanged on Computer A; not committed to avoid raw/private/noisy evidence growth"
"WFC-StateSearch-v3\Round-12-20260923-115159\status-T30.txt","589","6A07F56A3F0751E8B2F50BD386D5E1FA01973873D25A69A54D33ADAF707F64BE","2026-09-23T11:52:55.391+08:00","RAW_OR_UNSELECTED_EVIDENCE","StateSearcher","HOST_ONLY_RAW_EVIDENCE","Retained unchanged on Computer A; not committed to avoid raw/private/noisy evidence growth"
"WFC-StateSearch-v3\Round-12-20260923-115159\status-T5.txt","589","6A07F56A3F0751E8B2F50BD386D5E1FA01973873D25A69A54D33ADAF707F64BE","2026-09-23T11:52:18.766+08:00","RAW_OR_UNSELECTED_EVIDENCE","StateSearcher","HOST_ONLY_RAW_EVIDENCE","Retained unchanged on Computer A; not committed to avoid raw/private/noisy evidence growth"
"WFC-StateSearch-v3\v3-crash (2).log","1955","590AFB346B4D1674F155138BD10A799550F33959AAE5311705D2E1E9248A436C","2026-09-23T11:32:48.254+08:00","RAW_OR_UNSELECTED_EVIDENCE","StateSearcher","HOST_ONLY_RAW_EVIDENCE","Retained unchanged on Computer A; not committed to avoid raw/private/noisy evidence growth"
"WFC-StateSearch-v3\v3-crash (3).log","1098","28A7AF7098CF49CCD0C9220508049764E02B0B6DD4CBD5EF2CF045A744B9B986","2026-09-23T11:21:25.752+08:00","RAW_OR_UNSELECTED_EVIDENCE","StateSearcher","HOST_ONLY_RAW_EVIDENCE","Retained unchanged on Computer A; not committed to avoid raw/private/noisy evidence growth"
"WFC-StateSearch-v3\v3-crash.log","851","04EF275249DF03789AC67788F900400F894D659A70A7F9E993592918AD03891B","2026-09-23T11:38:39.245+08:00","RAW_OR_UNSELECTED_EVIDENCE","StateSearcher","HOST_ONLY_RAW_EVIDENCE","Retained unchanged on Computer A; not committed to avoid raw/private/noisy evidence growth"
"WFC-StateSearch-v3\v3-main (2).log","983","BD06A1116DDC2449EA8B08F49A0E49682C250EFC426B80F6D3CF9D0642542B7D","2026-09-23T11:37:51.495+08:00","RAW_OR_UNSELECTED_EVIDENCE","StateSearcher","HOST_ONLY_RAW_EVIDENCE","Retained unchanged on Computer A; not committed to avoid raw/private/noisy evidence growth"
"WFC-StateSearch-v3\v3-main (3).log","497","971AE521FBB09EC2D50F6F40A05DB3E8FA35A09526A20D3A052C48160BA25353","2026-09-23T11:32:45.516+08:00","RAW_OR_UNSELECTED_EVIDENCE","StateSearcher","HOST_ONLY_RAW_EVIDENCE","Retained unchanged on Computer A; not committed to avoid raw/private/noisy evidence growth"
"WFC-StateSearch-v3\v3-main.log","14425","C2C0E607338770AE5A0085B8722D60ED7655A2B19C64BD132FB923EE7223B3DC","2026-09-23T11:52:59.220+08:00","SOURCE_OR_SELECTED_EVIDENCE","StateSearcher","TRACKED",""
"WFC-StateSearch\P1-before-v25-log.txt","3048327","73790ED7E104FDF7E7B4A0AA39E3147AF62096C025EAD06BB9965E0959193C9D","2026-09-23T09:25:51.865+08:00","LARGE_RAW_EVIDENCE","StateSearcher","HOST_ONLY_RAW_EVIDENCE","Retained unchanged on Computer A; not committed to avoid raw/private/noisy evidence growth"
"WFC-StateSearch\P1-before-v25-status.txt","591","3BF39C3C26C3BA1DB95153B39C19D09EE361E884D587994B0D5755A0CC154279","2026-09-23T09:25:53.787+08:00","RAW_OR_UNSELECTED_EVIDENCE","StateSearcher","HOST_ONLY_RAW_EVIDENCE","Retained unchanged on Computer A; not committed to avoid raw/private/noisy evidence growth"
"WFC-StateSearch\Round-01-before-v25-log.txt","1045027","C3034D052F2ED48D12BCE4C675D447392A8D6792BBB16BA52EDFFFB8690431FB","2026-09-23T08:37:25.107+08:00","RAW_OR_UNSELECTED_EVIDENCE","StateSearcher","HOST_ONLY_RAW_EVIDENCE","Retained unchanged on Computer A; not committed to avoid raw/private/noisy evidence growth"
"WFC-StateSearch\Round-01-before-v25.txt","591","3BF39C3C26C3BA1DB95153B39C19D09EE361E884D587994B0D5755A0CC154279","2026-09-23T08:37:25.007+08:00","RAW_OR_UNSELECTED_EVIDENCE","StateSearcher","HOST_ONLY_RAW_EVIDENCE","Retained unchanged on Computer A; not committed to avoid raw/private/noisy evidence growth"
"WFC-StateSearch\Round-01-cellular-before.txt","349198","09CC8FDB24BB035362FFF1E109BF178C7F4D5982FAAA7D79FB67F7202C7574BC","2026-09-23T08:37:05.722+08:00","RAW_OR_UNSELECTED_EVIDENCE","StateSearcher","HOST_ONLY_RAW_EVIDENCE","Retained unchanged on Computer A; not committed to avoid raw/private/noisy evidence growth"
"WFC-StateSearch\Round-02-after-v25-log.txt","3867564","C8F84A03E5804165E4107615BDF79D300CAAC9EDBAC863B30584DBCE136F5ED8","2026-09-23T08:51:53.715+08:00","LARGE_RAW_EVIDENCE","StateSearcher","HOST_ONLY_RAW_EVIDENCE","Retained unchanged on Computer A; not committed to avoid raw/private/noisy evidence growth"
"WFC-StateSearch\Round-02-after-v25.txt","591","3BF39C3C26C3BA1DB95153B39C19D09EE361E884D587994B0D5755A0CC154279","2026-09-23T08:51:53.561+08:00","RAW_OR_UNSELECTED_EVIDENCE","StateSearcher","HOST_ONLY_RAW_EVIDENCE","Retained unchanged on Computer A; not committed to avoid raw/private/noisy evidence growth"
"WFC-StateSearch\Round-02-before-v25-log.txt","1127247","E59381346127D1A1E6364F7E1283C519E06C7E3695672C78EC9286F4FA756279","2026-09-23T08:48:50.933+08:00","LARGE_RAW_EVIDENCE","StateSearcher","HOST_ONLY_RAW_EVIDENCE","Retained unchanged on Computer A; not committed to avoid raw/private/noisy evidence growth"
"WFC-StateSearch\Round-02-before-v25.txt","591","3BF39C3C26C3BA1DB95153B39C19D09EE361E884D587994B0D5755A0CC154279","2026-09-23T08:48:50.820+08:00","RAW_OR_UNSELECTED_EVIDENCE","StateSearcher","HOST_ONLY_RAW_EVIDENCE","Retained unchanged on Computer A; not committed to avoid raw/private/noisy evidence growth"
"WFC-StateSearch\SIM-A1-polluted-log.txt","1104655","74B0E847C161682A2DA63408EE015B322D2587C0FB43B397A9B8177FD193AFDA","2026-09-23T09:08:44.912+08:00","LARGE_RAW_EVIDENCE","StateSearcher","HOST_ONLY_RAW_EVIDENCE","Retained unchanged on Computer A; not committed to avoid raw/private/noisy evidence growth"
"WFC-StateSearch\SIM-A2-polluted-log.txt","1047745","1F17E424257EC688000696205E5BC2788D579EAE12E020D96D16D99815AF817A","2026-09-23T09:12:32.897+08:00","RAW_OR_UNSELECTED_EVIDENCE","StateSearcher","HOST_ONLY_RAW_EVIDENCE","Retained unchanged on Computer A; not committed to avoid raw/private/noisy evidence growth"
"WFC-StateSearch\SIM-A3-polluted-log.txt","1060068","AAE3B4C71A816F3781CBCA3C70243B33B6B0E2BC7F4610EE3C77166AA5FC8748","2026-09-23T09:15:18.762+08:00","LARGE_RAW_EVIDENCE","StateSearcher","HOST_ONLY_RAW_EVIDENCE","Retained unchanged on Computer A; not committed to avoid raw/private/noisy evidence growth"
"WFC-StateSearch\SRC-B1-log.txt","2542514","BC359092C22635956AAD14158578D7D5DABCA29A6618B98DC6C0F5ABCB732E22","2026-09-23T09:21:37.674+08:00","LARGE_RAW_EVIDENCE","StateSearcher","HOST_ONLY_RAW_EVIDENCE","Retained unchanged on Computer A; not committed to avoid raw/private/noisy evidence growth"
"wifi-after-fresh-qcrild2.log","24512535","966418EBEC64447196A3355138468C0DD215B63D4895CF908F01636C90D72E0B","2026-09-22T14:18:25.489+08:00","LARGE_RAW_EVIDENCE","QCRIL/native recovery investigation","HOST_ONLY_RAW_EVIDENCE","Retained unchanged on Computer A; not committed to avoid raw/private/noisy evidence growth"
"wifi-cne-test.log","13553178","5067A6369E6215E0C20CE0DCCB26C120DB86D1A61F68AFDC94A3F1163EC39F5A","2026-09-22T12:56:29.240+08:00","LARGE_RAW_EVIDENCE","CNE/IWLAN investigation","HOST_ONLY_RAW_EVIDENCE","Retained unchanged on Computer A; not committed to avoid raw/private/noisy evidence growth"
"x55_ssr.ko","54304","8835F714725205C63201D9A88152EEF638B05F4BAA9CCFFFBA810A4C1A86145D","2026-09-21T16:20:57.887+08:00","UNIQUE_BINARY_UNKNOWN","Modem SSR read-only audit","HASH_INDEXED_ONLY","Unique kernel module binary; no matching source found; retained on Computer A only"
"x55_test.ko","30152","8565282386B0C0CF9F0A767525FB8E779828FB0C84AAA051AF9D3E0DA5FD1642","2026-09-21T16:14:46.476+08:00","UNIQUE_BINARY_UNKNOWN","Modem SSR read-only audit","HASH_INDEXED_ONLY","Unique kernel module binary; no matching source found; retained on Computer A only"
"X55-Logs\X55-WFC-20260922_100203.log","25151","C191927E1484E3FCEEF3004B48D5A75DDB84FA9EB934AAC4CD78C9EA5F39ED77","2026-09-22T10:04:46.574+08:00","RAW_OR_UNSELECTED_EVIDENCE","X55 WFC legacy recovery","HOST_ONLY_RAW_EVIDENCE","Retained unchanged on Computer A; not committed to avoid raw/private/noisy evidence growth"
"X55-Logs\X55-WFC-20260922_101653.log","79006","E98BE65F3005DB1425DFE3A8A1CD4CFA3898F8F95480EC653DA2A952FEAFC7E4","2026-09-22T10:19:59.482+08:00","RAW_OR_UNSELECTED_EVIDENCE","X55 WFC legacy recovery","HOST_ONLY_RAW_EVIDENCE","Retained unchanged on Computer A; not committed to avoid raw/private/noisy evidence growth"
"X55-Logs\X55-WFC-20260922_102450.log","114977","E3F01FFFD9D4AF85AE6C1FDA375DAC981B36E478973EA8F7E691DD269E1D4BD0","2026-09-22T10:27:54.368+08:00","RAW_OR_UNSELECTED_EVIDENCE","X55 WFC legacy recovery","HOST_ONLY_RAW_EVIDENCE","Retained unchanged on Computer A; not committed to avoid raw/private/noisy evidence growth"
"X55-Logs\X55-WFC-20260922_103226.log","63119","0B7CA4A754539356CC08E234C91BBA7CC9A02F4230F337C1EDF60F61B8A8D7DF","2026-09-22T10:33:52.592+08:00","RAW_OR_UNSELECTED_EVIDENCE","X55 WFC legacy recovery","HOST_ONLY_RAW_EVIDENCE","Retained unchanged on Computer A; not committed to avoid raw/private/noisy evidence growth"
"X55-Logs\X55-WFC-20260922_103601.log","47193","C06DFEA7FF8B98AB5997E6A24729C6E96216E88965E3EFB6AC5BEA1D33632109","2026-09-22T10:37:08.002+08:00","RAW_OR_UNSELECTED_EVIDENCE","X55 WFC legacy recovery","HOST_ONLY_RAW_EVIDENCE","Retained unchanged on Computer A; not committed to avoid raw/private/noisy evidence growth"
"X55-Logs\X55-WFC-20260922_103733.log","69263","A11BF37AD2B2DE95876F64ED729DB571A7EBC0CEC8A1DD1BF1EA86CF25AE57FA","2026-09-22T10:38:46.051+08:00","RAW_OR_UNSELECTED_EVIDENCE","X55 WFC legacy recovery","HOST_ONLY_RAW_EVIDENCE","Retained unchanged on Computer A; not committed to avoid raw/private/noisy evidence growth"
"X55-Logs\X55-WFC-20260922_103910.log","110518","07CABE85964EC0362FF7D9595DB07CA5F071E4C3AD8E1A539D74F485EF10F46C","2026-09-22T10:42:13.121+08:00","RAW_OR_UNSELECTED_EVIDENCE","X55 WFC legacy recovery","HOST_ONLY_RAW_EVIDENCE","Retained unchanged on Computer A; not committed to avoid raw/private/noisy evidence growth"
"X55-Logs\X55-WFC-20260922_104232.log","103531","AC559431A6184E78FA72C6F20A39FD84FA37F817E5D1A8149BF87C8691B54F79","2026-09-22T10:45:34.557+08:00","RAW_OR_UNSELECTED_EVIDENCE","X55 WFC legacy recovery","HOST_ONLY_RAW_EVIDENCE","Retained unchanged on Computer A; not committed to avoid raw/private/noisy evidence growth"
"X55-Logs\X55-WFC-20260922_121648.log","1741","2FCE1BE5C3012C9C3DE6360A43AABBE287A1567E9383B44AE63052E88730EE6D","2026-09-22T12:16:51.127+08:00","RAW_OR_UNSELECTED_EVIDENCE","X55 WFC legacy recovery","HOST_ONLY_RAW_EVIDENCE","Retained unchanged on Computer A; not committed to avoid raw/private/noisy evidence growth"
"X55-Logs\X55-WFC-20260922_121709.log","66339","28D6B0A2FA30532E0D10415AA7387A2C6394D61CD520EF9FD83955FC44FC4525","2026-09-22T12:18:20.889+08:00","RAW_OR_UNSELECTED_EVIDENCE","X55 WFC legacy recovery","HOST_ONLY_RAW_EVIDENCE","Retained unchanged on Computer A; not committed to avoid raw/private/noisy evidence growth"
"X55-Logs\X55-WFC-20260922_121855.log","70257","9437E664BE001CFD8E094BB1DB26107346BD4662E923D38A6A25BC1DE1ACEA86","2026-09-22T12:20:09.814+08:00","RAW_OR_UNSELECTED_EVIDENCE","X55 WFC legacy recovery","HOST_ONLY_RAW_EVIDENCE","Retained unchanged on Computer A; not committed to avoid raw/private/noisy evidence growth"
"X55-Logs\X55-WFC-20260922_122042.log","86721","3CDD1ED614E760100944FA680820507200CF68D7629BC48651626FDF99B15F18","2026-09-22T12:23:41.748+08:00","RAW_OR_UNSELECTED_EVIDENCE","X55 WFC legacy recovery","HOST_ONLY_RAW_EVIDENCE","Retained unchanged on Computer A; not committed to avoid raw/private/noisy evidence growth"
"X55-Logs\X55-WFC-20260922_122416.log","87648","65FE2805417115E5EBDB6650AB1F38A0B8308F90088D0501179ACA2E8F1E6E3A","2026-09-22T12:27:15.576+08:00","RAW_OR_UNSELECTED_EVIDENCE","X55 WFC legacy recovery","HOST_ONLY_RAW_EVIDENCE","Retained unchanged on Computer A; not committed to avoid raw/private/noisy evidence growth"
"X55-Logs\X55-WFC-20260923_083809.log","259","05572AAE8A76F27BC0EBE6EFE78438D1B7956CF664A466A44F6848F452F996FC","2026-09-23T08:38:09.980+08:00","RAW_OR_UNSELECTED_EVIDENCE","X55 WFC legacy recovery","HOST_ONLY_RAW_EVIDENCE","Retained unchanged on Computer A; not committed to avoid raw/private/noisy evidence growth"
"X55-Logs\X55-WFC-20260923_084215.log","71400","EB139ED82552144C2C0A43672AECA803A5547BB782CD49F2C87FC31080A3200D","2026-09-23T08:44:48.670+08:00","RAW_OR_UNSELECTED_EVIDENCE","X55 WFC legacy recovery","HOST_ONLY_RAW_EVIDENCE","Retained unchanged on Computer A; not committed to avoid raw/private/noisy evidence growth"
"X55-Logs\X55-WFC-20260923_084909.log","70964","AE3A575E416CEFD1C5D36BBC60E1A46A0BFD9CB5CE2784B66865EDB8494D78B2","2026-09-23T08:51:42.680+08:00","RAW_OR_UNSELECTED_EVIDENCE","X55 WFC legacy recovery","HOST_ONLY_RAW_EVIDENCE","Retained unchanged on Computer A; not committed to avoid raw/private/noisy evidence growth"
"X55-Logs\X55-WFC-20260923_092600.log","56946","CB4DD3E4303CAB15F319CF05CA6D7AC7120732DD73C0EF3F3B6C37A4EF1A19AE","2026-09-23T09:27:06.729+08:00","RAW_OR_UNSELECTED_EVIDENCE","X55 WFC legacy recovery","HOST_ONLY_RAW_EVIDENCE","Retained unchanged on Computer A; not committed to avoid raw/private/noisy evidence growth"
"X55-Logs\X55-WFC-20260923_093427.log","57929","5ECD8F94004CC67EFCF2CCB35D59DB8FD82DEA48F1F2E4B80ECE3B1BC089F0F3","2026-09-23T09:35:50.543+08:00","RAW_OR_UNSELECTED_EVIDENCE","X55 WFC legacy recovery","HOST_ONLY_RAW_EVIDENCE","Retained unchanged on Computer A; not committed to avoid raw/private/noisy evidence growth"
"X55-Logs\X55-WFC-20260923_093659.log","57534","F94A7BEFE64CF74E3F462E5BDFD17DC4CA28D7AFE46186234EF3BA46678D9514","2026-09-23T09:38:11.985+08:00","RAW_OR_UNSELECTED_EVIDENCE","X55 WFC legacy recovery","HOST_ONLY_RAW_EVIDENCE","Retained unchanged on Computer A; not committed to avoid raw/private/noisy evidence growth"
"X55-Logs\X55-WFC-20260923_101157.log","71118","7FD0A3419A943AF0601673125A95581077C8726815B5967B277BE7C63DF6E548","2026-09-23T10:15:03.222+08:00","RAW_OR_UNSELECTED_EVIDENCE","X55 WFC legacy recovery","HOST_ONLY_RAW_EVIDENCE","Retained unchanged on Computer A; not committed to avoid raw/private/noisy evidence growth"
"X55-Logs\X55-WFC-20260923_101814.log","65393","AF79FDC5FB1A1206AB5A583CC30A93E0761E6140833EE126EAB5212677BDBF56","2026-09-23T10:20:41.968+08:00","RAW_OR_UNSELECTED_EVIDENCE","X55 WFC legacy recovery","HOST_ONLY_RAW_EVIDENCE","Retained unchanged on Computer A; not committed to avoid raw/private/noisy evidence growth"
"X55-Logs\X55-WFC-20260923_102431.log","65935","CF825B3BFCA8F1AC3B6D57FB1119A871BA8451ECA04CBE179ECF83F2D1F621DF","2026-09-23T10:26:57.413+08:00","RAW_OR_UNSELECTED_EVIDENCE","X55 WFC legacy recovery","HOST_ONLY_RAW_EVIDENCE","Retained unchanged on Computer A; not committed to avoid raw/private/noisy evidence growth"
"X55-Logs\X55-WFC-20260923_102801.log","64916","A65C80A726AEE118978403C0290FACB85E4FAAB217E0F4CF8FDC7FDBC10676E3","2026-09-23T10:30:21.711+08:00","RAW_OR_UNSELECTED_EVIDENCE","X55 WFC legacy recovery","HOST_ONLY_RAW_EVIDENCE","Retained unchanged on Computer A; not committed to avoid raw/private/noisy evidence growth"
"X55-Logs\X55-WFC-20260923_103533.log","59275","4D84D3765C465464F870C58752F10ABC5E28642E5800289179D8F66F73882D50","2026-09-23T10:37:11.431+08:00","RAW_OR_UNSELECTED_EVIDENCE","X55 WFC legacy recovery","HOST_ONLY_RAW_EVIDENCE","Retained unchanged on Computer A; not committed to avoid raw/private/noisy evidence growth"
"X55-Logs\X55-WFC-20260923_103855.log","56985","C1A33B8978C7172313342A513F3F3FA2069EB4CC83A001C312D945001E988874","2026-09-23T10:40:18.568+08:00","RAW_OR_UNSELECTED_EVIDENCE","X55 WFC legacy recovery","HOST_ONLY_RAW_EVIDENCE","Retained unchanged on Computer A; not committed to avoid raw/private/noisy evidence growth"
"X55-Logs\X55-WFC-20260923_104101.log","57823","519D7FE170320644E75A132424689777C04A5A818378CE545A9A66D61549BACC","2026-09-23T10:42:30.946+08:00","RAW_OR_UNSELECTED_EVIDENCE","X55 WFC legacy recovery","HOST_ONLY_RAW_EVIDENCE","Retained unchanged on Computer A; not committed to avoid raw/private/noisy evidence growth"
"X55-Logs\X55-WFC-20260923_104539.log","71808","D2457F795621D7DE5FE1A17F4B3F61DC7B6065CD3FE9EA70A3AB236BD43F3C39","2026-09-23T10:48:12.695+08:00","RAW_OR_UNSELECTED_EVIDENCE","X55 WFC legacy recovery","HOST_ONLY_RAW_EVIDENCE","Retained unchanged on Computer A; not committed to avoid raw/private/noisy evidence growth"
"X55-Logs\X55-WFC-20260923_124843.log","54577","E87BF61272DCA92603A6068D0D30C01C40E65AE1140800D0666A28DB9ADB7232","2026-09-23T12:50:04.184+08:00","RAW_OR_UNSELECTED_EVIDENCE","X55 WFC legacy recovery","HOST_ONLY_RAW_EVIDENCE","Retained unchanged on Computer A; not committed to avoid raw/private/noisy evidence growth"
"X55-Logs\X55-WFC-20260923_130541.log","60765","E8148BF60FF336241A1C73486FF73A9CC5793B922DB40D76ED88E34B6554CD8D","2026-09-23T13:07:17.220+08:00","RAW_OR_UNSELECTED_EVIDENCE","X55 WFC legacy recovery","HOST_ONLY_RAW_EVIDENCE","Retained unchanged on Computer A; not committed to avoid raw/private/noisy evidence growth"
"X55-Logs\X55-WFC-20260923_135715.log","11158","1BE3BC8BC0DC9DA228E663C1B35406DE58711C85034E34D60AA59B88DF6FA1F0","2026-09-23T13:58:15.386+08:00","RAW_OR_UNSELECTED_EVIDENCE","X55 WFC legacy recovery","HOST_ONLY_RAW_EVIDENCE","Retained unchanged on Computer A; not committed to avoid raw/private/noisy evidence growth"
"X55-Logs\X55-WFC-20260923_140024.log","2529","CA067C32EBA4D1B5906666173538ED7DD1CBFDE11DE0C614FC3BFD4326FC248F","2026-09-23T14:00:28.766+08:00","RAW_OR_UNSELECTED_EVIDENCE","X55 WFC legacy recovery","HOST_ONLY_RAW_EVIDENCE","Retained unchanged on Computer A; not committed to avoid raw/private/noisy evidence growth"
"X55-Logs\X55-WFC-20260923_140037.log","2529","91B69959E729B8F6C9E9A7B0A90C193B8EAF130F2E247D503790F7FF5C303A0E","2026-09-23T14:00:41.241+08:00","RAW_OR_UNSELECTED_EVIDENCE","X55 WFC legacy recovery","HOST_ONLY_RAW_EVIDENCE","Retained unchanged on Computer A; not committed to avoid raw/private/noisy evidence growth"
"X55-Logs\X55-WFC-20260923_141059.log","92451","AB2E33C88D20B6F499FC8B6262B42E31E940B553EEAA7B5B3BFF86731A0FE15B","2026-09-23T14:14:12.635+08:00","RAW_OR_UNSELECTED_EVIDENCE","X55 WFC legacy recovery","HOST_ONLY_RAW_EVIDENCE","Retained unchanged on Computer A; not committed to avoid raw/private/noisy evidence growth"
"X55-Restart-FULL.cmd","12435","9AF1A0DB3BB21109CF366D6520960A03CA4B852687D1E05C84ACD3AF3419B805","2026-09-22T09:30:25.643+08:00","SOURCE_OR_SELECTED_EVIDENCE","X55 WFC legacy recovery","TRACKED",""
"X55-Restart.cmd","7211","2D71DD7AB6D4032C6612F74C77DDCC697DC996FD688D074FFC878F9006E9C766","2026-09-22T09:25:43.173+08:00","SOURCE_OR_SELECTED_EVIDENCE","X55 WFC legacy recovery","TRACKED",""
"X55-VOXI-PassiveMonitor-v1.0.ps1","21149","2835307865199EFBFB1775D04528D3890963DD70160EC403D764F230EA616F6C","2026-09-23T12:50:40.972+08:00","SOURCE_OR_SELECTED_EVIDENCE","PassiveMonitor","TRACKED",""
"X55-VOXI-PassiveMonitor-v1.1.ps1","23037","A667215FD18D9804D1B3ACB6810E6EC23476013FF03C8CFC7036948C6E5B0541","2026-09-23T12:57:15.844+08:00","SOURCE_OR_SELECTED_EVIDENCE","PassiveMonitor","TRACKED",""
"X55-VOXI-PassiveMonitor-v1.2.ps1","31821","7C73BEEA75226DC0FB5B03B595E55FA71684694D6AD2EFD9F3D5F1A099CE5BC4","2026-09-23T13:18:01.630+08:00","SOURCE_OR_SELECTED_EVIDENCE","PassiveMonitor","TRACKED",""
"X55-WFC-OneClick (2).cmd","235","AE8DA3F0D12F59471FF3962E8D7A50C2FE7E9F9711CF123F8DCC5197A910941A","2026-09-22T02:24:00.000+08:00","SOURCE_OR_SELECTED_EVIDENCE","X55 WFC legacy recovery","TRACKED",""
"X55-WFC-OneClick (2).ps1","24439","20BC4971D59A08443878F4C3156C1E02188078CD2808070AEEE87C60135937D6","2026-09-22T02:24:00.000+08:00","SOURCE_OR_SELECTED_EVIDENCE","X55 WFC legacy recovery","TRACKED",""
"X55-WFC-OneClick (3).cmd","235","AE8DA3F0D12F59471FF3962E8D7A50C2FE7E9F9711CF123F8DCC5197A910941A","2026-09-22T02:15:48.000+08:00","SOURCE_OR_SELECTED_EVIDENCE","X55 WFC legacy recovery","TRACKED",""
"X55-WFC-OneClick (3).ps1","23956","E4E0F8AB39C1E6C2C7FD810D143612AD96D65736B20FF5E4B91EB2EF641C9950","2026-09-22T02:15:48.000+08:00","SOURCE_OR_SELECTED_EVIDENCE","X55 WFC legacy recovery","TRACKED",""
"X55-WFC-OneClick (4).cmd","235","AE8DA3F0D12F59471FF3962E8D7A50C2FE7E9F9711CF123F8DCC5197A910941A","2026-09-22T02:00:54.000+08:00","SOURCE_OR_SELECTED_EVIDENCE","X55 WFC legacy recovery","TRACKED",""
"X55-WFC-OneClick (4).ps1","21405","6613AA38DD9D34B5B6C5235002059431B428062848B2B878C24CD173D363E0F4","2026-09-22T02:00:54.000+08:00","SOURCE_OR_SELECTED_EVIDENCE","X55 WFC legacy recovery","TRACKED",""
"X55-WFC-OneClick (5).cmd","235","AE8DA3F0D12F59471FF3962E8D7A50C2FE7E9F9711CF123F8DCC5197A910941A","2026-09-23T00:40:24.000+08:00","SOURCE_OR_SELECTED_EVIDENCE","X55 WFC legacy recovery","TRACKED",""
"X55-WFC-OneClick (5).ps1","32653","F633F1A3EDAC2B8EF9B55B5B37AEE51551DE2FB3A8100DB3795ACEF2F17AB3D7","2026-09-23T00:40:24.000+08:00","SOURCE_OR_SELECTED_EVIDENCE","X55 WFC legacy recovery","TRACKED",""
"X55-WFC-OneClick (6).cmd","235","AE8DA3F0D12F59471FF3962E8D7A50C2FE7E9F9711CF123F8DCC5197A910941A","2026-09-23T00:29:14.000+08:00","SOURCE_OR_SELECTED_EVIDENCE","X55 WFC legacy recovery","TRACKED",""
"X55-WFC-OneClick (6).ps1","31769","CB4F9A3EA4F197FB6906FF562394C1BC8F9D5246A5BB7B93D63ECBC6979267A4","2026-09-23T00:29:14.000+08:00","SOURCE_OR_SELECTED_EVIDENCE","X55 WFC legacy recovery","TRACKED",""
"X55-WFC-OneClick-FINAL.zip","7503","AC9C50FC94779A8E4A9B9976E425600C8D9372C808398D6B751070CD98E0D5D6","2026-09-22T10:01:41.543+08:00","REDUNDANT_ARCHIVE","X55 WFC legacy recovery","HASH_INDEXED_ONLY","ZIP contents duplicate loose files or tracked content"
"X55-WFC-OneClick-v2.2.zip","8121","0C290080BE521434B23A9A57723A828AB5DAE0C9EBEBD57B51FECDBC9584D1C4","2026-09-22T10:16:14.774+08:00","REDUNDANT_ARCHIVE","X55 WFC legacy recovery","HASH_INDEXED_ONLY","ZIP contents duplicate loose files or tracked content"
"X55-WFC-OneClick-v2.3.zip","8205","51A137D89A333664E7FB53231E43B05A89091B77889D98EE45FB3A0E83240FA0","2026-09-22T10:24:40.262+08:00","REDUNDANT_ARCHIVE","X55 WFC legacy recovery","HASH_INDEXED_ONLY","ZIP contents duplicate loose files or tracked content"
"X55-WFC-OneClick-v2.4.1.zip","8991","07AF7FE8E2D80241FA49215FEA69884DEEE219F8B400C68D27B60CAD57F44994","2026-09-22T11:35:46.224+08:00","ARCHIVE_WITH_UNIQUE_ENTRIES_EXTRACTED","X55 WFC legacy recovery","HASH_INDEXED_ONLY","ZIP not tracked; unique entries extracted and provenance-recorded"
"X55-WFC-OneClick-v2.5-single-on-logsafe.zip","10347","AD271AE45A6E6D1F348AB890E9A4B27F54F5C833457AFD3CF26E88BDDA8C86D3","2026-09-23T08:41:26.845+08:00","ARCHIVE_WITH_UNIQUE_ENTRIES_EXTRACTED","X55 WFC legacy recovery","HASH_INDEXED_ONLY","ZIP not tracked; unique entries extracted and provenance-recorded"
"X55-WFC-OneClick-v2.5-single-on.zip","9970","6C56CB4605A1EFBA87829DCA3A8ABFFFBE9C61ECB083393DC6C2357248C3E5A0","2026-09-23T08:31:28.570+08:00","REDUNDANT_ARCHIVE","X55 WFC legacy recovery","HASH_INDEXED_ONLY","ZIP contents duplicate loose files or tracked content"
"X55-WFC-OneClick-v2.5.zip","10086","CDD20A4806FD7399255F437125899E805E3961101F4D304F5018D37A499F5AB9","2026-09-22T11:55:43.811+08:00","REDUNDANT_ARCHIVE","X55 WFC legacy recovery","HASH_INDEXED_ONLY","ZIP contents duplicate loose files or tracked content"
"X55-WFC-OneClick-v2.6-clean-transactional.ps1","38158","7D1E41AE4BEDF189DE8DAB5BEF566BCA555FA37ACC36C9D98AC37B67E69B0D89","2026-09-23T13:56:43.904+08:00","SOURCE_OR_SELECTED_EVIDENCE","X55-WFC-v2.6.x","TRACKED",""
"X55-WFC-OneClick-v2.6.1-clean-transactional-hotfix.ps1","42078","12ABFE6717E598D9E3B24A8F9A6F0F0D44B7F41EA3A6DCC4A00409F7CFAE81BB","2026-09-23T14:00:05.926+08:00","SOURCE_OR_SELECTED_EVIDENCE","X55-WFC-v2.6.x","TRACKED",""
"X55-WFC-OneClick-v2.6.2-native-owner-restore.ps1","46169","0B83D687F354F1A6B920937E22ACF9D761BAC51E064C8D3CC14BDDAA51FE3CE7","2026-09-23T14:10:18.603+08:00","SOURCE_OR_SELECTED_EVIDENCE","X55-WFC-v2.6.2","TRACKED",""
"X55-WFC-OneClick.cmd","235","AE8DA3F0D12F59471FF3962E8D7A50C2FE7E9F9711CF123F8DCC5197A910941A","2026-09-22T03:55:12.000+08:00","SOURCE_OR_SELECTED_EVIDENCE","X55 WFC legacy recovery","TRACKED",""
"X55-WFC-OneClick.ps1","32681","530DE5F9D377E7DB7F5449539792004FB43F96AB334C3072F0D406C7B52BA244","2026-09-22T03:55:12.000+08:00","SOURCE_OR_SELECTED_EVIDENCE","X55 WFC legacy recovery","TRACKED",""
"X55-WFC-OneClick.zip","6908","196A93DAC498FD72CFB067944B3698ED12093BE9F770F250E5D3BEE4A60FFCC8","2026-09-22T09:53:27.245+08:00","ARCHIVE_WITH_UNIQUE_ENTRIES_EXTRACTED","X55 WFC legacy recovery","HASH_INDEXED_ONLY","ZIP not tracked; unique entries extracted and provenance-recorded"
"X55-WFC-OneClick\X55-Logs\X55-WFC-20260922_095619.log","3511","445476E9680D9A9DC2A23C45860000C88A1C37E1B5E0C3C6233BEF43B2220D13","2026-09-22T09:56:27.140+08:00","RAW_OR_UNSELECTED_EVIDENCE","X55 WFC legacy recovery","HOST_ONLY_RAW_EVIDENCE","Retained unchanged on Computer A; not committed to avoid raw/private/noisy evidence growth"
"X55-WFC-OneClick\X55-Logs\X55-WFC-20260922_095804.log","3511","9360FF5F1D81ABC613CE1C50D4AC5C7137A3CBD3BC62DF62E437D3DBFFF9150E","2026-09-22T09:58:12.005+08:00","RAW_OR_UNSELECTED_EVIDENCE","X55 WFC legacy recovery","HOST_ONLY_RAW_EVIDENCE","Retained unchanged on Computer A; not committed to avoid raw/private/noisy evidence growth"
"X55-WFC-OneClick\X55-WFC-OneClick.cmd","245","716914EF8ABF9AB5E47A24E2AAEB7BA504EBA3DBB1ED8EB66809142C58ADBF8B","2026-09-22T09:49:55.000+08:00","SOURCE_OR_SELECTED_EVIDENCE","X55 WFC legacy recovery","TRACKED",""
"X55-WFC-OneClick\X55-WFC-OneClick.ps1","21575","496121269DA87F9B7823C5256446F98593166B3D81079AC1C8547B349029047A","2026-09-22T09:57:37.859+08:00","SOURCE_OR_SELECTED_EVIDENCE","X55 WFC legacy recovery","TRACKED",""
"X55-WFC-StateSearcher-v3.0.ps1","21635","E0681EA0ABA240D4767BE34E9ABA6E765A4392873E02D4FE54117FA748DF83FC","2026-09-23T11:15:27.089+08:00","SOURCE_OR_SELECTED_EVIDENCE","StateSearcher","TRACKED",""
"X55-WFC-StateSearcher-v3.1.ps1","31678","2A2E564A838E17F38A6F883EAA5F9766C6166F36BAD9D70B6502D52A16D74B05","2026-09-23T11:20:46.942+08:00","SOURCE_OR_SELECTED_EVIDENCE","StateSearcher","TRACKED",""
"X55-WFC-StateSearcher-v3.2.ps1","32800","92D2F0FC049FF3927104054D466C5DC52D61284F4F4F999108858865DC7FE7D0","2026-09-23T11:31:01.829+08:00","SOURCE_OR_SELECTED_EVIDENCE","StateSearcher","TRACKED",""
"X55-WFC-StateSearcher-v3.3.ps1","33987","1A4C25E163885FDFF7F27F1A089BFD27A9E6522C15A193B5722B3F14B28E0570","2026-09-23T11:36:17.472+08:00","SOURCE_OR_SELECTED_EVIDENCE","StateSearcher","TRACKED",""
"X55-WFC-StateSearcher-v3.4.ps1","34017","74F892E4B955458300D106E3A6749E451C651AC99785990B144D269C757CC076","2026-09-23T11:39:54.742+08:00","SOURCE_OR_SELECTED_EVIDENCE","StateSearcher","TRACKED",""
"X55-WFC-StateSearcher-v3.5.ps1","42708","CA19534E87541214A34A2D3EF4C67A0995EA1084971AEE85B46F9B40007B8463","2026-09-23T12:11:28.612+08:00","SOURCE_OR_SELECTED_EVIDENCE","StateSearcher","TRACKED",""
