Verbose logging is off
mVerboseLoggingLevel 0
Stay-awake conditions: 0
mInIdleMode false
mScanPending false
SettingsStore:
WifiState 2
AirplaneModeOn true
ScanAlwaysAvailable true
WifiScoringState true
WifiPasspointState true
WifiMultiInternetMode 0
Dump of WifiActiveModeWarden
Current wifi mode: EnabledState
Wi-Fi is enabled
NumActiveModeManagers: 1
WifiController:
 total records=18
 rec[0]: time=09-17 22:27:21.344 processed=DefaultState org=EnabledState dest=<null> what=CMD_UPDATE_AP_CAPABILITY
 rec[1]: time=09-17 22:27:21.344 processed=DefaultState org=EnabledState dest=<null> what=CMD_UPDATE_AP_CAPABILITY
 rec[2]: time=09-17 22:27:23.059 processed=DefaultState org=EnabledState dest=<null> what=CMD_UPDATE_AP_CAPABILITY
 rec[3]: time=09-17 22:27:23.768 processed=DefaultState org=EnabledState dest=<null> what=CMD_UPDATE_AP_CAPABILITY
 rec[4]: time=09-17 22:27:40.776 processed=DefaultState org=EnabledState dest=<null> what=CMD_UPDATE_AP_CAPABILITY
 rec[5]: time=09-17 22:27:40.912 processed=DefaultState org=EnabledState dest=<null> what=CMD_UPDATE_AP_CAPABILITY
 rec[6]: time=09-17 22:28:37.136 processed=DefaultState org=EnabledState dest=<null> what=CMD_UPDATE_AP_CAPABILITY
 rec[7]: time=09-17 22:28:44.402 processed=DefaultState org=EnabledState dest=<null> what=CMD_UPDATE_AP_CAPABILITY
 rec[8]: time=09-17 22:29:21.620 processed=EnabledState org=EnabledState dest=<null> what=CMD_AIRPLANE_TOGGLED
 rec[9]: time=09-17 22:29:45.496 processed=DefaultState org=EnabledState dest=<null> what=CMD_AIRPLANE_TOGGLED
 rec[10]: time=09-17 22:29:45.887 processed=EnabledState org=EnabledState dest=DisabledState what=CMD_STA_STOPPED
 rec[11]: time=09-17 22:29:47.671 processed=DisabledState org=DisabledState dest=EnabledState what=CMD_WIFI_TOGGLED
 rec[12]: time=09-17 22:29:47.933 processed=DefaultState org=EnabledState dest=<null> what=CMD_UPDATE_AP_CAPABILITY
 rec[13]: time=09-17 22:29:47.933 processed=DefaultState org=EnabledState dest=<null> what=CMD_UPDATE_AP_CAPABILITY
 rec[14]: time=09-17 22:37:05.911 processed=DefaultState org=EnabledState dest=<null> what=CMD_UPDATE_AP_CAPABILITY
 rec[15]: time=09-17 22:37:12.556 processed=DefaultState org=EnabledState dest=<null> what=CMD_UPDATE_AP_CAPABILITY
 rec[16]: time=09-17 22:39:17.474 processed=DefaultState org=EnabledState dest=<null> what=CMD_UPDATE_AP_CAPABILITY
 rec[17]: time=09-17 22:39:24.288 processed=DefaultState org=EnabledState dest=<null> what=CMD_UPDATE_AP_CAPABILITY
curState=EnabledState
Dump of ClientModeManager id=165848
current StateMachine mode: ConnectModeState
mRole: ROLE_CLIENT_PRIMARY
mPreviousRole: null
mTargetRoleChangeInfo: Role: ROLE_CLIENT_PRIMARY, RequestorWs: WorkSource{1000 com.android.systemui}, ModeListener: com.android.server.wifi.ActiveModeWarden$ClientListener@7afe4b0
mClientInterfaceName: wlan0
mIfaceIsUp: true
mSecondaryInternet: false
mIsDbs: false
WifiClientModeManager:
 total records=2
 rec[0]: time=09-17 22:29:47.703 processed=IdleState org=IdleState dest=StartedState what=0(0x0)
 rec[1]: time=09-17 22:29:47.821 processed=StartedState org=StartedState dest=ConnectModeState what=2(0x2)
curState=ConnectModeState

Dump of ClientModeImpl id=165999
WifiClientModeImpl:
 total records=39
 rec[0]: time=09-17 22:29:47.921 processed=ConnectableState org=DisconnectedState dest=<null> what=what:131372 screen=on 0 0
 rec[1]: time=09-17 22:29:47.929 processed=ConnectableState org=DisconnectedState dest=<null> what=SUPPLICANT_STATE_CHANGE_EVENT screen=on 0 0 ssid:  bssid: 00:00:00:00:00:00 nid: -1 state: INTERFACE_DISABLED
 rec[2]: time=09-17 22:29:47.929 processed=ConnectableState org=DisconnectedState dest=<null> what=SUPPLICANT_STATE_CHANGE_EVENT screen=on 0 0 ssid:  bssid: 00:00:00:00:00:00 nid: -1 state: DISCONNECTED
 rec[3]: time=09-17 22:29:47.931 processed=ConnectableState org=DisconnectedState dest=<null> what=CMD_ENABLE_RSSI_POLL screen=on 1 0
 rec[4]: time=09-17 22:29:47.932 processed=ConnectableState org=DisconnectedState dest=<null> what=CMD_SET_SUSPEND_OPT_ENABLED screen=on 0 0
 rec[5]: time=09-17 22:29:48.927 processed=ConnectableState org=DisconnectedState dest=L2ConnectingState what=CMD_START_CONNECT screen=on 2 1010 targetConfigKey="Xiaomiwf_5G"WPA_PSK BSSID=null targetBssid=any roam=false
 rec[6]: time=09-17 22:29:48.927 processed=ConnectingOrConnectedState org=L2ConnectingState dest=<null> what=SUPPLICANT_STATE_CHANGE_EVENT screen=on 0 0 ssid:  bssid: 00:00:00:00:00:00 nid: -1 state: INTERFACE_DISABLED
 rec[7]: time=09-17 22:29:48.928 processed=ConnectingOrConnectedState org=L2ConnectingState dest=<null> what=SUPPLICANT_STATE_CHANGE_EVENT screen=on 0 0 ssid:  bssid: 00:00:00:00:00:00 nid: -1 state: DISCONNECTED
 rec[8]: time=09-17 22:29:48.945 processed=ConnectingOrConnectedState org=L2ConnectingState dest=<null> what=SUPPLICANT_STATE_CHANGE_EVENT screen=on 0 0 ssid: "Xiaomiwf_5G" bssid: 46:df:65:72:bd:c3 nid: 2 state: ASSOCIATING
 rec[9]: time=09-17 22:29:49.153 processed=ConnectingOrConnectedState org=L2ConnectingState dest=<null> what=SUPPLICANT_STATE_CHANGE_EVENT screen=on 0 0 ssid: "Xiaomiwf_5G" bssid: 00:00:00:00:00:00 nid: 2 state: ASSOCIATED
 rec[10]: time=09-17 22:29:49.154 processed=ConnectableState org=L2ConnectingState dest=<null> what=what:147501 screen=on 0 0 BSSID=46:df:65:72:bd:c3 Target=any roam=false
 rec[11]: time=09-17 22:29:49.286 processed=ConnectingOrConnectedState org=L2ConnectingState dest=<null> what=SUPPLICANT_STATE_CHANGE_EVENT screen=on 0 0 ssid: "Xiaomiwf_5G" bssid: 46:df:65:72:bd:c3 nid: 2 state: FOUR_WAY_HANDSHAKE
 rec[12]: time=09-17 22:29:49.301 processed=ConnectingOrConnectedState org=L2ConnectingState dest=<null> what=SUPPLICANT_STATE_CHANGE_EVENT screen=on 0 0 ssid: "Xiaomiwf_5G" bssid: 46:df:65:72:bd:c3 nid: 2 state: GROUP_HANDSHAKE
 rec[13]: time=09-17 22:29:49.326 processed=ConnectingOrConnectedState org=L2ConnectingState dest=L3ProvisioningState what=NETWORK_CONNECTION_EVENT screen=on 2 false 46:df:65:72:bd:c3 nid=2 "Xiaomiwf_5G"WPA_PSK last=
 rec[14]: time=09-17 22:29:49.364 processed=ConnectingOrConnectedState org=L3ProvisioningState dest=<null> what=SUPPLICANT_STATE_CHANGE_EVENT screen=on 0 0 ssid: "Xiaomiwf_5G" bssid: 46:df:65:72:bd:c3 nid: 2 state: COMPLETED
 rec[15]: time=09-17 22:29:49.376 processed=ConnectableState org=L3ProvisioningState dest=<null> what=CMD_CONFIG_ND_OFFLOAD screen=on 1 0
 rec[16]: time=09-17 22:29:49.377 processed=ConnectableState org=L3ProvisioningState dest=<null> what=CMD_INSTALL_PACKET_FILTER screen=on len=2048
 rec[17]: time=09-17 22:29:49.377 processed=ConnectableState org=L3ProvisioningState dest=<null> what=CMD_INSTALL_PACKET_FILTER screen=on len=297
 rec[18]: time=09-17 22:29:49.384 processed=ConnectableState org=L3ProvisioningState dest=<null> what=CMD_UPDATE_LINKPROPERTIES screen=on 0 0 
 rec[19]: time=09-17 22:29:49.392 processed=L2ConnectedState org=L3ProvisioningState dest=<null> what=CMD_PRE_DHCP_ACTION screen=on 0 0 txpkts=2,0,0
 rec[20]: time=09-17 22:29:49.393 processed=L2ConnectedState org=L3ProvisioningState dest=<null> what=CMD_PRE_DHCP_ACTION_COMPLETE screen=on uid=1000 0 0
 rec[21]: time=09-17 22:29:49.411 processed=L2ConnectedState org=L3ProvisioningState dest=<null> what=CMD_POST_DHCP_ACTION screen=on 
 rec[22]: time=09-17 22:29:49.428 processed=L2ConnectedState org=L3ProvisioningState dest=<null> what=CMD_IPV4_PROVISIONING_SUCCESS screen=on com.android.wifi.x.android.net.DhcpResultsParcelable{baseConfiguration: IP address 192.168.1.25/24 Gateway 192.168.1.1  DNS servers: [ 192.168.1.1 ] Domains , leaseDuration: 86400, mtu: 0, serverAddress: 192.168.1.1, vendorInfo: null, serverHostName: , captivePortalApiUrl: null}
 rec[23]: time=09-17 22:29:49.429 processed=ConnectableState org=L3ProvisioningState dest=<null> what=CMD_UPDATE_LINKPROPERTIES screen=on 0 0 v4r
 rec[24]: time=09-17 22:29:49.429 processed=ConnectableState org=L3ProvisioningState dest=<null> what=CMD_INSTALL_PACKET_FILTER screen=on len=312
 rec[25]: time=09-17 22:29:49.429 processed=ConnectableState org=L3ProvisioningState dest=<null> what=CMD_UPDATE_LINKPROPERTIES screen=on 0 0 v4 v4r v4dns
 rec[26]: time=09-17 22:29:49.440 processed=L2ConnectedState org=L3ProvisioningState dest=L3ConnectedState what=CMD_IP_CONFIGURATION_SUCCESSFUL screen=on 0 0
 rec[27]: time=09-17 22:29:49.449 processed=L2ConnectedState org=L3ConnectedState dest=<null> what=CMD_ONESHOT_RSSI_POLL screen=on 0 0 "Xiaomiwf_5G" 46:df:65:72:bd:c3 rssi=-44 f=5765 sc= 60, mSwithInWeakNet: false link=1200 tx=0.6, 0.0, 0.0 rx=0.6 bcn=468 [on:95848 tx:1008 rx:1199 period:-1345972983] from screen [on:1134 period:1623] score=60
 rec[28]: time=09-17 22:29:49.943 processed=L2ConnectedState org=L3ConnectedState dest=<null> what=CMD_STOP_RSSI_MONITORING_OFFLOAD screen=on rssi=-44 thresholds=null
 rec[29]: time=09-17 22:29:50.171 processed=L3ConnectedState org=L3ConnectedState dest=<null> what=CMD_NETWORK_STATUS screen=on 1 0
 rec[30]: time=09-17 22:29:51.120 processed=ConnectableState org=L3ConnectedState dest=<null> what=CMD_INSTALL_PACKET_FILTER screen=on len=471
 rec[31]: time=09-17 22:29:51.124 processed=ConnectableState org=L3ConnectedState dest=<null> what=CMD_UPDATE_LINKPROPERTIES screen=on 0 0 v4 v4r v4dns
 rec[32]: time=09-17 22:29:51.127 processed=ConnectableState org=L3ConnectedState dest=<null> what=CMD_UPDATE_LINKPROPERTIES screen=on 0 0 v4 v4r v4dns v6r v6dns
 rec[33]: time=09-17 22:29:52.134 processed=ConnectableState org=L3ConnectedState dest=<null> what=CMD_UPDATE_LINKPROPERTIES screen=on 0 0 v4 v4r v4dns v6r v6dns
 rec[34]: time=09-17 22:29:52.419 processed=ConnectableState org=L3ConnectedState dest=<null> what=CMD_UPDATE_LINKPROPERTIES screen=on 0 0 v4 v4r v4dns v6r v6dns
 rec[35]: time=09-17 22:29:59.442 processed=L3ConnectedState org=L3ConnectedState dest=<null> what=what:131383 screen=on
 rec[36]: time=09-17 22:30:18.928 processed=ConnectableState org=L3ConnectedState dest=<null> what=CMD_CONNECTING_WATCHDOG_TIMER screen=on 1 0 cur=1
 rec[37]: time=09-17 22:37:12.297 processed=L2ConnectedState org=L3ConnectedState dest=<null> what=CMD_RESET_SIM_NETWORKS screen=on 1 0
 rec[38]: time=09-17 22:39:24.019 processed=L2ConnectedState org=L3ConnectedState dest=<null> what=CMD_RESET_SIM_NETWORKS screen=on 1 0
curState=L3ConnectedState
SupplicantStateTracker:
 total records=4
 rec[0]: time=09-17 22:29:47.930 processed=DefaultState org=UninitializedState dest=DisconnectedState what=147462(0x24006)
 rec[1]: time=09-17 22:29:48.930 processed=DefaultState org=DisconnectedState dest=DisconnectedState what=147462(0x24006)
 rec[2]: time=09-17 22:29:48.947 processed=DefaultState org=DisconnectedState dest=HandshakeState what=147462(0x24006)
 rec[3]: time=09-17 22:29:49.366 processed=DefaultState org=HandshakeState dest=CompletedState what=147462(0x24006)
curState=CompletedState
mAuthFailureInSupplicantBroadcast false
mAuthFailureReason 0

mLinkProperties {InterfaceName: wlan0 LinkAddresses: [ 192.168.1.25/24,fe80::bcd7:26ff:fec8:36d8/64,fd3a:36e:ab1d:0:9965:7c08:394c:e6ae/64,fd3a:36e:ab1d:0:bcd7:26ff:fec8:36d8/64 ] DnsAddresses: [ /fd3a:36e:ab1d::1,/192.168.1.1 ] Domains: null MTU: 0 ServerAddress: /192.168.1.1 TcpBufferSizes: 524288,1048576,16777216,262144,524288,16777216 Routes: [ fe80::/64 -> :: wlan0 mtu 0,fd3a:36e:ab1d::/48 -> fe80::2b0:c9ff:fe79:c700 wlan0 mtu 0,fd3a:36e:ab1d::/64 -> :: wlan0 mtu 0,::/0 -> fe80::920e:9eff:fec2:8f8 wlan0 mtu 0,192.168.1.0/24 -> 0.0.0.0 wlan0 mtu 0,0.0.0.0/0 -> 192.168.1.1 wlan0 mtu 0 ]}
mWifiInfo SSID: "Xiaomiwf_5G", BSSID: 46:df:65:72:bd:c3, MAC: be:d7:26:c8:36:d8, IP: /192.168.1.25, Security type: 2, Supplicant state: COMPLETED, Wi-Fi standard: 6, RSSI: -27, Link speed: 1200Mbps, Tx Link speed: 1200Mbps, Max Supported Tx Link speed: 1200Mbps, Rx Link speed: 1200Mbps, Max Supported Rx Link speed: 1200Mbps, Frequency: 5765MHz, Net ID: 2, Metered hint: false, score: 60, isUsable: true, CarrierMerged: false, SubscriptionId: -1, IsPrimary: 1, Trusted: true, Restricted: false, Ephemeral: false, OEM paid: false, OEM private: false, OSU AP: false, FQDN: <none>, Provider friendly name: <none>, Requesting package name: <none>"Xiaomiwf_5G"wpa2-pskMLO Information: , AP MLD Address: <none>, AP MLO Link Id: <none>, AP MLO Affiliated links: <none>
mDhcpResultsParcelable baseConfiguration IP address 192.168.1.25/24 Gateway 192.168.1.1  DNS servers: [ 192.168.1.1 ] Domains leaseDuration 86400mtu 0serverAddress 192.168.1.1serverHostName vendorInfo null
mLastSignalLevel 4
mLastTxKbps 5010
mLastRxKbps 9384
mLastBssid 46:df:65:72:bd:c3
mLastNetworkId 2
mLastSubId -1
mLastSimBasedConnectionCarrierName null
mSuspendOptimizationsEnabled true
mSuspendOptNeedsDisabled 4
mPowerSaveDisableRequests 0
IpClient logs have moved to dumpsys network_stack
WifiScoreReport:
time,session,netid,rssi,filtered_rssi,rssi_threshold,freq,txLinkSpeed,rxLinkSpeed,txTput,rxTput,bcnCnt,tx_good,tx_retry,tx_bad,rx_pps,nudrq,nuds,s1,s2,score
9-17 22:29:49.374,0,105,-44,-44,-80.0,5765,1200,1200,5,9,467,0,0,0,0,0,1,76,86,60
9-17 22:29:52.394,1,105,-44,-44,-80.0,5765,1200,1200,5,9,497,76,4,0,50,0,1,76,86,60
9-17 22:29:55.420,1,105,-45,-44,-80.0,5765,1200,1200,5,9,524,53,5,0,38,0,1,75,85,60
9-17 22:29:58.429,1,105,-38,-41,-80.0,5765,1200,1200,5,9,553,44,3,0,29,0,1,82,88,60
9-17 22:30:1.442,1,105,-36,-39,-80.0,5765,1200,1200,5,9,580,39,2,0,27,0,1,84,90,60
9-17 22:30:4.470,1,105,-37,-38,-80.0,5765,1200,1200,5,9,610,27,3,0,19,0,1,83,91,60
9-17 22:30:7.486,1,105,-36,-37,-80.0,5765,1200,1200,5,9,638,16,1,0,10,0,1,84,92,60
9-17 22:30:10.503,1,105,-38,-37,-80.0,5765,1200,1200,5,9,665,9,0,0,6,0,1,82,92,60
9-17 22:30:13.535,1,105,-39,-37,-80.0,5765,1200,1200,5,9,694,6,0,0,4,0,1,81,92,60
9-17 22:30:16.544,1,105,-39,-38,-80.0,5765,1200,1200,5,9,723,12,0,0,9,0,1,81,92,60
9-17 22:30:19.561,1,105,-38,-38,-80.0,5765,1200,1200,5,9,751,8,1,0,6,0,1,82,92,60
9-17 22:30:22.580,1,105,-38,-37,-80.0,5765,1200,1200,5,9,776,4,1,0,3,0,1,82,92,60
9-17 22:30:25.599,1,105,-41,-38,-80.0,5765,1200,1200,5,9,804,3,0,0,2,0,1,79,90,60
9-17 22:30:28.616,1,105,-37,-38,-80.0,5765,1200,1200,5,9,834,3,0,0,1,0,1,83,92,60
9-17 22:30:31.626,1,105,-39,-38,-80.0,5765,1200,1200,5,9,863,3,0,0,2,0,1,81,91,60
9-17 22:30:34.637,1,105,-35,-37,-80.0,5765,1200,1200,5,9,892,50,1,0,34,0,1,85,93,60
9-17 22:30:37.657,1,105,-33,-35,-80.0,5765,1200,1200,5,9,921,168,8,0,136,0,1,87,94,60
9-17 22:30:40.682,1,105,-36,-35,-80.0,5765,1200,1200,5,9,951,80,4,0,69,0,1,84,95,60
9-17 22:30:43.722,1,105,-36,-35,-80.0,5765,1200,1200,5,9,979,84,3,0,75,0,1,84,95,60
9-17 22:30:46.736,1,105,-35,-34,-80.0,5765,1200,1200,4,9,1006,162,7,0,189,0,1,85,95,60
9-17 22:30:49.744,1,105,-37,-35,-80.0,5765,1200,1200,4,9,1034,97,5,0,108,0,1,83,95,60
9-17 22:30:52.764,1,105,-39,-36,-80.0,5765,1200,1200,4,9,1061,49,3,0,54,0,1,81,93,60
9-17 22:30:55.787,1,105,-40,-37,-80.0,5765,1200,1200,4,9,1090,29,1,0,28,0,1,80,91,60
9-17 22:30:58.806,1,105,-33,-36,-80.0,5765,1200,1200,4,9,1119,15,0,0,14,0,1,87,94,60
9-17 22:31:1.827,1,105,-32,-34,-80.0,5765,1200,1200,4,9,1147,9,0,0,9,0,1,88,95,60
9-17 22:31:4.838,1,105,-33,-33,-80.0,5765,1200,1200,4,9,1175,7,0,0,5,0,1,87,96,60
9-17 22:31:7.849,1,105,-34,-33,-80.0,5765,1200,1200,4,9,1204,8,0,0,8,0,1,86,96,60
9-17 22:31:10.868,1,105,-34,-33,-80.0,5765,1200,1200,4,9,1232,6,1,0,7,0,1,86,97,60
9-17 22:31:13.879,1,105,-33,-33,-80.0,5765,1200,1200,4,9,1262,5,0,0,5,0,1,87,97,60
9-17 22:31:16.893,1,105,-31,-32,-80.0,5765,1200,1200,4,9,1291,7,1,0,8,0,1,89,98,60
9-17 22:31:19.904,1,105,-33,-32,-80.0,5765,1200,1200,4,9,1321,9,0,0,8,0,1,87,98,60
9-17 22:31:22.923,1,105,-33,-32,-80.0,5765,1200,1200,4,9,1350,8,0,0,8,0,1,87,98,60
9-17 22:31:25.944,1,105,-33,-32,-80.0,5765,1200,1200,4,9,1378,7,0,0,6,0,1,87,98,60
9-17 22:31:28.975,1,105,-34,-32,-80.0,5765,1200,1200,4,9,1406,3,0,0,3,0,1,86,97,60
9-17 22:31:31.998,1,105,-35,-33,-80.0,5765,1200,1200,4,9,1433,3,0,0,4,0,1,85,96,60
9-17 22:31:35.17,1,105,-32,-33,-80.0,5765,1200,1200,4,9,1457,16,1,0,16,0,1,88,97,60
9-17 22:31:38.35,1,105,-33,-33,-80.0,5765,1200,1200,4,9,1487,8,0,0,7,0,1,87,97,60
9-17 22:31:41.44,1,105,-29,-31,-80.0,5765,1200,1200,4,9,1512,6,0,0,6,0,1,91,98,60
9-17 22:31:44.66,1,105,-29,-30,-80.0,5765,1200,1200,4,9,1541,4,0,0,4,0,1,91,100,60
9-17 22:31:47.80,1,105,-30,-30,-80.0,5765,1200,1200,4,9,1569,2,0,0,2,0,1,90,100,60
9-17 22:31:50.97,1,105,-30,-29,-80.0,5765,1200,1200,4,9,1598,2,0,0,2,0,1,90,100,60
9-17 22:31:53.114,1,105,-30,-29,-80.0,5765,1200,1200,4,9,1626,6,0,0,5,0,1,90,100,60
9-17 22:31:56.132,1,105,-33,-30,-80.0,5765,1200,1200,4,9,1648,4,0,0,3,0,1,87,100,60
9-17 22:31:59.150,1,105,-33,-31,-80.0,5765,1200,1200,4,9,1677,4,0,0,4,0,1,87,98,60
9-17 22:32:2.169,1,105,-34,-32,-80.0,5765,1200,1200,4,9,1703,2,0,0,3,0,1,86,96,60
9-17 22:32:5.185,1,105,-33,-32,-80.0,5765,1200,1200,4,9,1733,2,0,0,2,0,1,87,96,60
9-17 22:32:8.202,1,105,-34,-33,-80.0,5765,1200,1200,4,9,1762,2,0,0,2,0,1,86,95,60
9-17 22:32:11.211,1,105,-36,-34,-80.0,5765,1200,1200,4,9,1792,2,0,0,2,0,1,84,93,60
9-17 22:32:14.231,1,105,-35,-35,-80.0,5765,1200,1200,4,9,1821,3,0,0,3,0,1,85,92,60
9-17 22:32:17.245,1,105,-35,-35,-80.0,5765,1200,1200,4,9,1850,2,0,0,2,0,1,85,92,60
9-17 22:32:20.261,1,105,-32,-34,-80.0,5765,1200,1200,4,9,1875,1,0,0,1,0,1,88,94,60
9-17 22:32:23.284,1,105,-35,-34,-80.0,5765,1200,1200,4,9,-1,2,1,0,2,0,1,85,94,60
9-17 22:32:26.301,1,105,-34,-34,-80.0,5765,1200,1200,4,9,1931,1,0,0,2,0,1,86,95,60
9-17 22:32:29.325,1,105,-34,-34,-80.0,5765,1200,1200,4,9,1958,2,0,0,2,0,1,86,95,60
9-17 22:32:32.337,1,105,-35,-34,-80.0,5765,1200,1200,4,9,1984,2,0,0,2,0,1,85,95,60
9-17 22:32:35.346,1,105,-31,-33,-80.0,5765,1200,1200,4,9,2013,50,1,0,45,0,1,89,96,60
9-17 22:32:38.358,1,105,-31,-32,-80.0,5765,1200,1200,4,9,2043,126,5,0,105,0,1,89,97,60
9-17 22:32:41.380,1,105,-32,-32,-80.0,5765,1200,1200,4,9,2071,50,2,0,43,0,1,88,98,60
9-17 22:32:44.400,1,105,-34,-32,-80.0,5765,1200,1200,4,9,2101,23,0,0,20,0,1,86,97,60
9-17 22:32:47.421,1,105,-35,-33,-80.0,5765,1200,1200,4,9,2128,9,0,0,8,0,1,85,97,60
9-17 22:32:50.431,1,105,-35,-33,-80.0,5765,1200,1200,4,9,2158,4,0,0,4,0,1,85,95,60
9-17 22:32:53.453,1,105,-35,-34,-80.0,5765,1200,1200,4,9,2186,7,0,0,8,0,1,85,95,60
9-17 22:32:56.475,1,105,-35,-34,-80.0,5765,1200,1200,4,9,2216,3,0,0,3,0,1,85,94,60
9-17 22:32:59.498,1,105,-33,-34,-80.0,5765,1200,1200,4,9,2240,3,0,0,3,0,1,87,95,60
9-17 22:33:2.519,1,105,-35,-34,-80.0,5765,1200,1200,4,9,2268,4,0,0,5,0,1,85,95,60
9-17 22:33:5.541,1,105,-35,-34,-80.0,5765,1200,1200,4,9,2294,4,0,0,5,0,1,85,94,60
9-17 22:33:8.549,1,105,-34,-34,-80.0,5765,1200,1200,4,9,2322,6,0,0,6,0,1,86,95,60
9-17 22:33:11.563,1,105,-32,-33,-80.0,5765,1200,1200,4,9,2351,4,1,0,4,0,1,88,96,60
9-17 22:33:14.588,1,105,-36,-34,-80.0,5765,1200,1200,4,9,2381,3,0,0,4,0,1,84,95,60
9-17 22:33:17.608,1,105,-35,-34,-80.0,5765,1200,1200,4,9,2410,3,0,0,3,0,1,85,95,60
9-17 22:33:20.628,1,105,-35,-34,-80.0,5765,1200,1200,4,9,2440,1,0,0,2,0,1,85,95,60
9-17 22:33:23.649,1,105,-34,-34,-80.0,5765,1200,1200,4,9,2468,4,0,0,5,0,1,86,95,60
9-17 22:33:26.671,1,105,-35,-34,-80.0,5765,1200,1200,4,9,2497,5,0,0,6,0,1,85,95,60
9-17 22:33:29.689,1,105,-35,-34,-80.0,5765,1200,1200,4,9,2526,2,0,0,3,0,1,85,95,60
9-17 22:33:32.700,1,105,-34,-34,-80.0,5765,1200,1200,4,9,2555,2,0,0,2,0,1,86,95,60
9-17 22:33:35.721,1,105,-34,-34,-80.0,5765,1200,1200,4,9,2582,13,0,0,12,0,1,86,96,60
9-17 22:33:38.740,1,105,-34,-34,-80.0,5765,1200,1200,4,9,2608,7,0,0,6,0,1,86,96,60
9-17 22:33:41.757,1,105,-34,-34,-80.0,5765,1200,1200,4,9,2637,3,0,0,3,0,1,86,96,60
9-17 22:33:44.766,1,105,-34,-34,-80.0,5765,1200,1200,4,9,2665,3,0,0,2,0,1,86,96,60
9-17 22:33:47.784,1,105,-34,-33,-80.0,5765,1200,1200,4,9,2695,2,0,0,2,0,1,86,96,60
9-17 22:33:50.804,1,105,-33,-33,-80.0,5765,1200,1200,4,9,2723,1,0,0,1,0,1,87,96,60
9-17 22:33:53.824,1,105,-33,-33,-80.0,5765,1200,1200,4,9,2747,2,0,0,2,0,1,87,97,60
9-17 22:33:56.843,1,105,-33,-33,-80.0,5765,1200,1200,4,9,2776,1,0,0,1,0,1,87,97,60
9-17 22:33:59.862,1,105,-33,-32,-80.0,5765,1200,1200,4,9,2804,3,0,0,2,0,1,87,97,60
9-17 22:34:2.877,1,105,-33,-32,-80.0,5765,1200,1200,4,9,2832,2,0,0,2,0,1,87,97,60
9-17 22:34:5.894,1,105,-32,-32,-80.0,5765,1200,1200,4,9,2862,2,0,0,2,0,1,88,98,60
9-17 22:34:8.914,1,105,-32,-32,-80.0,5765,1200,1200,4,9,2891,1,0,0,1,0,1,88,98,60
9-17 22:34:11.926,1,105,-32,-31,-80.0,5765,1200,1200,4,9,2916,1,0,0,1,0,1,88,98,60
9-17 22:34:14.945,1,105,-31,-31,-80.0,5765,1200,1200,4,9,2943,1,0,0,2,0,1,89,99,60
9-17 22:34:17.954,1,105,-31,-31,-80.0,5765,1200,1200,4,9,2972,1,0,0,1,0,1,89,99,60
9-17 22:34:20.969,1,105,-31,-30,-80.0,5765,1200,1200,4,9,3001,1,0,0,1,0,1,89,99,60
9-17 22:34:23.979,1,105,-31,-30,-80.0,5765,1200,1200,4,9,3030,2,0,0,1,0,1,89,99,60
9-17 22:34:26.988,1,105,-30,-30,-80.0,5765,1200,1200,4,9,3057,1,0,0,1,0,1,90,100,60
9-17 22:34:29.998,1,105,-31,-30,-80.0,5765,1200,1200,4,9,3082,2,0,0,1,0,1,89,100,60
9-17 22:34:33.6,1,105,-31,-30,-80.0,5765,1200,1200,4,9,3111,1,0,0,2,0,1,89,100,60
9-17 22:34:36.16,1,105,-31,-30,-80.0,5765,1200,1200,4,9,3137,1,0,0,1,0,1,89,99,60
9-17 22:34:39.27,1,105,-32,-30,-80.0,5765,1200,1200,4,9,3166,1,0,0,2,0,1,88,99,60
9-17 22:34:42.41,1,105,-32,-31,-80.0,5765,1200,1200,4,9,3196,0,0,0,0,0,1,88,98,60
9-17 22:34:45.52,1,105,-31,-31,-80.0,5765,1200,1200,4,9,3225,4,0,0,3,0,1,89,98,60
9-17 22:34:48.70,1,105,-33,-31,-80.0,5765,1200,1200,4,9,3254,8,1,0,8,0,1,87,97,60
9-17 22:34:51.88,1,105,-36,-33,-80.0,5765,1200,1200,4,9,3283,3,0,0,3,0,1,84,94,60
9-17 22:34:54.99,1,105,-34,-33,-80.0,5765,1200,1200,4,9,3309,4,0,0,2,0,1,86,94,60
9-17 22:34:57.109,1,105,-32,-33,-80.0,5765,1200,1200,4,9,3335,3,0,0,2,0,1,88,95,60
9-17 22:35:0.126,1,105,-37,-34,-80.0,5765,1200,1200,4,9,3365,2,0,0,1,0,1,83,92,60
9-17 22:35:3.136,1,105,-30,-33,-80.0,5765,1200,1200,4,9,3393,6,1,0,4,0,1,90,96,60
9-17 22:35:6.145,1,105,-32,-33,-80.0,5765,1200,1200,4,9,3415,3,0,0,2,0,1,88,97,60
9-17 22:35:9.162,1,105,-33,-33,-80.0,5765,1200,1200,4,9,3444,2,0,0,1,0,1,87,97,60
9-17 22:35:12.174,1,105,-33,-33,-80.0,5765,1200,1200,4,9,3470,1,0,0,1,0,1,87,97,60
9-17 22:35:15.191,1,105,-33,-33,-80.0,5765,1200,1200,4,9,3496,2,0,0,1,0,1,87,97,60
9-17 22:35:18.203,1,105,-29,-31,-80.0,5765,1200,1200,4,9,3526,2,0,0,2,0,1,91,98,60
9-17 22:35:21.222,1,105,-29,-30,-80.0,5765,1200,1200,4,9,3555,5,0,0,5,0,1,91,99,60
9-17 22:35:24.238,1,105,-28,-29,-80.0,5765,1200,1200,4,9,3581,3,0,0,3,0,1,92,101,60
9-17 22:35:27.253,1,105,-26,-27,-80.0,5765,1200,1200,4,9,3610,2,0,0,2,0,1,94,102,60
9-17 22:35:30.267,1,105,-29,-27,-80.0,5765,1200,1200,4,9,3640,2,0,0,2,0,1,91,102,60
9-17 22:35:33.288,1,105,-31,-28,-80.0,5765,1200,1200,4,9,3666,1,0,0,2,0,1,89,102,60
9-17 22:35:36.300,1,105,-31,-29,-80.0,5765,1200,1200,4,9,3695,139,6,0,115,0,1,89,101,60
9-17 22:35:39.318,1,105,-30,-29,-80.0,5765,1200,1200,4,9,3723,66,2,0,58,0,1,90,101,60
9-17 22:35:42.339,1,105,-33,-30,-80.0,5765,1200,1200,4,9,3752,26,0,0,24,0,1,87,98,60
9-17 22:35:45.357,1,105,-34,-31,-80.0,5765,1200,1200,4,9,3781,10,0,0,9,0,1,86,96,60
9-17 22:35:48.374,1,105,-33,-32,-80.0,5765,1200,1200,4,9,3808,5,0,0,4,0,1,87,95,60
9-17 22:35:51.386,1,105,-35,-33,-80.0,5765,1200,1200,4,9,3835,4,2,0,5,0,1,85,93,60
9-17 22:35:54.397,1,105,-34,-34,-80.0,5765,1200,1200,4,9,3862,3,1,0,3,0,1,86,93,60
9-17 22:35:57.418,1,105,-37,-35,-80.0,5765,1200,1200,4,9,3889,3,0,0,3,0,1,83,91,60
9-17 22:36:0.435,1,105,-33,-35,-80.0,5765,1200,1200,4,9,3918,2,0,0,2,0,1,87,92,60
9-17 22:36:3.454,1,105,-33,-34,-80.0,5765,1200,1200,4,9,3948,1,0,0,1,0,1,87,94,60
9-17 22:36:6.465,1,105,-34,-34,-80.0,5765,1200,1200,4,9,3974,4,0,0,4,0,1,86,94,60
9-17 22:36:9.488,1,105,-35,-34,-80.0,5765,1200,1200,4,9,4003,3,0,0,3,0,1,85,94,60
9-17 22:36:12.509,1,105,-34,-34,-80.0,5765,1200,1200,4,9,4025,2,0,0,2,0,1,86,94,60
9-17 22:36:15.528,1,105,-33,-34,-80.0,5765,1200,1200,4,9,4053,1,0,0,1,0,1,87,96,60
9-17 22:36:18.546,1,105,-32,-33,-80.0,5765,1200,1200,4,9,4076,2,0,0,1,0,1,88,97,60
9-17 22:36:21.578,1,105,-34,-33,-80.0,5765,1200,1200,4,9,4105,5,0,0,5,0,1,86,96,60
9-17 22:36:24.589,1,105,-40,-35,-80.0,5765,1200,1200,4,9,4133,7,0,0,6,0,1,80,92,60
9-17 22:36:27.613,1,105,-31,-34,-80.0,5765,1200,1200,4,9,4163,4,1,0,4,0,1,89,96,60
9-17 22:36:30.634,1,105,-30,-32,-80.0,5765,1200,1200,4,9,4192,2,0,0,2,0,1,90,97,60
9-17 22:36:33.654,1,105,-31,-31,-80.0,5765,1200,1200,4,9,4221,2,0,0,2,0,1,89,98,60
9-17 22:36:36.675,1,105,-31,-31,-80.0,5765,1200,1200,4,9,4247,10,1,0,11,0,1,89,99,60
9-17 22:36:39.696,1,105,-31,-30,-80.0,5765,1200,1200,4,9,4277,8,1,0,11,0,1,89,99,60
9-17 22:36:42.714,1,105,-32,-31,-80.0,5765,1200,1200,4,9,4303,4,0,0,5,0,1,88,99,60
9-17 22:36:45.739,1,105,-31,-30,-80.0,5765,1200,1200,4,9,4333,3,0,0,3,0,1,89,99,60
9-17 22:36:48.757,1,105,-30,-30,-80.0,5765,1200,1200,4,9,4362,2,0,0,2,0,1,90,100,60
9-17 22:36:51.767,1,105,-30,-29,-80.0,5765,1200,1200,4,9,4391,1,0,0,1,0,1,90,100,60
9-17 22:36:54.779,1,105,-30,-29,-80.0,5765,1200,1200,4,9,4421,2,0,0,1,0,1,90,100,60
9-17 22:36:57.798,1,105,-31,-29,-80.0,5765,1200,1200,4,9,4450,1,0,0,1,0,1,89,100,60
9-17 22:37:0.808,1,105,-33,-30,-80.0,5765,1200,1200,4,9,4478,1,0,0,1,0,1,87,99,60
9-17 22:37:3.826,1,105,-30,-30,-80.0,5765,1200,1200,4,9,4507,4,0,0,4,0,1,90,99,60
9-17 22:37:6.835,1,105,-25,-28,-80.0,5765,1200,1200,4,9,4537,8,0,0,6,0,1,95,101,60
9-17 22:37:9.844,1,105,-27,-27,-80.0,5765,1200,1200,4,9,4565,7,0,0,8,0,1,93,102,60
9-17 22:37:12.850,1,105,-27,-27,-80.0,5765,1200,1200,4,9,4594,12,0,0,11,0,1,93,103,60
9-17 22:37:15.859,1,105,-26,-26,-80.0,5765,1200,1200,4,9,4620,21,0,0,19,0,1,94,104,60
9-17 22:37:18.877,1,105,-29,-26,-80.0,5765,1200,1200,4,9,4643,8,0,0,7,0,1,91,103,60
9-17 22:37:21.887,1,105,-29,-27,-80.0,5765,1200,1200,4,9,4673,4,0,0,3,0,1,91,103,60
9-17 22:37:24.897,1,105,-27,-27,-80.0,5765,1200,1200,4,9,-1,3,0,0,3,0,1,93,103,60
9-17 22:37:27.909,1,105,-28,-27,-80.0,5765,1200,1200,4,9,4731,2,0,0,2,0,1,92,103,60
9-17 22:37:30.919,1,105,-26,-26,-80.0,5765,1200,1200,4,9,4755,2,0,0,2,0,1,94,103,60
9-17 22:37:33.928,1,105,-26,-26,-80.0,5765,1200,1200,4,9,4785,2,0,0,2,0,1,94,104,60
9-17 22:37:36.947,1,105,-29,-27,-80.0,5765,1200,1200,4,9,4815,1,0,0,1,0,1,91,103,60
9-17 22:37:39.964,1,105,-30,-28,-80.0,5765,1200,1200,4,9,4844,2,0,0,2,0,1,90,101,60
9-17 22:37:42.988,1,105,-32,-29,-80.0,5765,1200,1200,4,9,4874,2,0,0,2,0,1,88,98,60
9-17 22:37:46.8,1,105,-31,-30,-80.0,5765,1200,1200,4,9,4903,2,0,0,2,0,1,89,97,60
9-17 22:37:49.16,1,105,-29,-30,-80.0,5765,1200,1200,4,9,4929,1,0,0,1,0,1,91,98,60
9-17 22:37:52.34,1,105,-31,-30,-80.0,5765,1200,1200,4,9,4959,1,0,0,1,0,1,89,97,60
9-17 22:37:55.43,1,105,-28,-30,-80.0,5765,1200,1200,4,9,4988,12,3,0,12,0,1,92,99,60
9-17 22:37:58.54,1,105,-29,-29,-80.0,5765,1200,1200,4,9,5018,7,1,0,7,0,1,91,100,60
9-17 22:38:1.63,1,105,-28,-29,-80.0,5765,1200,1200,4,9,5043,44,5,0,88,0,1,92,101,60
9-17 22:38:4.78,1,105,-28,-28,-80.0,5765,1200,1200,4,9,5073,37,2,0,48,0,1,92,101,60
9-17 22:38:7.92,1,105,-27,-28,-80.0,5765,1200,1200,4,9,5102,39,4,0,40,0,1,93,102,60
9-17 22:38:10.108,1,105,-28,-27,-80.0,5765,1200,1200,4,9,5131,53,9,0,49,0,1,92,102,60
9-17 22:38:13.126,1,105,-30,-28,-80.0,5765,1200,1200,4,9,5161,27,4,0,28,0,1,90,102,60
9-17 22:38:16.140,1,105,-29,-28,-80.0,5765,1200,1200,4,9,5190,12,1,0,12,0,1,91,101,60
9-17 22:38:19.159,1,105,-31,-29,-80.0,5765,1200,1200,4,9,5219,6,0,0,6,0,1,89,100,60
9-17 22:38:22.168,1,105,-30,-29,-80.0,5765,1200,1200,4,9,5244,4,0,0,3,0,1,90,99,60
9-17 22:38:25.178,1,105,-34,-31,-80.0,5765,1200,1200,4,9,5274,3,0,0,3,0,1,86,96,60
9-17 22:38:28.187,1,105,-32,-31,-80.0,5765,1200,1200,4,9,5301,3,0,0,3,0,1,88,96,60
9-17 22:38:31.197,1,105,-35,-33,-80.0,5765,1200,1200,4,9,5326,36,1,0,28,0,1,85,93,60
9-17 22:38:34.211,1,105,-35,-34,-80.0,5765,1200,1200,4,9,5356,56,5,0,49,0,1,85,92,60
9-17 22:38:37.220,1,105,-35,-35,-80.0,5765,1200,1200,4,9,5385,70,5,0,72,0,1,85,91,60
9-17 22:38:40.228,1,105,-30,-33,-80.0,5765,1200,1200,4,9,5415,30,2,0,31,0,1,90,95,60
9-17 22:38:43.239,1,105,-29,-32,-80.0,5765,1200,1200,4,9,5440,14,2,0,14,0,1,91,98,60
9-17 22:38:46.268,1,105,-30,-31,-80.0,5765,1200,1200,4,9,5468,6,0,0,7,0,1,90,98,60
9-17 22:38:49.289,1,105,-35,-32,-80.0,5765,1200,1200,4,9,5498,4,0,0,4,0,1,85,97,60
9-17 22:38:52.312,1,105,-36,-33,-80.0,5765,1200,1200,4,9,5528,4,0,0,5,0,1,84,95,60
9-17 22:38:55.331,1,105,-30,-32,-80.0,5765,1200,1200,4,9,5556,5,0,0,4,0,1,90,97,60
9-17 22:38:58.349,1,105,-30,-31,-80.0,5765,1200,1200,4,9,5583,4,1,0,4,0,1,90,98,60
9-17 22:39:1.371,1,105,-28,-30,-80.0,5765,1200,1200,4,9,5612,2,0,0,2,0,1,92,100,60
9-17 22:39:4.389,1,105,-28,-29,-80.0,5765,1200,1200,4,9,5642,2,0,0,2,0,1,92,101,60
9-17 22:39:7.402,1,105,-27,-28,-80.0,5765,1200,1200,4,9,5671,8,0,0,8,0,1,93,102,60
9-17 22:39:10.414,1,105,-29,-27,-80.0,5765,1200,1200,4,9,5700,5,0,0,6,0,1,91,102,60
9-17 22:39:13.432,1,105,-32,-28,-80.0,5765,1200,1200,4,9,5730,3,0,0,3,0,1,88,101,60
9-17 22:39:16.446,1,105,-28,-28,-80.0,5765,1200,1200,4,9,5759,3,0,0,2,0,1,92,102,60
9-17 22:39:19.457,1,105,-29,-28,-80.0,5765,1200,1200,4,9,5789,3,0,0,2,0,1,91,102,60
9-17 22:39:22.474,1,105,-30,-28,-80.0,5765,1200,1200,4,9,5818,3,0,0,4,0,1,90,101,60
9-17 22:39:25.482,1,105,-31,-29,-80.0,5765,1200,1200,4,9,5845,6,1,0,6,0,1,89,100,60
9-17 22:39:28.493,1,105,-33,-30,-80.0,5765,1200,1200,4,9,5872,17,0,0,15,0,1,87,98,60
9-17 22:39:31.521,1,105,-32,-31,-80.0,5765,1200,1200,4,9,5901,7,0,0,7,0,1,88,97,60
9-17 22:39:34.533,1,105,-32,-31,-80.0,5765,1200,1200,4,9,5931,6,0,0,5,0,1,88,96,60
9-17 22:39:37.547,1,105,-30,-31,-80.0,5765,1200,1200,4,9,5960,6,0,0,5,0,1,90,97,60
9-17 22:39:40.567,1,105,-30,-31,-80.0,5765,1200,1200,4,9,5990,4,1,0,5,0,1,90,98,60
9-17 22:39:43.586,1,105,-32,-31,-80.0,5765,1200,1200,4,9,6018,3,0,0,3,0,1,88,98,60
9-17 22:39:46.603,1,105,-31,-31,-80.0,5765,1200,1200,4,9,6045,2,0,0,2,0,1,89,98,60
9-17 22:39:49.624,1,105,-33,-32,-80.0,5765,1200,1200,4,9,6074,2,0,0,2,0,1,87,97,60
9-17 22:39:52.635,1,105,-33,-32,-80.0,5765,1200,1200,4,9,6103,3,0,0,3,0,1,87,96,60
9-17 22:39:55.654,1,105,-30,-31,-80.0,5765,1200,1200,4,9,6129,3,0,0,3,0,1,90,98,60
9-17 22:39:58.671,1,105,-31,-31,-80.0,5765,1200,1200,4,9,6159,2,0,0,2,0,1,89,98,60
9-17 22:40:1.683,1,105,-35,-32,-80.0,5765,1200,1200,4,9,6188,2,0,0,3,0,1,85,96,60
9-17 22:40:4.693,1,105,-35,-33,-80.0,5765,1200,1200,4,9,6217,3,0,0,3,0,1,85,94,60
9-17 22:40:7.703,1,105,-36,-34,-80.0,5765,1200,1200,4,9,6247,3,0,0,3,0,1,84,93,60
9-17 22:40:10.724,1,105,-37,-35,-80.0,5765,1200,1200,4,9,6276,3,0,0,3,0,1,83,91,60
9-17 22:40:13.742,1,105,-30,-34,-80.0,5765,1200,1200,4,9,6306,2,0,0,3,0,1,90,95,60
9-17 22:40:16.763,1,105,-32,-33,-80.0,5765,1200,1200,4,9,6334,2,0,0,1,0,1,88,96,60
9-17 22:40:19.776,1,105,-30,-32,-80.0,5765,1200,1200,4,9,6364,2,0,0,2,0,1,90,98,60
9-17 22:40:22.796,1,105,-31,-31,-80.0,5765,1200,1200,4,9,6393,2,0,0,2,0,1,89,98,60
9-17 22:40:25.815,1,105,-30,-30,-80.0,5765,1200,1200,4,9,6422,3,0,0,3,0,1,90,99,60
9-17 22:40:28.834,1,105,-31,-30,-80.0,5765,1200,1200,4,9,6449,2,0,0,2,0,1,89,99,60
9-17 22:40:31.846,1,105,-32,-30,-80.0,5765,1200,1200,4,9,6472,1,0,0,1,0,1,88,99,60
9-17 22:40:34.857,1,105,-27,-29,-80.0,5765,1200,1200,4,9,6502,44,2,0,40,0,1,93,101,60
9-17 22:40:37.866,1,105,-27,-28,-80.0,5765,1200,1200,4,9,6531,123,9,0,102,0,1,93,102,60
9-17 22:40:40.879,1,105,-31,-28,-80.0,5765,1200,1200,4,9,6561,52,3,0,45,0,1,89,101,60
9-17 22:40:43.889,1,105,-27,-27,-80.0,5765,1200,1200,4,9,6590,23,1,0,20,0,1,93,102,60
9-17 22:40:46.898,1,105,-31,-28,-80.0,5765,1200,1200,4,9,6616,9,0,0,8,0,1,89,101,60
9-17 22:40:49.909,1,105,-32,-29,-80.0,5765,1200,1200,4,9,6646,6,0,0,6,0,1,88,100,60
9-17 22:40:52.919,1,105,-30,-29,-80.0,5765,1200,1200,4,9,6675,7,0,0,7,0,1,90,100,60
9-17 22:40:55.930,1,105,-28,-29,-80.0,5765,1200,1200,4,9,6704,19,1,0,22,0,1,92,101,60
9-17 22:40:58.941,1,105,-29,-29,-80.0,5765,1200,1200,4,9,6733,9,0,0,10,0,1,91,101,60
9-17 22:41:1.950,1,105,-30,-29,-80.0,5765,1200,1200,4,9,6763,5,0,0,6,0,1,90,101,60
9-17 22:41:4.961,1,105,-32,-30,-80.0,5765,1200,1200,4,9,6792,5,0,0,6,0,1,88,99,60
9-17 22:41:7.986,1,105,-31,-30,-80.0,5765,1200,1200,4,9,6822,6,0,0,7,0,1,89,98,60
9-17 22:41:11.6,1,105,-30,-30,-80.0,5765,1200,1200,4,9,6850,5,0,0,5,0,1,90,99,60
9-17 22:41:14.16,1,105,-30,-30,-80.0,5765,1200,1200,4,9,6879,4,0,0,4,0,1,90,99,60
9-17 22:41:17.37,1,105,-33,-31,-80.0,5765,1200,1200,4,9,6909,2,0,0,2,0,1,87,97,60
9-17 22:41:20.56,1,105,-31,-31,-80.0,5765,1200,1200,4,9,6938,5,0,0,4,0,1,89,97,60
9-17 22:41:23.75,1,105,-34,-32,-80.0,5765,1200,1200,4,9,6967,5,0,0,5,0,1,86,95,60
9-17 22:41:26.93,1,105,-32,-32,-80.0,5765,1200,1200,4,9,6996,3,0,0,3,0,1,88,96,60
9-17 22:41:29.107,1,105,-32,-32,-80.0,5765,1200,1200,4,9,7024,2,0,0,3,0,1,88,96,60
9-17 22:41:32.118,1,105,-31,-32,-80.0,5765,1200,1200,4,9,7052,2,0,0,2,0,1,89,97,60
9-17 22:41:35.128,1,105,-30,-31,-80.0,5765,1200,1200,4,9,7082,10,0,0,11,0,1,90,98,60
9-17 22:41:38.148,1,105,-33,-32,-80.0,5765,1200,1200,4,9,7112,4,0,0,4,0,1,87,98,60
9-17 22:41:41.169,1,105,-33,-32,-80.0,5765,1200,1200,4,9,7142,2,0,0,2,0,1,87,97,60
9-17 22:41:44.189,1,105,-32,-32,-80.0,5765,1200,1200,4,9,7171,2,0,0,2,0,1,88,97,60
9-17 22:41:47.200,1,105,-32,-32,-80.0,5765,1200,1200,4,9,7197,1,0,0,2,0,1,88,97,60
9-17 22:41:50.209,1,105,-31,-31,-80.0,5765,1200,1200,4,9,7227,2,1,0,2,0,1,89,98,60
9-17 22:41:53.218,1,105,-33,-32,-80.0,5765,1200,1200,4,9,7254,1,0,0,1,0,1,87,98,60
9-17 22:41:56.233,1,105,-33,-32,-80.0,5765,1200,1200,4,9,7277,1,0,0,1,0,1,87,97,60
9-17 22:41:59.254,1,105,-33,-32,-80.0,5765,1200,1200,4,9,7303,1,0,0,1,0,1,87,97,60
9-17 22:42:2.274,1,105,-31,-32,-80.0,5765,1200,1200,4,9,7330,2,0,0,2,0,1,89,98,60
9-17 22:42:5.292,1,105,-31,-31,-80.0,5765,1200,1200,4,9,7359,2,0,0,2,0,1,89,98,60
9-17 22:42:8.311,1,105,-38,-33,-80.0,5765,1200,1200,4,9,7389,1,0,0,1,0,1,82,94,60
9-17 22:42:11.331,1,105,-35,-34,-80.0,5765,1200,1200,4,9,7415,1,0,0,1,0,1,85,93,60
9-17 22:42:14.351,1,105,-35,-34,-80.0,5765,1200,1200,4,9,7444,1,0,0,1,0,1,85,93,60
9-17 22:42:17.373,1,105,-36,-35,-80.0,5765,1200,1200,4,9,7471,2,0,0,2,0,1,84,92,60
9-17 22:42:20.383,1,105,-31,-34,-80.0,5765,1200,1200,4,9,7501,9,0,0,9,0,1,89,95,60
9-17 22:42:23.402,1,105,-34,-34,-80.0,5765,1200,1200,4,9,7530,11,0,0,11,0,1,86,95,60
9-17 22:42:26.425,1,105,-36,-34,-80.0,5765,1200,1200,4,9,-1,5,0,0,6,0,1,84,94,60
9-17 22:42:29.434,1,105,-25,-31,-80.0,5765,1200,1200,4,9,7589,7,0,0,6,0,1,95,98,60
9-17 22:42:32.450,1,105,-29,-30,-80.0,5765,1200,1200,4,9,7617,4,0,0,3,0,1,91,100,60
9-17 22:42:35.459,1,105,-29,-29,-80.0,5765,1200,1200,4,9,7646,5,0,0,4,0,1,91,101,60
9-17 22:42:38.477,1,105,-30,-29,-80.0,5765,1200,1200,4,9,7675,2,0,0,2,0,1,90,101,60
9-17 22:42:41.487,1,105,-29,-28,-80.0,5765,1200,1200,4,9,7702,1,0,0,1,0,1,91,101,60
9-17 22:42:44.499,1,105,-31,-29,-80.0,5765,1200,1200,4,9,7732,2,0,0,2,0,1,89,101,60
9-17 22:42:47.521,1,105,-31,-29,-80.0,5765,1200,1200,4,9,7762,2,0,0,2,0,1,89,101,60
9-17 22:42:50.540,1,105,-30,-29,-80.0,5765,1200,1200,4,9,7791,1,0,0,1,0,1,90,100,60
9-17 22:42:53.560,1,105,-31,-29,-80.0,5765,1200,1200,4,9,7821,1,0,0,1,0,1,89,100,60
9-17 22:42:56.570,1,105,-30,-29,-80.0,5765,1200,1200,4,9,7846,1,0,0,1,0,1,90,100,60
9-17 22:42:59.582,1,105,-30,-29,-80.0,5765,1200,1200,4,9,7873,1,0,0,1,0,1,90,100,60
9-17 22:43:2.591,1,105,-30,-29,-80.0,5765,1200,1200,4,9,7902,2,0,0,2,0,1,90,100,60
9-17 22:43:5.601,1,105,-29,-29,-80.0,5765,1200,1200,4,9,7931,4,0,0,2,0,1,91,100,60
9-17 22:43:8.610,1,105,-31,-30,-80.0,5765,1200,1200,4,9,7960,4,1,0,4,0,1,89,100,60
9-17 22:43:11.621,1,105,-33,-31,-80.0,5765,1200,1200,4,9,7990,1,0,0,1,0,1,87,98,60
9-17 22:43:14.632,1,105,-31,-31,-80.0,5765,1200,1200,4,9,8016,2,0,0,1,0,1,89,98,60
9-17 22:43:17.651,1,105,-31,-31,-80.0,5765,1200,1200,4,9,8046,2,0,0,1,0,1,89,98,60
9-17 22:43:20.667,1,105,-30,-30,-80.0,5765,1200,1200,4,9,8075,2,0,0,2,0,1,90,99,60
9-17 22:43:23.685,1,105,-31,-31,-80.0,5765,1200,1200,4,9,8102,1,0,0,2,0,1,89,99,60
9-17 22:43:26.696,1,105,-34,-32,-80.0,5765,1200,1200,4,9,8128,1,0,0,1,0,1,86,96,60
9-17 22:43:29.709,1,105,-27,-30,-80.0,5765,1200,1200,4,9,8154,2,0,0,2,0,1,93,99,60
9-17 22:43:32.718,1,105,-29,-29,-80.0,5765,1200,1200,4,9,8181,1,0,0,1,0,1,91,100,60
9-17 22:43:35.735,1,105,-31,-30,-80.0,5765,1200,1200,4,9,8207,4,0,0,3,0,1,89,100,60
9-17 22:43:38.751,1,105,-28,-29,-80.0,5765,1200,1200,4,9,8235,3,0,0,2,0,1,92,101,60
9-17 22:43:41.767,1,105,-37,-31,-80.0,5765,1200,1200,4,9,8264,1,0,0,1,0,1,83,97,60
9-17 22:43:44.792,1,105,-29,-31,-80.0,5765,1200,1200,4,9,8291,2,0,0,2,0,1,91,99,60
9-17 22:43:47.811,1,105,-37,-33,-80.0,5765,1200,1200,4,9,8319,5,0,0,4,0,1,83,94,60
9-17 22:43:50.830,1,105,-26,-31,-80.0,5765,1200,1200,4,9,8343,2,0,0,2,0,1,94,99,60
9-17 22:43:53.849,1,105,-27,-29,-80.0,5765,1200,1200,4,9,8369,1,0,0,1,0,1,93,100,60
9-17 22:43:56.870,1,105,-28,-28,-80.0,5765,1200,1200,4,9,8399,7,0,0,8,0,1,92,101,60
9-17 22:43:59.889,1,105,-27,-27,-80.0,5765,1200,1200,4,9,8429,4,0,0,5,0,1,93,102,60
9-17 22:44:2.908,1,105,-28,-27,-80.0,5765,1200,1200,4,9,8459,3,0,0,3,0,1,92,102,60
9-17 22:44:5.918,1,105,-26,-26,-80.0,5765,1200,1200,4,9,8488,2,0,0,2,0,1,94,103,60
9-17 22:44:8.939,1,105,-28,-26,-80.0,5765,1200,1200,4,9,8518,1,0,0,1,0,1,92,103,60
9-17 22:44:11.951,1,105,-27,-26,-80.0,5765,1200,1200,4,9,8546,1,0,0,1,0,1,93,103,60
9-17 22:44:14.971,1,105,-27,-26,-80.0,5765,1200,1200,4,9,8574,1,0,0,1,0,1,93,104,60
9-17 22:44:17.990,1,105,-27,-26,-80.0,5765,1200,1200,4,9,8603,1,0,0,2,0,1,93,104,60
9-17 22:44:21.14,1,105,-27,-26,-80.0,5765,1200,1200,4,9,8630,1,0,0,1,0,1,93,104,60
9-17 22:44:24.26,1,105,-26,-26,-80.0,5765,1200,1200,4,9,8659,1,0,0,1,0,1,94,104,60
9-17 22:44:27.37,1,105,-26,-25,-80.0,5765,1200,1200,4,9,8688,1,0,0,1,0,1,94,104,60
9-17 22:44:30.48,1,105,-27,-26,-80.0,5765,1200,1200,4,9,8715,1,0,0,1,0,1,93,104,60
9-17 22:44:33.67,1,105,-27,-26,-80.0,5765,1200,1200,4,9,8744,2,0,0,2,0,1,93,104,60
9-17 22:44:36.79,1,105,-25,-25,-80.0,5765,1200,1200,4,9,8770,1,0,0,1,0,1,95,104,60
9-17 22:44:39.99,1,105,-27,-26,-80.0,5765,1200,1200,4,9,8800,1,0,0,1,0,1,93,104,60
9-17 22:44:42.111,1,105,-25,-25,-80.0,5765,1200,1200,4,9,8830,1,0,0,1,0,1,95,104,60
9-17 22:44:45.127,1,105,-27,-26,-80.0,5765,1200,1200,4,9,8859,1,0,0,1,0,1,93,104,60
9-17 22:44:48.150,1,105,-27,-26,-80.0,5765,1200,1200,4,9,8886,1,0,0,2,0,1,93,103,60
externalScorerActive=false
mShouldReduceNetworkScore=false
QosPolicyRequestHandler:
mQosRequestDialogToken: 0
mNumQosPoliciesInRequest: 0
mQosResourcesAvailable: false
mQosPolicyStatusList size: 0
mQosPolicyRequestQueue size: 0

Dump of ConcreteClientModeManager.Graveyard
Stopped ClientModeImpls: 0 total


Dump of ActiveModeWarden.Graveyard
Stopped ClientModeManagers: 1 total
Dump of ClientModeManager id=13454
current StateMachine mode: StateMachine not active
mRole: null
mPreviousRole: ROLE_CLIENT_PRIMARY
mTargetRoleChangeInfo: null
mClientInterfaceName: null
mIfaceIsUp: false
mSecondaryInternet: false
mIsDbs: false
WifiClientModeManager:
 total records=2
 rec[0]: time=09-17 22:27:15.354 processed=IdleState org=IdleState dest=StartedState what=0(0x0)
 rec[1]: time=09-17 22:27:15.496 processed=StartedState org=StartedState dest=ConnectModeState what=2(0x2)
curState=ConnectModeState

No active ClientModeImpl instance
Dump of ConcreteClientModeManager.Graveyard
Stopped ClientModeImpls: 1 total
Dump of ClientModeImpl id=13675
WifiClientModeImpl:
 total records=43
 rec[0]: time=09-17 22:27:18.394 processed=ConnectableState org=DisconnectedState dest=<null> what=what:131372 screen=on 0 0
 rec[1]: time=09-17 22:27:18.399 processed=ConnectableState org=DisconnectedState dest=<null> what=CMD_ENABLE_RSSI_POLL screen=on 1 0
 rec[2]: time=09-17 22:27:18.400 processed=ConnectableState org=DisconnectedState dest=<null> what=CMD_SET_SUSPEND_OPT_ENABLED screen=on 0 0
 rec[3]: time=09-17 22:27:20.553 processed=ConnectableState org=DisconnectedState dest=<null> what=CMD_RESET_SIM_NETWORKS screen=on 2 0
 rec[4]: time=09-17 22:27:22.288 processed=ConnectableState org=DisconnectedState dest=L2ConnectingState what=CMD_START_CONNECT screen=on 2 1010 targetConfigKey="Xiaomiwf_5G"WPA_PSK BSSID=null targetBssid=any roam=false
 rec[5]: time=09-17 22:27:22.291 processed=ConnectingOrConnectedState org=L2ConnectingState dest=<null> what=SUPPLICANT_STATE_CHANGE_EVENT screen=on 0 0 ssid:  bssid: 00:00:00:00:00:00 nid: -1 state: INTERFACE_DISABLED
 rec[6]: time=09-17 22:27:22.293 processed=ConnectingOrConnectedState org=L2ConnectingState dest=<null> what=SUPPLICANT_STATE_CHANGE_EVENT screen=on 0 0 ssid:  bssid: 00:00:00:00:00:00 nid: -1 state: DISCONNECTED
 rec[7]: time=09-17 22:27:22.298 processed=ConnectingOrConnectedState org=L2ConnectingState dest=<null> what=SUPPLICANT_STATE_CHANGE_EVENT screen=on 0 0 ssid: "Xiaomiwf_5G" bssid: 46:df:65:72:bd:c3 nid: 2 state: ASSOCIATING
 rec[8]: time=09-17 22:27:22.628 processed=ConnectingOrConnectedState org=L2ConnectingState dest=<null> what=SUPPLICANT_STATE_CHANGE_EVENT screen=on 0 0 ssid: "Xiaomiwf_5G" bssid: 00:00:00:00:00:00 nid: 2 state: ASSOCIATED
 rec[9]: time=09-17 22:27:22.630 processed=ConnectableState org=L2ConnectingState dest=<null> what=what:147501 screen=on 0 0 BSSID=46:df:65:72:bd:c3 Target=any roam=false
 rec[10]: time=09-17 22:27:22.752 processed=ConnectingOrConnectedState org=L2ConnectingState dest=<null> what=SUPPLICANT_STATE_CHANGE_EVENT screen=on 0 0 ssid: "Xiaomiwf_5G" bssid: 46:df:65:72:bd:c3 nid: 2 state: FOUR_WAY_HANDSHAKE
 rec[11]: time=09-17 22:27:22.767 processed=ConnectingOrConnectedState org=L2ConnectingState dest=<null> what=SUPPLICANT_STATE_CHANGE_EVENT screen=on 0 0 ssid: "Xiaomiwf_5G" bssid: 46:df:65:72:bd:c3 nid: 2 state: GROUP_HANDSHAKE
 rec[12]: time=09-17 22:27:22.798 processed=ConnectingOrConnectedState org=L2ConnectingState dest=L3ProvisioningState what=NETWORK_CONNECTION_EVENT screen=on 2 false 46:df:65:72:bd:c3 nid=2 "Xiaomiwf_5G"WPA_PSK last=
 rec[13]: time=09-17 22:27:22.835 processed=ConnectingOrConnectedState org=L3ProvisioningState dest=<null> what=SUPPLICANT_STATE_CHANGE_EVENT screen=on 0 0 ssid: "Xiaomiwf_5G" bssid: 46:df:65:72:bd:c3 nid: 2 state: COMPLETED
 rec[14]: time=09-17 22:27:22.859 processed=ConnectableState org=L3ProvisioningState dest=<null> what=CMD_CONFIG_ND_OFFLOAD screen=on 1 0
 rec[15]: time=09-17 22:27:22.864 processed=ConnectableState org=L3ProvisioningState dest=<null> what=CMD_INSTALL_PACKET_FILTER screen=on len=2048
 rec[16]: time=09-17 22:27:22.865 processed=ConnectableState org=L3ProvisioningState dest=<null> what=CMD_INSTALL_PACKET_FILTER screen=on len=297
 rec[17]: time=09-17 22:27:22.892 processed=L2ConnectedState org=L3ProvisioningState dest=<null> what=CMD_RESET_SIM_NETWORKS screen=on 1 0
 rec[18]: time=09-17 22:27:22.905 processed=ConnectableState org=L3ProvisioningState dest=<null> what=CMD_UPDATE_LINKPROPERTIES screen=on 0 0 
 rec[19]: time=09-17 22:27:22.966 processed=L2ConnectedState org=L3ProvisioningState dest=<null> what=CMD_PRE_DHCP_ACTION screen=on 0 0 txpkts=4,0,0
 rec[20]: time=09-17 22:27:22.967 processed=L2ConnectedState org=L3ProvisioningState dest=<null> what=CMD_PRE_DHCP_ACTION_COMPLETE screen=on uid=1000 0 0
 rec[21]: time=09-17 22:27:23.119 processed=L2ConnectedState org=L3ProvisioningState dest=<null> what=CMD_POST_DHCP_ACTION screen=on 
 rec[22]: time=09-17 22:27:23.132 processed=L2ConnectedState org=L3ProvisioningState dest=<null> what=CMD_IPV4_PROVISIONING_SUCCESS screen=on com.android.wifi.x.android.net.DhcpResultsParcelable{baseConfiguration: IP address 192.168.1.25/24 Gateway 192.168.1.1  DNS servers: [ 192.168.1.1 ] Domains , leaseDuration: 86400, mtu: 0, serverAddress: 192.168.1.1, vendorInfo: null, serverHostName: , captivePortalApiUrl: null}
 rec[23]: time=09-17 22:27:23.132 processed=ConnectableState org=L3ProvisioningState dest=<null> what=CMD_UPDATE_LINKPROPERTIES screen=on 0 0 v4r
 rec[24]: time=09-17 22:27:23.132 processed=ConnectableState org=L3ProvisioningState dest=<null> what=CMD_INSTALL_PACKET_FILTER screen=on len=312
 rec[25]: time=09-17 22:27:23.136 processed=ConnectableState org=L3ProvisioningState dest=<null> what=CMD_UPDATE_LINKPROPERTIES screen=on 0 0 v4 v4r v4dns
 rec[26]: time=09-17 22:27:23.140 processed=L2ConnectedState org=L3ProvisioningState dest=L3ConnectedState what=CMD_IP_CONFIGURATION_SUCCESSFUL screen=on 0 0
 rec[27]: time=09-17 22:27:23.150 processed=L2ConnectedState org=L3ConnectedState dest=<null> what=CMD_ONESHOT_RSSI_POLL screen=on 0 0 "Xiaomiwf_5G" 46:df:65:72:bd:c3 rssi=-29 f=5765 sc= 60, mSwithInWeakNet: false link=1200 tx=1.2, 0.0, 0.0 rx=0.8 bcn=3 [on:1280 tx:5 rx:6 period:-1346119282] from screen [on:1280 period:5275] score=60
 rec[28]: time=09-17 22:27:23.626 processed=L2ConnectedState org=L3ConnectedState dest=<null> what=CMD_RESET_SIM_NETWORKS screen=on 1 0
 rec[29]: time=09-17 22:27:23.645 processed=L2ConnectedState org=L3ConnectedState dest=<null> what=CMD_STOP_RSSI_MONITORING_OFFLOAD screen=on rssi=-29 thresholds=null
 rec[30]: time=09-17 22:27:23.944 processed=ConnectableState org=L3ConnectedState dest=<null> what=CMD_INSTALL_PACKET_FILTER screen=on len=471
 rec[31]: time=09-17 22:27:23.949 processed=ConnectableState org=L3ConnectedState dest=<null> what=CMD_UPDATE_LINKPROPERTIES screen=on 0 0 v4 v4r v4dns v6r v6dns
 rec[32]: time=09-17 22:27:23.986 processed=L3ConnectedState org=L3ConnectedState dest=<null> what=CMD_NETWORK_STATUS screen=on 1 0
 rec[33]: time=09-17 22:27:33.142 processed=L3ConnectedState org=L3ConnectedState dest=<null> what=what:131383 screen=on
 rec[34]: time=09-17 22:27:52.293 processed=ConnectableState org=L3ConnectedState dest=<null> what=CMD_CONNECTING_WATCHDOG_TIMER screen=on 1 0 cur=1
 rec[35]: time=09-17 22:28:19.774 processed=ConnectableState org=L3ConnectedState dest=<null> what=P2P_CONNECTION_CHANGED screen=on uid=1000 0 0 st=UNKNOWN/IDLE
 rec[36]: time=09-17 22:28:44.207 processed=L2ConnectedState org=L3ConnectedState dest=<null> what=CMD_RESET_SIM_NETWORKS screen=on 1 0
 rec[37]: time=09-17 22:29:00.539 processed=L2ConnectedState org=L3ConnectedState dest=<null> what=CMD_ADD_KEEPALIVE_PACKET_FILTER_TO_APF screen=on 1 0
 rec[38]: time=09-17 22:29:00.548 processed=L2ConnectedState org=L3ConnectedState dest=<null> what=CMD_START_IP_PACKET_OFFLOAD screen=on 1 20
 rec[39]: time=09-17 22:29:00.550 processed=ConnectableState org=L3ConnectedState dest=<null> what=CMD_INSTALL_PACKET_FILTER screen=on len=525
 rec[40]: time=09-17 22:29:24.219 processed=ConnectableState org=L3ConnectedState dest=<null> what=CMD_STOP_IP_PACKET_OFFLOAD screen=on 1 0
 rec[41]: time=09-17 22:29:24.219 processed=L2ConnectedState org=L3ConnectedState dest=<null> what=CMD_REMOVE_KEEPALIVE_PACKET_FILTER_FROM_APF screen=on 1 0
 rec[42]: time=09-17 22:29:24.222 processed=ConnectableState org=L3ConnectedState dest=<null> what=CMD_INSTALL_PACKET_FILTER screen=on len=471
curState=L3ConnectedState
SupplicantStateTracker:
 total records=0
curState=<QUIT>
mAuthFailureInSupplicantBroadcast false
mAuthFailureReason 0

mLinkProperties {LinkAddresses: [ ] DnsAddresses: [ ] Domains: null MTU: 0 Routes: [ ]}
mWifiInfo SSID: <unknown ssid>, BSSID: <none>, MAC: 02:00:00:00:00:00, IP: null, Security type: -1, Supplicant state: DISCONNECTED, Wi-Fi standard: 6, RSSI: -127, Link speed: -1Mbps, Tx Link speed: -1Mbps, Max Supported Tx Link speed: -1Mbps, Rx Link speed: -1Mbps, Max Supported Rx Link speed: -1Mbps, Frequency: -1MHz, Net ID: -1, Metered hint: false, score: 0, isUsable: true, CarrierMerged: false, SubscriptionId: -1, IsPrimary: 0, Trusted: false, Restricted: false, Ephemeral: false, OEM paid: false, OEM private: false, OSU AP: false, FQDN: <none>, Provider friendly name: <none>, Requesting package name: <none><none>MLO Information: , AP MLD Address: <none>, AP MLO Link Id: <none>, AP MLO Affiliated links: <none>
mDhcpResultsParcelable baseConfiguration nullleaseDuration 0mtu 0serverAddress nullserverHostName nullvendorInfo null
mLastSignalLevel 4
mLastTxKbps 5010
mLastRxKbps 9384
mLastBssid null
mLastNetworkId -1
mLastSubId -1
mLastSimBasedConnectionCarrierName null
mSuspendOptimizationsEnabled true
mSuspendOptNeedsDisabled 4
mPowerSaveDisableRequests 0
WifiScoreReport:
time,session,netid,rssi,filtered_rssi,rssi_threshold,freq,txLinkSpeed,rxLinkSpeed,txTput,rxTput,bcnCnt,tx_good,tx_retry,tx_bad,rx_pps,nudrq,nuds,s1,s2,score
9-17 22:27:22.857,0,100,-29,-29,-80.0,5765,1200,1200,5,9,2,0,0,0,0,0,1,91,101,60
9-17 22:27:25.875,1,100,-28,-28,-80.0,5765,1200,1200,5,9,26,26,3,0,24,0,1,92,102,60
9-17 22:27:28.883,1,100,-35,-34,-80.0,5765,1200,1200,5,9,55,18,2,0,16,0,1,85,96,60
9-17 22:27:31.897,1,100,-34,-34,-80.0,5765,1200,1200,5,9,83,35,3,0,34,0,1,86,96,60
9-17 22:27:34.913,1,100,-33,-33,-80.0,5765,1200,1200,5,9,112,153,15,0,138,0,1,87,96,60
9-17 22:27:37.922,1,100,-34,-33,-80.0,5765,1200,1200,5,9,142,218,22,0,197,0,1,86,96,60
9-17 22:27:40.980,1,100,-34,-33,-80.0,5765,1200,1200,5,9,172,109,11,0,101,0,1,86,96,60
9-17 22:27:44.0,1,100,-33,-33,-80.0,5765,1200,1200,5,9,201,70,9,0,70,0,1,87,96,60
9-17 22:27:47.18,1,100,-34,-33,-80.0,5765,1200,1200,5,9,228,51,8,0,51,0,1,86,96,60
9-17 22:27:50.33,1,100,-32,-33,-80.0,5765,1200,1200,5,9,257,54,8,0,59,0,1,88,97,60
9-17 22:27:53.56,1,100,-32,-32,-80.0,5765,1200,1200,5,9,287,91,12,0,119,0,1,88,97,60
9-17 22:27:56.76,1,100,-31,-31,-80.0,5765,1200,1200,5,9,315,92,10,0,121,0,1,89,98,60
9-17 22:27:59.99,1,100,-30,-31,-80.0,5765,1200,1200,5,9,345,50,6,0,62,0,1,90,99,60
9-17 22:28:2.122,1,100,-30,-30,-80.0,5765,1200,1200,5,9,374,68,9,0,73,0,1,90,100,60
9-17 22:28:5.135,1,100,-31,-30,-80.0,5765,1200,1200,5,9,404,44,6,0,48,0,1,89,100,60
9-17 22:28:8.154,1,100,-32,-30,-80.0,5765,1200,1200,5,9,431,23,3,0,25,0,1,88,99,60
9-17 22:28:11.244,1,100,-35,-31,-80.0,5765,1200,1200,5,9,460,22,3,0,20,0,1,85,98,60
9-17 22:28:14.263,1,100,-36,-33,-80.0,5765,1200,1200,5,9,489,31,5,0,27,0,1,84,95,60
9-17 22:28:17.285,1,100,-34,-33,-80.0,5765,1200,1200,5,9,516,52,7,0,42,0,1,86,94,60
9-17 22:28:20.304,1,100,-34,-34,-80.0,5765,1200,1200,5,9,545,55,9,0,47,0,1,86,94,60
9-17 22:28:23.315,1,100,-32,-33,-80.0,5765,1200,1200,5,9,573,32,4,0,28,0,1,88,95,60
9-17 22:28:26.330,1,100,-34,-33,-80.0,5765,1200,1200,5,9,602,25,2,0,22,0,1,86,95,60
9-17 22:28:29.355,1,100,-35,-34,-80.0,5765,1200,1200,5,9,630,17,1,0,16,0,1,85,94,60
9-17 22:28:32.376,1,100,-35,-34,-80.0,5765,1200,1200,5,9,660,9,0,0,9,0,1,85,94,60
9-17 22:28:35.393,1,100,-31,-33,-80.0,5765,1200,1200,5,9,689,16,2,0,17,0,1,89,96,60
9-17 22:28:38.415,1,100,-36,-34,-80.0,5765,1200,1200,5,9,719,8,0,0,8,0,1,84,95,60
9-17 22:28:41.426,1,100,-35,-34,-80.0,5765,1200,1200,5,9,748,8,1,0,7,0,1,85,94,60
9-17 22:28:44.452,1,100,-33,-34,-80.0,5765,1200,1200,5,9,775,5,0,0,5,0,1,87,96,60
9-17 22:28:47.464,1,100,-32,-33,-80.0,5765,1200,1200,5,9,798,21,1,0,19,0,1,88,96,60
9-17 22:28:50.491,1,100,-44,-37,-80.0,5765,1200,1200,5,9,827,11,1,0,10,0,1,76,90,60
9-17 22:28:53.510,1,100,-38,-37,-80.0,5765,1200,1200,5,9,856,7,1,0,6,0,1,82,89,60
9-17 22:28:56.528,1,100,-37,-37,-80.0,5765,1200,1200,5,9,885,6,0,0,6,0,1,83,89,60
9-17 22:28:59.544,1,100,-34,-36,-80.0,5765,1200,1200,5,9,913,31,5,0,37,0,1,86,92,60
9-17 22:29:2.566,1,100,-37,-37,-80.0,5765,1200,1200,5,9,942,25,2,0,31,0,1,83,92,60
9-17 22:29:5.604,1,100,-38,-37,-80.0,5765,1200,1200,5,9,969,16,3,0,18,0,1,82,91,60
9-17 22:29:8.620,1,100,-33,-36,-80.0,5765,1200,1200,5,9,999,23,1,0,16,0,1,87,94,60
9-17 22:29:11.648,1,100,-35,-35,-80.0,5765,1200,1200,5,9,1028,12,0,0,10,0,1,85,94,60
9-17 22:29:14.674,1,100,-38,-36,-80.0,5765,1200,1200,5,9,1058,9,0,0,9,0,1,82,94,60
9-17 22:29:17.687,1,100,-38,-36,-80.0,5765,1200,1200,5,9,1087,19,2,0,19,0,1,82,92,60
9-17 22:29:20.697,1,100,-37,-37,-80.0,5765,1200,1200,5,9,1115,11,0,0,11,0,1,83,92,60
9-17 22:29:23.710,1,100,-39,-37,-80.0,5765,1200,1200,5,9,1140,14,1,0,9,0,1,81,91,60
9-17 22:29:26.720,1,100,-37,-37,-80.0,5765,1200,1200,5,9,1169,43,4,0,31,0,1,83,91,60
9-17 22:29:29.734,1,100,-36,-37,-80.0,5765,1200,1200,5,9,1200,292,13,0,179,0,1,84,93,60
9-17 22:29:32.766,1,100,-38,-37,-80.0,5765,1200,1200,5,9,1229,169,9,0,113,0,1,82,92,60
9-17 22:29:35.793,1,100,-32,-35,-80.0,5765,1200,1200,5,9,1258,71,3,0,47,0,1,88,94,60
9-17 22:29:38.807,1,100,-41,-37,-80.0,5765,1200,1200,5,9,1286,29,2,0,21,0,1,79,92,60
9-17 22:29:41.823,1,100,-37,-37,-80.0,5765,1200,1200,5,9,1315,19,0,0,14,0,1,83,92,60
9-17 22:29:44.835,1,100,-34,-36,-80.0,5765,1200,1200,5,9,1344,43,7,0,48,0,1,86,94,60
externalScorerActive=false
mShouldReduceNetworkScore=false
QosPolicyRequestHandler:
mQosRequestDialogToken: 0
mNumQosPoliciesInRequest: 0
mQosResourcesAvailable: false
mQosPolicyStatusList size: 0
mQosPolicyRequestQueue size: 0



Stopped SoftApManagers: 0 total

STA + STA Concurrency Supported: true
   MBB use-case enabled: false
   Local only use-case enabled: false
   Restricted use-case enabled: false
   Multi internet use-case enabled: true
STA + AP Concurrency Supported: true
Dump of HalDeviceManager:
  mServiceManager: android.hidl.manager@1.2::IServiceManager@Proxy
  mWifi: android.hardware.wifi@1.4::IWifi@Proxy
  mManagerStatusListeners: [com.android.server.wifi.HalDeviceManager$ManagerStatusListenerProxy@ebdbce6]
  mInterfaceInfoCache: {Pair{wlan0 0}={name=wlan0, type=0, destroyedListeners.size()=1, RequestorWs=WorkSource{1000 com.android.systemui}, creationTime=165871}}
  mDebugChipsInfo: [{chipId=0, availableModes=[{.id = 3, .availableCombinations = [{.limits = [{.types = [0], .maxIfaces = 1}, {.types = [1], .maxIfaces = 1}]}, {.limits = [{.types = [0], .maxIfaces = 1}, {.types = [3, 4], .maxIfaces = 1}]}, {.limits = [{.types = [0], .maxIfaces = 2}]}]}], currentModeIdValid=true, currentModeId=3, chipCapabilities=-1, ifaces[1].length=0, ifaces[0].length=1, ifaces[2].length=0, ifaces[3].length=0}]
Dump of MakeBeforeBreakManager
mMakeBeforeBreakInfo=null

mTxPkts 9688
mRxPkts 9047
mLastActivity 3
mRegisteredCallbacks 1

Locks held:
Locks acquired: 0 full high perf, 0 full low latency
Locks released: 0 full high perf, 0 full low latency

Locks held:

mMulticastEnabled 0
mMulticastDisabled 0
Multicast Locks held:

WifiScoreCard:
GsgOGrMDCI7QrPMHIgkIARDkKBoAIgAilwEIBBDkKBpACAQRAAAAAABwcsAZAAAAAEDD1UAhAAAA
AAAAVsApAAAAAACATsBCBQivARABQgUIowEQAUIECH8QAUIECHkQASImCAQRAAAAAABomEAZAAAA
AAicJUEhAAAAAAAAa0ApAAAAAACQg0AqJggIEQAAAFCDD49BGSjHtqqbcR1DIQAAAAAA2IJAKQAA
AIBhsX5BIn0IDRDkKBomCAQRAAAAAADgcsAZAAAAAIBa1kAhAAAAAADAVMApAAAAAADAUcAiJggE
EQAAAAAACJVAGQAAAACIZiZBIQAAAAAAAFJAKQAAAAAAkINAKiYIBBEAAAAAAPeyQBkAAABA84hW
QSEAAAAAALCRQCkAAAAAAFSUQDACOoQBCkAKHgoECAAQAAoECAAQAAoECAAQAAoECAAQAAoECAAQ
ABIeCgQIABAACgQIABAACgQIABAACgQIABAACgQIABAAEkAKHgoECAAQAAoECAAQAAoECAAQAAoE
CAAQAAoECAAQABIeCgQIABAACgQIABAACgQIABAACgQIABAACgQIABAAGqkJCOCB6YkHIn0IBhDk
KBomCAIRAAAAAADAY8AZAAAAAACSyEAhAAAAAACAVcApAAAAAAAAUsAiJggCEQAAAAAAQIRAGQAA
AAAAkRRBIQAAAAAAAFJAKQAAAAAAAIJAKiYIAhEAAAAAMSs5QRkA6Dm+cIqAQiEAAAAA2DICQSkA
AAAA1uQ2QSJ9CAMQhS0aJggZEQAAAAAAyInAGQAAAADAfNtAIQAAAAAAgEnAKQAAAAAAADnAIiYI
GREAAAAAAEzdQBkAAAAAiCqBQSEAAAAAAMCSQCkAAAAAAMCSQComCBkRAAAASE8HgEEZSMleowY1
DEMhAAAAAABAf0ApAAAAcOr4fUEiwwIIARCFLRqSAgiDIxEAAAAAKJABwRkAAADA0fRRQSEAAAAA
AABQwCkAAAAAAAAzwEIECH8QAkIECHsQAUIECHcQAUIECHUQAUIECHEQAkIECGcQAUIECGUQAUIE
CGEQAUIECF8QAkIECF0QBUIECFsQCEIECFkQE0IECFcQFUIECFUQJUIECFMQJEIECFEQJEIECE8Q
RkIECE0QVEIFCEsQnwFCBQhJELUBQgUIRxD3AUIFCEUQvAJCBQhDEM8CQgUIQRDkAkIFCD8Q2AJC
BQg9EP8CQgUIOxDDA0IFCDkQ1wNCBQg3EM4CQgUINRDyAUIFCDMQmQFCBAgxEFxCBAgvECxCBAgt
EBlCBAgrEBFCBAgpEAJCBAgnEAMiJwiDIxEAAAAAoYFUQRkAAIC4sQX4QSEAAAAAAAB7QCkAAAAA
AMCSQCLRAQgEEIUtGnoIFxEAAAAAAKiHwBkAAAAAwDjZQCEAAAAAAIBJwCkAAAAAAAA5wEIECGUQ
AUIECFkQAUIECFcQAUIECEsQAUIECEUQAkIECEMQAUIECEEQA0IECD8QA0IECD0QAUIECDsQAUIE
CDkQA0IECDcQAUIECDUQAkIECDEQAiImCBcRAAAAAAD02kAZAAAAAPCVf0EhAAAAAADAkkApAAAA
AADAkkAqJggXEQAAAACA+9BAGQAAAIA4yWlBIQAAAAAAyIFAKQAAAAAAoI5AIn0IChCFLRomCAYR
AAAAAABgZ8AZAAAAAAAbt0AhAAAAAACAQsApAAAAAAAAOsAiJggGEQAAAAAAILxAGQAAAADAemBB
IQAAAAAAwJJAKQAAAAAAwJJAKiYIBhEAAAAApic5QRkAQA6BpdhmQiEAAAAAQNP0QCkAAAAA3OYj
QSJ9CA0QhS0aJggXEQAAAAAAqIfAGQAAAADAONlAIQAAAAAAgEnAKQAAAAAAADnAIiYIFxEAAAAA
APTaQBkAAAAA8JV/QSEAAAAAAMCSQCkAAAAAAMCSQComCBcRAAAAAECP4EAZAAAA4MYniEEhAAAA
AAA4k0ApAAAAAABknEAwAjqIAQpACh4KBAgAEAAKBAgAEAAKBAgAEAAKBAgAEAAKBAgAEAASHgoE
CAAQAAoECAAQAAoECAAQAAoECAAQAAoECAAQABJECiAKBAgAEAAKBAgAEAAKBAgAEAAKBAgAEAAK
BgjouQkQHxIgCgQIABAACgQIABAACgQIABAACgQIABAACgYIgM0MEBYgAihpMt8BCI/LhcIBEhYI
BRAAGKikAiAAKAAwADgAQABIBFAAGhYIFxABGO+NAyAAKAAwADgAQABIEFAAIhQIABAAGAAgACgA
MAA4AEAASABQACjkKCiFLTKKAQpACh4KBAgAEAAKBAgAEAAKBAgAEAAKBAgAEAAKBAgAEAASHgoE
CAAQAAoECAAQAAoECAAQAAoECAAQAAoECAAQABJGCiEKBAgAEAAKBAgAEAAKBAgAEAAKBQjoQhAE
CgYIoLIOECwSIQoECAAQAAoECAAQAAoECAAQAAoFCMAuEAEKBgjIoCcQIg==

WifiMetrics:
mConnectionEvents:
startTime=8-17 22:27:22.251, SSID="Xiaomiwf_5G", BSSID=46:df:65:72:bd:c3, durationMillis=890, roamType=ROAM_UNRELATED, connectionResult=1, level2FailureCode=NONE, connectivityLevelFailureCode=NONE, signalStrength=-29, wifiState=WIFI_DISCONNECTED, screenOn=true, mRouterFingerprint=mConnectionEvent.roamType=0, mChannelInfo=5765, mDtim=0, mAuthentication=2, mHidden=false, mRouterTechnology=7, mSupportsIpv6=false, mEapMethod=0, mAuthPhase2Method=0, mOcspType=0, mPmkCache=false, mMaxSupportedTxLinkSpeedMbps=1200, mMaxSupportedRxLinkSpeedMbps=1200, useRandomizedMac=true, useAggressiveMac=false, connectionNominator=NOMINATOR_SAVED, networkSelectorExperimentId=42330058, numBssidInBlocklist=0, level2FailureReason=FAILURE_REASON_UNKNOWN, networkType=TYPE_WPA3, networkCreator=CREATOR_USER, numConsecutiveConnectionFailure=0, isOsuProvisioned=false interfaceName=wlan0 interfaceRole=ROLE_CLIENT_PRIMARY, isFirstConnectionAfterBoot=true
startTime=8-17 22:29:48.912, SSID="Xiaomiwf_5G", BSSID=46:df:65:72:bd:c3, durationMillis=527, roamType=ROAM_UNRELATED, connectionResult=1, level2FailureCode=NONE, connectivityLevelFailureCode=NONE, signalStrength=-43, wifiState=WIFI_DISCONNECTED, screenOn=true, mRouterFingerprint=mConnectionEvent.roamType=0, mChannelInfo=5765, mDtim=0, mAuthentication=2, mHidden=false, mRouterTechnology=7, mSupportsIpv6=false, mEapMethod=0, mAuthPhase2Method=0, mOcspType=0, mPmkCache=false, mMaxSupportedTxLinkSpeedMbps=1200, mMaxSupportedRxLinkSpeedMbps=1200, useRandomizedMac=true, useAggressiveMac=false, connectionNominator=NOMINATOR_SAVED, networkSelectorExperimentId=42330058, numBssidInBlocklist=0, level2FailureReason=FAILURE_REASON_UNKNOWN, networkType=TYPE_WPA3, networkCreator=CREATOR_USER, numConsecutiveConnectionFailure=0, isOsuProvisioned=false interfaceName=wlan0 interfaceRole=ROLE_CLIENT_PRIMARY, isFirstConnectionAfterBoot=false
mWifiLogProto.numSavedNetworks=4
mWifiLogProto.numSavedNetworksWithMacRandomization=4
mWifiLogProto.numOpenNetworks=0
mWifiLogProto.numLegacyPersonalNetworks=4
mWifiLogProto.numLegacyEnterpriseNetworks=0
mWifiLogProto.numEnhancedOpenNetworks=0
mWifiLogProto.numWpa3PersonalNetworks=0
mWifiLogProto.numWpa3EnterpriseNetworks=0
mWifiLogProto.numWapiPersonalNetworks=0
mWifiLogProto.numWapiEnterpriseNetworks=0
mWifiLogProto.numHiddenNetworks=0
mWifiLogProto.numPasspointNetworks=0
mWifiLogProto.isLocationEnabled=false
mWifiLogProto.isScanningAlwaysEnabled=true
mWifiLogProto.isVerboseLoggingEnabled=false
mWifiLogProto.isEnhancedMacRandomizationForceEnabled=false
mWifiLogProto.isWifiWakeEnabled=false
mWifiLogProto.numNetworksAddedByUser=0
mWifiLogProto.numNetworksAddedByApps=4
mWifiLogProto.numNonEmptyScanResults=10
mWifiLogProto.numEmptyScanResults=0
mWifiLogProto.numConnecitvityOneshotScans=8
mWifiLogProto.numOneshotScans=17
mWifiLogProto.numOneshotHasDfsChannelScans=17
mWifiLogProto.numBackgroundScans=0
mWifiLogProto.numExternalAppOneshotScanRequests=0
mWifiLogProto.numExternalForegroundAppOneshotScanRequestsThrottled=0
mWifiLogProto.numExternalBackgroundAppOneshotScanRequestsThrottled=0
mWifiLogProto.meteredNetworkStatsSaved=
num_metered: 0
num_override_metered: 0
num_override_unmetered: 0
num_unmetered: 1

mWifiLogProto.meteredNetworkStatsSuggestion=
num_metered: 0
num_override_metered: 0
num_override_unmetered: 0
num_unmetered: 0

mScanReturnEntries:
  SCAN_UNKNOWN: 1
  SCAN_SUCCESS: 16
  SCAN_FAILURE_INTERRUPTED: 0
  SCAN_FAILURE_INVALID_CONFIGURATION: 0
  FAILURE_WIFI_DISABLED: 0
mSystemStateEntries: <state><screenOn> : <scansInitiated>
  WIFI_UNKNOWN       ON: 0
  WIFI_DISABLED      ON: 1
  WIFI_DISCONNECTED  ON: 1
  WIFI_ASSOCIATED    ON: 15
  WIFI_UNKNOWN      OFF: 0
  WIFI_DISABLED     OFF: 0
  WIFI_DISCONNECTED OFF: 0
  WIFI_ASSOCIATED   OFF: 0
mWifiLogProto.numConnectivityWatchdogPnoGood=0
mWifiLogProto.numConnectivityWatchdogPnoBad=0
mWifiLogProto.numConnectivityWatchdogBackgroundGood=0
mWifiLogProto.numConnectivityWatchdogBackgroundBad=0
mWifiLogProto.numLastResortWatchdogTriggers=0
mWifiLogProto.numLastResortWatchdogBadAssociationNetworksTotal=0
mWifiLogProto.numLastResortWatchdogBadAuthenticationNetworksTotal=0
mWifiLogProto.numLastResortWatchdogBadDhcpNetworksTotal=0
mWifiLogProto.numLastResortWatchdogBadOtherNetworksTotal=0
mWifiLogProto.numLastResortWatchdogAvailableNetworksTotal=0
mWifiLogProto.numLastResortWatchdogTriggersWithBadAssociation=0
mWifiLogProto.numLastResortWatchdogTriggersWithBadAuthentication=0
mWifiLogProto.numLastResortWatchdogTriggersWithBadDhcp=0
mWifiLogProto.numLastResortWatchdogTriggersWithBadOther=0
mWifiLogProto.numLastResortWatchdogSuccesses=0
mWifiLogProto.watchdogTotalConnectionFailureCountAfterTrigger=0
mWifiLogProto.watchdogTriggerToConnectionSuccessDurationMs=-1
mWifiLogProto.recordDurationSec=1056
mWifiLogProto.rssiPollCount: {"5765":[{"-45":1},{"-44":3},{"-41":2},{"-40":2},{"-39":5},{"-38":10},{"-37":13},{"-36":14},{"-35":33},{"-34":35},{"-33":41},{"-32":34},{"-31":47},{"-30":38},{"-29":22},{"-28":15},{"-27":20},{"-26":8},{"-25":4}]}
mWifiLogProto.rssiPollDeltaCount: Printing counts for [-127, 127]
  0 0 0 0 0 0 0 0 0 0 0 0 0 0 0 0 0 0 0 0 0 0 0 0 0 0 0 0 0 0 0 0 0 0 0 0 0 0 0 0 0 0 0 0 0 0 0 0 0 0 0 0 0 0 0 0 0 0 0 0 0 0 0 0 0 0 0 0 0 0 0 0 0 0 0 0 0 0 0 0 0 0 0 0 0 0 0 0 0 0 0 0 0 0 0 0 0 0 0 0 0 0 0 0 0 0 0 0 0 0 0 0 0 0 0 0 0 0 0 0 0 0 0 0 0 0 1 1 0 0 0 0 0 0 0 0 0 0 0 0 0 0 0 0 0 0 0 0 0 0 0 0 0 0 0 0 0 0 0 0 0 0 0 0 0 0 0 0 0 0 0 0 0 0 0 0 0 0 0 0 0 0 0 0 0 0 0 0 0 0 0 0 0 0 0 0 0 0 0 0 0 0 0 0 0 0 0 0 0 0 0 0 0 0 0 0 0 0 0 0 0 0 0 0 0 0 0 0 0 0 0 0 0 0 0 0 0 0 0 0 0 0 0 0 0 0 0 0 0 0 0 0 0 0 0 
mWifiLogProto.linkSpeedCounts: 
1200:{347, 11188, 364848} 
mWifiLogProto.alertReasonCounts=()
mWifiLogProto.numTotalScanResults=91
mWifiLogProto.numOpenNetworkScanResults=0
mWifiLogProto.numLegacyPersonalNetworkScanResults=91
mWifiLogProto.numLegacyEnterpriseNetworkScanResults=0
mWifiLogProto.numEnhancedOpenNetworkScanResults=0
mWifiLogProto.numWpa3PersonalNetworkScanResults=0
mWifiLogProto.numWpa3EnterpriseNetworkScanResults=0
mWifiLogProto.numWapiPersonalNetworkScanResults=0
mWifiLogProto.numWapiEnterpriseNetworkScanResults=0
mWifiLogProto.numHiddenNetworkScanResults=12
mWifiLogProto.numHotspot2R1NetworkScanResults=0
mWifiLogProto.numHotspot2R2NetworkScanResults=0
mWifiLogProto.numHotspot2R3NetworkScanResults=0
mWifiLogProto.numMboSupportedNetworkScanResults=0
mWifiLogProto.numMboCellularDataAwareNetworkScanResults=0
mWifiLogProto.numOceSupportedNetworkScanResults=0
mWifiLogProto.numFilsSupportedNetworkScanResults=0
mWifiLogProto.num11AxNetworkScanResults=83
mWifiLogProto.num6GNetworkScanResults0
mWifiLogProto.num6GPscNetworkScanResults0
mWifiLogProto.numBssidFilteredDueToMboAssocDisallowInd=0
mWifiLogProto.numConnectToNetworkSupportingMbo=0
mWifiLogProto.numConnectToNetworkSupportingOce=0
mWifiLogProto.numSteeringRequest=0
mWifiLogProto.numForceScanDueToSteeringRequest=0
mWifiLogProto.numMboCellularSwitchRequest=0
mWifiLogProto.numSteeringRequestIncludingMboAssocRetryDelay=0
mWifiLogProto.numConnectRequestWithFilsAkm=0
mWifiLogProto.numL2ConnectionThroughFilsAuthentication=0
mWifiLogProto.recentFailureAssociationStatus={}
mWifiLogProto.numScans=10
mWifiLogProto.WifiScoreCount: [0, 60]
0 0 0 0 0 0 0 0 0 0 0 0 0 0 0 0 0 0 0 0 0 0 0 0 0 0 0 0 0 0 0 0 0 0 0 0 0 0 0 0 0 0 0 0 0 0 0 0 0 0 0 0 0 0 0 0 0 0 0 0 347 
mWifiLogProto.WifiUsabilityScoreCount: [0, 100]
0 0 0 0 0 0 0 0 0 0 0 0 0 0 0 0 0 0 0 0 0 0 0 0 0 0 0 0 0 0 0 0 0 0 0 0 0 0 0 0 0 0 0 0 0 0 0 0 0 0 0 0 0 0 0 0 0 0 0 0 0 0 0 0 0 0 0 0 0 0 0 0 0 0 0 0 0 0 0 0 0 0 0 0 0 0 0 0 0 0 0 0 0 0 0 0 0 0 0 0 0 
mWifiLogProto.SoftApManagerReturnCodeCounts:
  SUCCESS: 0
  FAILED_GENERAL_ERROR: 0
  FAILED_NO_CHANNEL: 0
  FAILED_UNSUPPORTED_CONFIGURATION: 0

mWifiLogProto.numHalCrashes=0
mWifiLogProto.numWificondCrashes=0
mWifiLogProto.numSupplicantCrashes=0
mWifiLogProto.numHostapdCrashes=0
mWifiLogProto.numSetupClientInterfaceFailureDueToHal=0
mWifiLogProto.numSetupClientInterfaceFailureDueToWificond=0
mWifiLogProto.numSetupClientInterfaceFailureDueToSupplicant=0
mWifiLogProto.numSetupSoftApInterfaceFailureDueToHal=0
mWifiLogProto.numSetupSoftApInterfaceFailureDueToWificond=0
mWifiLogProto.numSetupSoftApInterfaceFailureDueToHostapd=0
StaEventList:
09-17 22:27:18.394 WIFI_ENABLED screenOn=true cellularData=false adaptiveConnectivity=true totalTxBytes=674 totalRxBytes=352 interfaceName=wlan0 interfaceRole=ROLE_CLIENT_PRIMARY
09-17 22:27:22.215 MAC_CHANGE screenOn=true cellularData=false adaptiveConnectivity=true, ConfigInfo: allowed_key_management=2 allowed_protocols=3 allowed_auth_algorithms=0 allowed_pairwise_ciphers=6 allowed_group_ciphers=15 hidden_ssid=false is_passpoint=false is_ephemeral=false has_ever_connected=true scan_rssi=-29 scan_freq=5765 totalTxBytes=778 totalRxBytes=400 interfaceName=wlan0 interfaceRole=ROLE_CLIENT_PRIMARY
09-17 22:27:22.288 CMD_START_CONNECT screenOn=true cellularData=false adaptiveConnectivity=true, ConfigInfo: allowed_key_management=2 allowed_protocols=3 allowed_auth_algorithms=0 allowed_pairwise_ciphers=6 allowed_group_ciphers=15 hidden_ssid=false is_passpoint=false is_ephemeral=false has_ever_connected=true scan_rssi=-29 scan_freq=5765 totalTxBytes=778 totalRxBytes=400 interfaceName=wlan0 interfaceRole=ROLE_CLIENT_PRIMARY
09-17 22:27:22.630 CMD_ASSOCIATED_BSSID screenOn=true cellularData=false adaptiveConnectivity=true, supplicantStateChangeEvents: { DISCONNECTED INTERFACE_DISABLED ASSOCIATING ASSOCIATED } totalTxBytes=778 totalRxBytes=400 interfaceName=wlan0 interfaceRole=ROLE_CLIENT_PRIMARY
09-17 22:27:22.833 NETWORK_CONNECTION_EVENT screenOn=true cellularData=false adaptiveConnectivity=true, supplicantStateChangeEvents: { FOUR_WAY_HANDSHAKE GROUP_HANDSHAKE } totalTxBytes=778 totalRxBytes=452 interfaceName=wlan0 interfaceRole=ROLE_CLIENT_PRIMARY
09-17 22:27:23.135 CMD_IP_CONFIGURATION_SUCCESSFUL lastRssi=-29 lastFreq=5765 lastLinkSpeed=1200 lastScore=60 screenOn=true cellularData=false adaptiveConnectivity=true, supplicantStateChangeEvents: { COMPLETED } totalTxBytes=1002 totalRxBytes=1160 interfaceName=wlan0 interfaceRole=ROLE_CLIENT_PRIMARY
09-17 22:27:23.978 NETWORK_AGENT_VALID_NETWORK screenOn=true cellularData=false adaptiveConnectivity=true totalTxBytes=5659 totalRxBytes=17883 interfaceName=wlan0 interfaceRole=ROLE_CLIENT_PRIMARY
09-17 22:29:45.834 WIFI_DISABLED lastRssi=-34 lastFreq=5765 lastLinkSpeed=1200 lastScore=60 screenOn=true cellularData=false adaptiveConnectivity=true mobileTxBytes=1228 mobileRxBytes=432 totalTxBytes=6462568 totalRxBytes=7921182 interfaceName=wlan0 interfaceRole=ROLE_CLIENT_PRIMARY
09-17 22:29:47.921 WIFI_ENABLED screenOn=true cellularData=false adaptiveConnectivity=true totalTxBytes=6478081 totalRxBytes=7936461 interfaceName=wlan0 interfaceRole=ROLE_CLIENT_PRIMARY
09-17 22:29:48.861 MAC_CHANGE screenOn=true cellularData=false adaptiveConnectivity=true, supplicantStateChangeEvents: { DISCONNECTED INTERFACE_DISABLED }, ConfigInfo: allowed_key_management=2 allowed_protocols=3 allowed_auth_algorithms=0 allowed_pairwise_ciphers=6 allowed_group_ciphers=15 hidden_ssid=false is_passpoint=false is_ephemeral=false has_ever_connected=true scan_rssi=-43 scan_freq=5765 totalTxBytes=6483794 totalRxBytes=7942222 interfaceName=wlan0 interfaceRole=ROLE_CLIENT_PRIMARY
09-17 22:29:48.927 CMD_START_CONNECT screenOn=true cellularData=false adaptiveConnectivity=true, ConfigInfo: allowed_key_management=2 allowed_protocols=3 allowed_auth_algorithms=0 allowed_pairwise_ciphers=6 allowed_group_ciphers=15 hidden_ssid=false is_passpoint=false is_ephemeral=false has_ever_connected=true scan_rssi=-43 scan_freq=5765 totalTxBytes=6483794 totalRxBytes=7942222 interfaceName=wlan0 interfaceRole=ROLE_CLIENT_PRIMARY
09-17 22:29:49.154 CMD_ASSOCIATED_BSSID screenOn=true cellularData=false adaptiveConnectivity=true, supplicantStateChangeEvents: { DISCONNECTED INTERFACE_DISABLED ASSOCIATING ASSOCIATED } totalTxBytes=6484237 totalRxBytes=7942665 interfaceName=wlan0 interfaceRole=ROLE_CLIENT_PRIMARY
09-17 22:29:49.361 NETWORK_CONNECTION_EVENT screenOn=true cellularData=false adaptiveConnectivity=true, supplicantStateChangeEvents: { FOUR_WAY_HANDSHAKE GROUP_HANDSHAKE } totalTxBytes=6484341 totalRxBytes=7942769 interfaceName=wlan0 interfaceRole=ROLE_CLIENT_PRIMARY
09-17 22:29:49.415 CMD_IP_CONFIGURATION_SUCCESSFUL lastRssi=-44 lastFreq=5765 lastLinkSpeed=1200 lastScore=60 screenOn=true cellularData=false adaptiveConnectivity=true, supplicantStateChangeEvents: { COMPLETED } totalTxBytes=6485148 totalRxBytes=7943868 interfaceName=wlan0 interfaceRole=ROLE_CLIENT_PRIMARY
09-17 22:29:50.157 NETWORK_AGENT_VALID_NETWORK screenOn=true cellularData=false adaptiveConnectivity=true totalTxBytes=6503421 totalRxBytes=7978998 interfaceName=wlan0 interfaceRole=ROLE_CLIENT_PRIMARY
UserActionEvents:
8-17 22:29:47.670 eventType=EVENT_TOGGLE_WIFI_ON startTimeMillis=165847
WifiStatus: isConnected=false isValidated=false lastRssi=0 estimatedTxKbps=0 estimatedRxKbps=0 isStuckDueToUserConnectChoice=false
mWifiLogProto.numPasspointProviders=0
mWifiLogProto.numPasspointProviderInstallation=0
mWifiLogProto.numPasspointProviderInstallSuccess=0
mWifiLogProto.numPasspointProviderUninstallation=1
mWifiLogProto.numPasspointProviderUninstallSuccess=0
mWifiLogProto.numPasspointProvidersSuccessfullyConnected=0
mWifiLogProto.installedPasspointProfileTypeForR1:{}
mWifiLogProto.installedPasspointProfileTypeForR2:{}
mWifiLogProto.passpointProvisionStats.numProvisionSuccess=0
mWifiLogProto.passpointProvisionStats.provisionFailureCount:{}
mWifiLogProto.totalNumberOfPasspointConnectionsWithVenueUrl=0
mWifiLogProto.totalNumberOfPasspointConnectionsWithTermsAndConditionsUrl=0
mWifiLogProto.totalNumberOfPasspointAcceptanceOfTermsAndConditions=0
mWifiLogProto.totalNumberOfPasspointProfilesWithDecoratedIdentity=0
mWifiLogProto.passpointDeauthImminentScope={}
mWifiLogProto.numRadioModeChangeToMcc=0
mWifiLogProto.numRadioModeChangeToScc=0
mWifiLogProto.numRadioModeChangeToSbs=0
mWifiLogProto.numRadioModeChangeToDbs=0
mWifiLogProto.numSoftApUserBandPreferenceUnsatisfied=0
mTotalSsidsInScanHistogram:{2=2, 3=4, 4=1, 5=3}
mTotalBssidsInScanHistogram:{2=1, 4=3, 6=3, 7=2, 8=1}
mAvailableOpenSsidsInScanHistogram:{0=10}
mAvailableOpenBssidsInScanHistogram:{0=10}
mAvailableSavedSsidsInScanHistogram:{1=10}
mAvailableSavedBssidsInScanHistogram:{1=6, 2=4}
mAvailableOpenOrSavedSsidsInScanHistogram:{1=10}
mAvailableOpenOrSavedBssidsInScanHistogram:{1=6, 2=4}
mAvailableSavedPasspointProviderProfilesInScanHistogram:{0=10}
mAvailableSavedPasspointProviderBssidsInScanHistogram:{0=10}
mWifiLogProto.partialAllSingleScanListenerResults=0
mWifiLogProto.fullBandAllSingleScanListenerResults=10
mWifiAwareMetrics:
mLastEnableUsageMs:0
mLastEnableUsageInThisSampleWindowMs:0
mAvailableTimeMs:0
mHistogramAwareAvailableDurationMs:
mLastEnableAwareMs:0
mLastEnableAwareInThisSampleWindowMs:0
mEnabledTimeMs:0
mHistogramAwareEnabledDurationMs:
mAttachDataByUid:
mAttachStatusData:
mHistogramAttachDuration:
mMaxPublishInApp:0
mMaxSubscribeInApp:0
mMaxDiscoveryInApp:0
mMaxPublishInSystem:0
mMaxSubscribeInSystem:0
mMaxDiscoveryInSystem:0
mPublishStatusData:
mSubscribeStatusData:
mHistogramPublishDuration:
mHistogramSubscribeDuration:
mAppsWithDiscoverySessionResourceFailure:
mMaxPublishWithRangingInApp:0
mMaxSubscribeWithRangingInApp:0
mMaxPublishWithRangingInSystem:0
mMaxSubscribeWithRangingInSystem:0
mHistogramSubscribeGeofenceMin:
mHistogramSubscribeGeofenceMax:
mNumSubscribesWithRanging:0
mNumMatchesWithRanging:0
mNumMatchesWithoutRangingForRangingEnabledSubscribes:0
mMaxNdiInApp:0
mMaxNdpInApp:0
mMaxSecureNdpInApp:0
mMaxNdiInSystem:0
mMaxNdpInSystem:0
mMaxSecureNdpInSystem:0
mMaxNdpPerNdi:0
mInBandNdpStatusData:
mOutOfBandNdpStatusData:
mNdpCreationTimeDuration:
mNdpCreationTimeMin:-1
mNdpCreationTimeMax:0
mNdpCreationTimeSum:0
mNdpCreationTimeSumSq:0
mNdpCreationTimeNumSamples:0
mHistogramNdpDuration:
mNdpRequestType:
mRttMetrics:
RTT Metrics:
mNumStartRangingCalls:0
mOverallStatusHistogram:{}
mMeasurementDurationApOnlyHistogram{}
mMeasurementDurationWithAwareHistogram{}
AP:numCalls=0, numIndividualCalls=0, perUidInfo={}, numRequestsHistogram={}, requestGapHistogram={}, statusHistogram={}, measuredDistanceHistogram={}
AWARE:numCalls=0, numIndividualCalls=0, perUidInfo={}, numRequestsHistogram={}, requestGapHistogram={}, statusHistogram={}, measuredDistanceHistogram={}
mPnoScanMetrics.numPnoScanAttempts=0
mPnoScanMetrics.numPnoScanFailed=0
mPnoScanMetrics.numPnoScanStartedOverOffload=0
mPnoScanMetrics.numPnoScanFailedOverOffload=0
mPnoScanMetrics.numPnoFoundNetworkEvents=0
mWifiLinkLayerUsageStats.loggingDurationMs=1050584
mWifiLinkLayerUsageStats.radioOnTimeMs=420927
mWifiLinkLayerUsageStats.radioTxTimeMs=2728
mWifiLinkLayerUsageStats.radioRxTimeMs=5217
mWifiLinkLayerUsageStats.radioScanTimeMs=6384
mWifiLinkLayerUsageStats.radioNanScanTimeMs=0
mWifiLinkLayerUsageStats.radioBackgroundScanTimeMs=0
mWifiLinkLayerUsageStats.radioRoamScanTimeMs=0
mWifiLinkLayerUsageStats.radioPnoScanTimeMs=0
mWifiLinkLayerUsageStats.radioHs20ScanTimeMs=0
mWifiLinkLayerUsageStats per Radio Stats: 
mWifiLogProto.connectToNetworkNotificationCount={}
mWifiLogProto.connectToNetworkNotificationActionCount={}
mWifiLogProto.openNetworkRecommenderBlocklistSize=0
mWifiLogProto.isWifiNetworksAvailableNotificationOn=false
mWifiLogProto.numOpenNetworkRecommendationUpdates=0
mWifiLogProto.numOpenNetworkConnectMessageFailedToSend=0
mWifiLogProto.observedHotspotR1ApInScanHistogram={0=10}
mWifiLogProto.observedHotspotR2ApInScanHistogram={0=10}
mWifiLogProto.observedHotspotR3ApInScanHistogram={0=10}
mWifiLogProto.observedHotspotR1EssInScanHistogram={0=10}
mWifiLogProto.observedHotspotR2EssInScanHistogram={0=10}
mWifiLogProto.observedHotspotR3EssInScanHistogram={0=10}
mWifiLogProto.observedHotspotR1ApsPerEssInScanHistogram={}
mWifiLogProto.observedHotspotR2ApsPerEssInScanHistogram={}
mWifiLogProto.observedHotspotR3ApsPerEssInScanHistogram={}
mWifiLogProto.observed80211mcSupportingApsInScanHistogram{0=10}
mWifiLogProto.CountryCodeScanHistogram={3=2, 4=8}
mWifiLogProto.bssidBlocklistStats:
networkSelectionFilteredBssidCount={0=2}
mBlockedBssidPerReasonCount={}
mBlockedConfigurationPerReasonCount={}, highMovementMultipleScansFeatureEnabled=true, numHighMovementConnectionSkipped=0, numHighMovementConnectionStarted=0, mBlockedBssidPerReasonCount={}, mBlockedConfigurationPerReasonCount={}
mSoftApTetheredEvents:
mSoftApLocalOnlyEvents:
Wifi power metrics:
Logging duration (time on battery): 35836598
Energy consumed by wifi (mAh): 1.777585
Amount of time wifi is in idle (ms): 2023465
Amount of time wifi is in rx (ms): 18520
Amount of time wifi is in tx (ms): 8215
Amount of time kernel is active because of wifi data (ms): 30856768
Amount of time wifi is in sleep (ms): 33786398
Amount of time wifi is scanning (ms): 27380
Number of packets sent (tx): 165575
Number of bytes sent (tx): 33392068
Number of packets received (rx): 167894
Number of bytes sent (rx): 94674228
Energy consumed across measured wifi rails (mAh): 0
Wifi radio usage metrics:
Logging duration (time on battery): 35836598
Amount of time wifi is in scan mode while on battery (ms): 27380
-------WifiWake metrics-------
mTotalSessions: 0
mTotalWakeups: 0
mIgnoredStarts: 0
mIsInSession: false
Stored Sessions: 0
----end of WifiWake metrics----
mWifiLogProto.isMacRandomizationOn=true
mWifiLogProto.scoreExperimentId=
mExperimentValues.wifiIsUnusableLoggingEnabled=true
mExperimentValues.wifiDataStallMinTxBad=1
mExperimentValues.wifiDataStallMinTxSuccessWithoutRx=50
mExperimentValues.linkSpeedCountsLoggingEnabled=true
mExperimentValues.dataStallDurationMs=1500
mExperimentValues.dataStallTxTputThrKbps=2000
mExperimentValues.dataStallRxTputThrKbps=2000
mExperimentValues.dataStallTxPerThr=90
mExperimentValues.dataStallCcaLevelThr=256
WifiIsUnusableEventList: 
Hardware Version: 
mWifiUsabilityStatsEntriesList:
timestamp_ms=948714,rssi=-30,link_speed_mbps=1200,total_tx_success=9411,total_tx_retries=662,total_tx_bad=0,total_rx_success=8776,total_radio_on_time_ms=385600,total_radio_tx_time_ms=2657,total_radio_rx_time_ms=4797,total_scan_time_ms=6284,total_nan_scan_time_ms=0,total_background_scan_time_ms=0,total_roam_scan_time_ms=0,total_pno_scan_time_ms=0,total_hotspot_2_scan_time_ms=0,wifi_score=60,wifi_usability_score=-1,seq_num_to_framework=-1,prediction_horizon_sec=-1,total_cca_busy_freq_time_ms=62415,total_radio_on_freq_time_ms=379378,total_beacon_rx=7791,probe_status_since_last_update=1,probe_elapsed_time_ms_since_last_update=-1,probe_mcs_rate_since_last_update=-1,rx_link_speed_mbps=1200,seq_num_inside_framework=307,is_same_bssid_and_freq=true,device_mobility_state=0,time_slice_duty_cycle_in_percent=-1,access_category=0,contention_time_min_micros=0,contention_time_max_micros=0,contention_time_avg_micros=0,contention_num_samples=0,access_category=1,contention_time_min_micros=0,contention_time_max_micros=0,contention_time_avg_micros=0,contention_num_samples=0,access_category=2,contention_time_min_micros=0,contention_time_max_micros=0,contention_time_avg_micros=0,contention_num_samples=0,access_category=3,contention_time_min_micros=0,contention_time_max_micros=0,contention_time_avg_micros=0,contention_num_samples=0,channel_utilization_ratio=15,is_throughput_sufficient=true,is_wifi_scoring_enabled=true,is_cellular_data_available=false,sta_count=0,channel_utilization=0
timestamp_ms=951734,rssi=-31,link_speed_mbps=1200,total_tx_success=9416,total_tx_retries=663,total_tx_bad=0,total_rx_success=8781,total_radio_on_time_ms=386446,total_radio_tx_time_ms=2659,total_radio_rx_time_ms=4810,total_scan_time_ms=6284,total_nan_scan_time_ms=0,total_background_scan_time_ms=0,total_roam_scan_time_ms=0,total_pno_scan_time_ms=0,total_hotspot_2_scan_time_ms=0,wifi_score=60,wifi_usability_score=-1,seq_num_to_framework=-1,prediction_horizon_sec=-1,total_cca_busy_freq_time_ms=62478,total_radio_on_freq_time_ms=380224,total_beacon_rx=7821,probe_status_since_last_update=1,probe_elapsed_time_ms_since_last_update=-1,probe_mcs_rate_since_last_update=-1,rx_link_speed_mbps=1200,seq_num_inside_framework=308,is_same_bssid_and_freq=true,device_mobility_state=0,time_slice_duty_cycle_in_percent=-1,access_category=0,contention_time_min_micros=0,contention_time_max_micros=0,contention_time_avg_micros=0,contention_num_samples=0,access_category=1,contention_time_min_micros=0,contention_time_max_micros=0,contention_time_avg_micros=0,contention_num_samples=0,access_category=2,contention_time_min_micros=0,contention_time_max_micros=0,contention_time_avg_micros=0,contention_num_samples=0,access_category=3,contention_time_min_micros=0,contention_time_max_micros=0,contention_time_avg_micros=0,contention_num_samples=0,channel_utilization_ratio=15,is_throughput_sufficient=true,is_wifi_scoring_enabled=true,is_cellular_data_available=false,sta_count=0,channel_utilization=0
timestamp_ms=954745,rssi=-30,link_speed_mbps=1200,total_tx_success=9419,total_tx_retries=663,total_tx_bad=0,total_rx_success=8783,total_radio_on_time_ms=386894,total_radio_tx_time_ms=2660,total_radio_rx_time_ms=4817,total_scan_time_ms=6284,total_nan_scan_time_ms=0,total_background_scan_time_ms=0,total_roam_scan_time_ms=0,total_pno_scan_time_ms=0,total_hotspot_2_scan_time_ms=0,wifi_score=60,wifi_usability_score=-1,seq_num_to_framework=-1,prediction_horizon_sec=-1,total_cca_busy_freq_time_ms=62485,total_radio_on_freq_time_ms=380672,total_beacon_rx=7846,probe_status_since_last_update=1,probe_elapsed_time_ms_since_last_update=-1,probe_mcs_rate_since_last_update=-1,rx_link_speed_mbps=1200,seq_num_inside_framework=309,is_same_bssid_and_freq=true,device_mobility_state=0,time_slice_duty_cycle_in_percent=-1,access_category=0,contention_time_min_micros=0,contention_time_max_micros=0,contention_time_avg_micros=0,contention_num_samples=0,access_category=1,contention_time_min_micros=0,contention_time_max_micros=0,contention_time_avg_micros=0,contention_num_samples=0,access_category=2,contention_time_min_micros=0,contention_time_max_micros=0,contention_time_avg_micros=0,contention_num_samples=0,access_category=3,contention_time_min_micros=0,contention_time_max_micros=0,contention_time_avg_micros=0,contention_num_samples=0,channel_utilization_ratio=15,is_throughput_sufficient=true,is_wifi_scoring_enabled=true,is_cellular_data_available=false,sta_count=0,channel_utilization=0
timestamp_ms=957757,rssi=-30,link_speed_mbps=1200,total_tx_success=9423,total_tx_retries=663,total_tx_bad=0,total_rx_success=8788,total_radio_on_time_ms=387527,total_radio_tx_time_ms=2662,total_radio_rx_time_ms=4827,total_scan_time_ms=6284,total_nan_scan_time_ms=0,total_background_scan_time_ms=0,total_roam_scan_time_ms=0,total_pno_scan_time_ms=0,total_hotspot_2_scan_time_ms=0,wifi_score=60,wifi_usability_score=-1,seq_num_to_framework=-1,prediction_horizon_sec=-1,total_cca_busy_freq_time_ms=62509,total_radio_on_freq_time_ms=381305,total_beacon_rx=7873,probe_status_since_last_update=1,probe_elapsed_time_ms_since_last_update=-1,probe_mcs_rate_since_last_update=-1,rx_link_speed_mbps=1200,seq_num_inside_framework=310,is_same_bssid_and_freq=true,device_mobility_state=0,time_slice_duty_cycle_in_percent=-1,access_category=0,contention_time_min_micros=0,contention_time_max_micros=0,contention_time_avg_micros=0,contention_num_samples=0,access_category=1,contention_time_min_micros=0,contention_time_max_micros=0,contention_time_avg_micros=0,contention_num_samples=0,access_category=2,contention_time_min_micros=0,contention_time_max_micros=0,contention_time_avg_micros=0,contention_num_samples=0,access_category=3,contention_time_min_micros=0,contention_time_max_micros=0,contention_time_avg_micros=0,contention_num_samples=0,channel_utilization_ratio=15,is_throughput_sufficient=true,is_wifi_scoring_enabled=true,is_cellular_data_available=false,sta_count=0,channel_utilization=0
timestamp_ms=960766,rssi=-30,link_speed_mbps=1200,total_tx_success=9433,total_tx_retries=664,total_tx_bad=0,total_rx_success=8798,total_radio_on_time_ms=389137,total_radio_tx_time_ms=2664,total_radio_rx_time_ms=4842,total_scan_time_ms=6284,total_nan_scan_time_ms=0,total_background_scan_time_ms=0,total_roam_scan_time_ms=0,total_pno_scan_time_ms=0,total_hotspot_2_scan_time_ms=0,wifi_score=60,wifi_usability_score=-1,seq_num_to_framework=-1,prediction_horizon_sec=-1,total_cca_busy_freq_time_ms=62554,total_radio_on_freq_time_ms=382915,total_beacon_rx=7902,probe_status_since_last_update=1,probe_elapsed_time_ms_since_last_update=-1,probe_mcs_rate_since_last_update=-1,rx_link_speed_mbps=1200,seq_num_inside_framework=311,is_same_bssid_and_freq=true,device_mobility_state=0,time_slice_duty_cycle_in_percent=-1,access_category=0,contention_time_min_micros=0,contention_time_max_micros=0,contention_time_avg_micros=0,contention_num_samples=0,access_category=1,contention_time_min_micros=0,contention_time_max_micros=0,contention_time_avg_micros=0,contention_num_samples=0,access_category=2,contention_time_min_micros=0,contention_time_max_micros=0,contention_time_avg_micros=0,contention_num_samples=0,access_category=3,contention_time_min_micros=0,contention_time_max_micros=0,contention_time_avg_micros=0,contention_num_samples=0,channel_utilization_ratio=15,is_throughput_sufficient=true,is_wifi_scoring_enabled=true,is_cellular_data_available=false,sta_count=0,channel_utilization=0
timestamp_ms=963776,rssi=-29,link_speed_mbps=1200,total_tx_success=9450,total_tx_retries=667,total_tx_bad=0,total_rx_success=8805,total_radio_on_time_ms=390496,total_radio_tx_time_ms=2668,total_radio_rx_time_ms=4856,total_scan_time_ms=6284,total_nan_scan_time_ms=0,total_background_scan_time_ms=0,total_roam_scan_time_ms=0,total_pno_scan_time_ms=0,total_hotspot_2_scan_time_ms=0,wifi_score=60,wifi_usability_score=-1,seq_num_to_framework=-1,prediction_horizon_sec=-1,total_cca_busy_freq_time_ms=62585,total_radio_on_freq_time_ms=384274,total_beacon_rx=7931,probe_status_since_last_update=1,probe_elapsed_time_ms_since_last_update=-1,probe_mcs_rate_since_last_update=-1,rx_link_speed_mbps=1200,seq_num_inside_framework=312,is_same_bssid_and_freq=true,device_mobility_state=0,time_slice_duty_cycle_in_percent=-1,access_category=0,contention_time_min_micros=0,contention_time_max_micros=0,contention_time_avg_micros=0,contention_num_samples=0,access_category=1,contention_time_min_micros=0,contention_time_max_micros=0,contention_time_avg_micros=0,contention_num_samples=0,access_category=2,contention_time_min_micros=0,contention_time_max_micros=0,contention_time_avg_micros=0,contention_num_samples=0,access_category=3,contention_time_min_micros=0,contention_time_max_micros=0,contention_time_avg_micros=0,contention_num_samples=0,channel_utilization_ratio=15,is_throughput_sufficient=true,is_wifi_scoring_enabled=true,is_cellular_data_available=false,sta_count=0,channel_utilization=0
timestamp_ms=966785,rssi=-31,link_speed_mbps=1200,total_tx_success=9462,total_tx_retries=671,total_tx_bad=0,total_rx_success=8820,total_radio_on_time_ms=391759,total_radio_tx_time_ms=2671,total_radio_rx_time_ms=4867,total_scan_time_ms=6284,total_nan_scan_time_ms=0,total_background_scan_time_ms=0,total_roam_scan_time_ms=0,total_pno_scan_time_ms=0,total_hotspot_2_scan_time_ms=0,wifi_score=60,wifi_usability_score=-1,seq_num_to_framework=-1,prediction_horizon_sec=-1,total_cca_busy_freq_time_ms=62603,total_radio_on_freq_time_ms=385537,total_beacon_rx=7960,probe_status_since_last_update=1,probe_elapsed_time_ms_since_last_update=-1,probe_mcs_rate_since_last_update=-1,rx_link_speed_mbps=1200,seq_num_inside_framework=313,is_same_bssid_and_freq=true,device_mobility_state=0,time_slice_duty_cycle_in_percent=-1,access_category=0,contention_time_min_micros=0,contention_time_max_micros=0,contention_time_avg_micros=0,contention_num_samples=0,access_category=1,contention_time_min_micros=0,contention_time_max_micros=0,contention_time_avg_micros=0,contention_num_samples=0,access_category=2,contention_time_min_micros=0,contention_time_max_micros=0,contention_time_avg_micros=0,contention_num_samples=0,access_category=3,contention_time_min_micros=0,contention_time_max_micros=0,contention_time_avg_micros=0,contention_num_samples=0,channel_utilization_ratio=15,is_throughput_sufficient=true,is_wifi_scoring_enabled=true,is_cellular_data_available=false,sta_count=0,channel_utilization=0
timestamp_ms=969796,rssi=-33,link_speed_mbps=1200,total_tx_success=9464,total_tx_retries=671,total_tx_bad=0,total_rx_success=8822,total_radio_on_time_ms=392016,total_radio_tx_time_ms=2671,total_radio_rx_time_ms=4874,total_scan_time_ms=6284,total_nan_scan_time_ms=0,total_background_scan_time_ms=0,total_roam_scan_time_ms=0,total_pno_scan_time_ms=0,total_hotspot_2_scan_time_ms=0,wifi_score=60,wifi_usability_score=-1,seq_num_to_framework=-1,prediction_horizon_sec=-1,total_cca_busy_freq_time_ms=62608,total_radio_on_freq_time_ms=385794,total_beacon_rx=7990,probe_status_since_last_update=1,probe_elapsed_time_ms_since_last_update=-1,probe_mcs_rate_since_last_update=-1,rx_link_speed_mbps=1200,seq_num_inside_framework=314,is_same_bssid_and_freq=true,device_mobility_state=0,time_slice_duty_cycle_in_percent=-1,access_category=0,contention_time_min_micros=0,contention_time_max_micros=0,contention_time_avg_micros=0,contention_num_samples=0,access_category=1,contention_time_min_micros=0,contention_time_max_micros=0,contention_time_avg_micros=0,contention_num_samples=0,access_category=2,contention_time_min_micros=0,contention_time_max_micros=0,contention_time_avg_micros=0,contention_num_samples=0,access_category=3,contention_time_min_micros=0,contention_time_max_micros=0,contention_time_avg_micros=0,contention_num_samples=0,channel_utilization_ratio=15,is_throughput_sufficient=true,is_wifi_scoring_enabled=true,is_cellular_data_available=false,sta_count=0,channel_utilization=0
timestamp_ms=972807,rssi=-31,link_speed_mbps=1200,total_tx_success=9472,total_tx_retries=671,total_tx_bad=0,total_rx_success=8828,total_radio_on_time_ms=393033,total_radio_tx_time_ms=2673,total_radio_rx_time_ms=4884,total_scan_time_ms=6284,total_nan_scan_time_ms=0,total_background_scan_time_ms=0,total_roam_scan_time_ms=0,total_pno_scan_time_ms=0,total_hotspot_2_scan_time_ms=0,wifi_score=60,wifi_usability_score=-1,seq_num_to_framework=-1,prediction_horizon_sec=-1,total_cca_busy_freq_time_ms=62644,total_radio_on_freq_time_ms=386811,total_beacon_rx=8016,probe_status_since_last_update=1,probe_elapsed_time_ms_since_last_update=-1,probe_mcs_rate_since_last_update=-1,rx_link_speed_mbps=1200,seq_num_inside_framework=315,is_same_bssid_and_freq=true,device_mobility_state=0,time_slice_duty_cycle_in_percent=-1,access_category=0,contention_time_min_micros=0,contention_time_max_micros=0,contention_time_avg_micros=0,contention_num_samples=0,access_category=1,contention_time_min_micros=0,contention_time_max_micros=0,contention_time_avg_micros=0,contention_num_samples=0,access_category=2,contention_time_min_micros=0,contention_time_max_micros=0,contention_time_avg_micros=0,contention_num_samples=0,access_category=3,contention_time_min_micros=0,contention_time_max_micros=0,contention_time_avg_micros=0,contention_num_samples=0,channel_utilization_ratio=15,is_throughput_sufficient=true,is_wifi_scoring_enabled=true,is_cellular_data_available=false,sta_count=0,channel_utilization=0
timestamp_ms=975824,rssi=-31,link_speed_mbps=1200,total_tx_success=9478,total_tx_retries=671,total_tx_bad=0,total_rx_success=8834,total_radio_on_time_ms=394073,total_radio_tx_time_ms=2675,total_radio_rx_time_ms=4896,total_scan_time_ms=6284,total_nan_scan_time_ms=0,total_background_scan_time_ms=0,total_roam_scan_time_ms=0,total_pno_scan_time_ms=0,total_hotspot_2_scan_time_ms=0,wifi_score=60,wifi_usability_score=-1,seq_num_to_framework=-1,prediction_horizon_sec=-1,total_cca_busy_freq_time_ms=62663,total_radio_on_freq_time_ms=387851,total_beacon_rx=8046,probe_status_since_last_update=1,probe_elapsed_time_ms_since_last_update=-1,probe_mcs_rate_since_last_update=-1,rx_link_speed_mbps=1200,seq_num_inside_framework=316,is_same_bssid_and_freq=true,device_mobility_state=0,time_slice_duty_cycle_in_percent=-1,access_category=0,contention_time_min_micros=0,contention_time_max_micros=0,contention_time_avg_micros=0,contention_num_samples=0,access_category=1,contention_time_min_micros=0,contention_time_max_micros=0,contention_time_avg_micros=0,contention_num_samples=0,access_category=2,contention_time_min_micros=0,contention_time_max_micros=0,contention_time_avg_micros=0,contention_num_samples=0,access_category=3,contention_time_min_micros=0,contention_time_max_micros=0,contention_time_avg_micros=0,contention_num_samples=0,channel_utilization_ratio=15,is_throughput_sufficient=true,is_wifi_scoring_enabled=true,is_cellular_data_available=false,sta_count=0,channel_utilization=0
timestamp_ms=978841,rssi=-30,link_speed_mbps=1200,total_tx_success=9486,total_tx_retries=672,total_tx_bad=0,total_rx_success=8844,total_radio_on_time_ms=395249,total_radio_tx_time_ms=2677,total_radio_rx_time_ms=4906,total_scan_time_ms=6284,total_nan_scan_time_ms=0,total_background_scan_time_ms=0,total_roam_scan_time_ms=0,total_pno_scan_time_ms=0,total_hotspot_2_scan_time_ms=0,wifi_score=60,wifi_usability_score=-1,seq_num_to_framework=-1,prediction_horizon_sec=-1,total_cca_busy_freq_time_ms=62687,total_radio_on_freq_time_ms=389027,total_beacon_rx=8075,probe_status_since_last_update=1,probe_elapsed_time_ms_since_last_update=-1,probe_mcs_rate_since_last_update=-1,rx_link_speed_mbps=1200,seq_num_inside_framework=317,is_same_bssid_and_freq=true,device_mobility_state=0,time_slice_duty_cycle_in_percent=-1,access_category=0,contention_time_min_micros=0,contention_time_max_micros=0,contention_time_avg_micros=0,contention_num_samples=0,access_category=1,contention_time_min_micros=0,contention_time_max_micros=0,contention_time_avg_micros=0,contention_num_samples=0,access_category=2,contention_time_min_micros=0,contention_time_max_micros=0,contention_time_avg_micros=0,contention_num_samples=0,access_category=3,contention_time_min_micros=0,contention_time_max_micros=0,contention_time_avg_micros=0,contention_num_samples=0,channel_utilization_ratio=15,is_throughput_sufficient=true,is_wifi_scoring_enabled=true,is_cellular_data_available=false,sta_count=0,channel_utilization=0
timestamp_ms=981859,rssi=-31,link_speed_mbps=1200,total_tx_success=9491,total_tx_retries=672,total_tx_bad=0,total_rx_success=8849,total_radio_on_time_ms=396344,total_radio_tx_time_ms=2679,total_radio_rx_time_ms=4919,total_scan_time_ms=6284,total_nan_scan_time_ms=0,total_background_scan_time_ms=0,total_roam_scan_time_ms=0,total_pno_scan_time_ms=0,total_hotspot_2_scan_time_ms=0,wifi_score=60,wifi_usability_score=-1,seq_num_to_framework=-1,prediction_horizon_sec=-1,total_cca_busy_freq_time_ms=62707,total_radio_on_freq_time_ms=390122,total_beacon_rx=8102,probe_status_since_last_update=1,probe_elapsed_time_ms_since_last_update=-1,probe_mcs_rate_since_last_update=-1,rx_link_speed_mbps=1200,seq_num_inside_framework=318,is_same_bssid_and_freq=true,device_mobility_state=0,time_slice_duty_cycle_in_percent=-1,access_category=0,contention_time_min_micros=0,contention_time_max_micros=0,contention_time_avg_micros=0,contention_num_samples=0,access_category=1,contention_time_min_micros=0,contention_time_max_micros=0,contention_time_avg_micros=0,contention_num_samples=0,access_category=2,contention_time_min_micros=0,contention_time_max_micros=0,contention_time_avg_micros=0,contention_num_samples=0,access_category=3,contention_time_min_micros=0,contention_time_max_micros=0,contention_time_avg_micros=0,contention_num_samples=0,channel_utilization_ratio=15,is_throughput_sufficient=true,is_wifi_scoring_enabled=true,is_cellular_data_available=false,sta_count=0,channel_utilization=0
timestamp_ms=984871,rssi=-34,link_speed_mbps=1200,total_tx_success=9495,total_tx_retries=672,total_tx_bad=0,total_rx_success=8851,total_radio_on_time_ms=396996,total_radio_tx_time_ms=2681,total_radio_rx_time_ms=4926,total_scan_time_ms=6284,total_nan_scan_time_ms=0,total_background_scan_time_ms=0,total_roam_scan_time_ms=0,total_pno_scan_time_ms=0,total_hotspot_2_scan_time_ms=0,wifi_score=60,wifi_usability_score=-1,seq_num_to_framework=-1,prediction_horizon_sec=-1,total_cca_busy_freq_time_ms=62718,total_radio_on_freq_time_ms=390774,total_beacon_rx=8128,probe_status_since_last_update=1,probe_elapsed_time_ms_since_last_update=-1,probe_mcs_rate_since_last_update=-1,rx_link_speed_mbps=1200,seq_num_inside_framework=319,is_same_bssid_and_freq=true,device_mobility_state=0,time_slice_duty_cycle_in_percent=-1,access_category=0,contention_time_min_micros=0,contention_time_max_micros=0,contention_time_avg_micros=0,contention_num_samples=0,access_category=1,contention_time_min_micros=0,contention_time_max_micros=0,contention_time_avg_micros=0,contention_num_samples=0,access_category=2,contention_time_min_micros=0,contention_time_max_micros=0,contention_time_avg_micros=0,contention_num_samples=0,access_category=3,contention_time_min_micros=0,contention_time_max_micros=0,contention_time_avg_micros=0,contention_num_samples=0,channel_utilization_ratio=15,is_throughput_sufficient=true,is_wifi_scoring_enabled=true,is_cellular_data_available=false,sta_count=0,channel_utilization=0
timestamp_ms=987883,rssi=-27,link_speed_mbps=1200,total_tx_success=9502,total_tx_retries=672,total_tx_bad=0,total_rx_success=8859,total_radio_on_time_ms=398099,total_radio_tx_time_ms=2683,total_radio_rx_time_ms=4938,total_scan_time_ms=6284,total_nan_scan_time_ms=0,total_background_scan_time_ms=0,total_roam_scan_time_ms=0,total_pno_scan_time_ms=0,total_hotspot_2_scan_time_ms=0,wifi_score=60,wifi_usability_score=-1,seq_num_to_framework=-1,prediction_horizon_sec=-1,total_cca_busy_freq_time_ms=62740,total_radio_on_freq_time_ms=391877,total_beacon_rx=8154,probe_status_since_last_update=1,probe_elapsed_time_ms_since_last_update=-1,probe_mcs_rate_since_last_update=-1,rx_link_speed_mbps=1200,seq_num_inside_framework=320,is_same_bssid_and_freq=true,device_mobility_state=0,time_slice_duty_cycle_in_percent=-1,access_category=0,contention_time_min_micros=0,contention_time_max_micros=0,contention_time_avg_micros=0,contention_num_samples=0,access_category=1,contention_time_min_micros=0,contention_time_max_micros=0,contention_time_avg_micros=0,contention_num_samples=0,access_category=2,contention_time_min_micros=0,contention_time_max_micros=0,contention_time_avg_micros=0,contention_num_samples=0,access_category=3,contention_time_min_micros=0,contention_time_max_micros=0,contention_time_avg_micros=0,contention_num_samples=0,channel_utilization_ratio=15,is_throughput_sufficient=true,is_wifi_scoring_enabled=true,is_cellular_data_available=false,sta_count=0,channel_utilization=0
timestamp_ms=990893,rssi=-29,link_speed_mbps=1200,total_tx_success=9506,total_tx_retries=672,total_tx_bad=0,total_rx_success=8863,total_radio_on_time_ms=398852,total_radio_tx_time_ms=2684,total_radio_rx_time_ms=4947,total_scan_time_ms=6284,total_nan_scan_time_ms=0,total_background_scan_time_ms=0,total_roam_scan_time_ms=0,total_pno_scan_time_ms=0,total_hotspot_2_scan_time_ms=0,wifi_score=60,wifi_usability_score=-1,seq_num_to_framework=-1,prediction_horizon_sec=-1,total_cca_busy_freq_time_ms=62762,total_radio_on_freq_time_ms=392630,total_beacon_rx=8181,probe_status_since_last_update=1,probe_elapsed_time_ms_since_last_update=-1,probe_mcs_rate_since_last_update=-1,rx_link_speed_mbps=1200,seq_num_inside_framework=321,is_same_bssid_and_freq=true,device_mobility_state=0,time_slice_duty_cycle_in_percent=-1,access_category=0,contention_time_min_micros=0,contention_time_max_micros=0,contention_time_avg_micros=0,contention_num_samples=0,access_category=1,contention_time_min_micros=0,contention_time_max_micros=0,contention_time_avg_micros=0,contention_num_samples=0,access_category=2,contention_time_min_micros=0,contention_time_max_micros=0,contention_time_avg_micros=0,contention_num_samples=0,access_category=3,contention_time_min_micros=0,contention_time_max_micros=0,contention_time_avg_micros=0,contention_num_samples=0,channel_utilization_ratio=15,is_throughput_sufficient=true,is_wifi_scoring_enabled=true,is_cellular_data_available=false,sta_count=0,channel_utilization=0
timestamp_ms=993910,rssi=-31,link_speed_mbps=1200,total_tx_success=9523,total_tx_retries=672,total_tx_bad=0,total_rx_success=8879,total_radio_on_time_ms=400663,total_radio_tx_time_ms=2687,total_radio_rx_time_ms=4964,total_scan_time_ms=6284,total_nan_scan_time_ms=0,total_background_scan_time_ms=0,total_roam_scan_time_ms=0,total_pno_scan_time_ms=0,total_hotspot_2_scan_time_ms=0,wifi_score=60,wifi_usability_score=-1,seq_num_to_framework=-1,prediction_horizon_sec=-1,total_cca_busy_freq_time_ms=62797,total_radio_on_freq_time_ms=394441,total_beacon_rx=8207,probe_status_since_last_update=1,probe_elapsed_time_ms_since_last_update=-1,probe_mcs_rate_since_last_update=-1,rx_link_speed_mbps=1200,seq_num_inside_framework=322,is_same_bssid_and_freq=true,device_mobility_state=0,time_slice_duty_cycle_in_percent=-1,access_category=0,contention_time_min_micros=0,contention_time_max_micros=0,contention_time_avg_micros=0,contention_num_samples=0,access_category=1,contention_time_min_micros=0,contention_time_max_micros=0,contention_time_avg_micros=0,contention_num_samples=0,access_category=2,contention_time_min_micros=0,contention_time_max_micros=0,contention_time_avg_micros=0,contention_num_samples=0,access_category=3,contention_time_min_micros=0,contention_time_max_micros=0,contention_time_avg_micros=0,contention_num_samples=0,channel_utilization_ratio=15,is_throughput_sufficient=true,is_wifi_scoring_enabled=true,is_cellular_data_available=false,sta_count=0,channel_utilization=0
timestamp_ms=996926,rssi=-28,link_speed_mbps=1200,total_tx_success=9531,total_tx_retries=672,total_tx_bad=0,total_rx_success=8886,total_radio_on_time_ms=401704,total_radio_tx_time_ms=2689,total_radio_rx_time_ms=4977,total_scan_time_ms=6284,total_nan_scan_time_ms=0,total_background_scan_time_ms=0,total_roam_scan_time_ms=0,total_pno_scan_time_ms=0,total_hotspot_2_scan_time_ms=0,wifi_score=60,wifi_usability_score=-1,seq_num_to_framework=-1,prediction_horizon_sec=-1,total_cca_busy_freq_time_ms=62860,total_radio_on_freq_time_ms=395482,total_beacon_rx=8235,probe_status_since_last_update=1,probe_elapsed_time_ms_since_last_update=-1,probe_mcs_rate_since_last_update=-1,rx_link_speed_mbps=1200,seq_num_inside_framework=323,is_same_bssid_and_freq=true,device_mobility_state=0,time_slice_duty_cycle_in_percent=-1,access_category=0,contention_time_min_micros=0,contention_time_max_micros=0,contention_time_avg_micros=0,contention_num_samples=0,access_category=1,contention_time_min_micros=0,contention_time_max_micros=0,contention_time_avg_micros=0,contention_num_samples=0,access_category=2,contention_time_min_micros=0,contention_time_max_micros=0,contention_time_avg_micros=0,contention_num_samples=0,access_category=3,contention_time_min_micros=0,contention_time_max_micros=0,contention_time_avg_micros=0,contention_num_samples=0,channel_utilization_ratio=15,is_throughput_sufficient=true,is_wifi_scoring_enabled=true,is_cellular_data_available=false,sta_count=0,channel_utilization=0
timestamp_ms=999942,rssi=-37,link_speed_mbps=1200,total_tx_success=9534,total_tx_retries=672,total_tx_bad=0,total_rx_success=8890,total_radio_on_time_ms=402107,total_radio_tx_time_ms=2690,total_radio_rx_time_ms=4983,total_scan_time_ms=6284,total_nan_scan_time_ms=0,total_background_scan_time_ms=0,total_roam_scan_time_ms=0,total_pno_scan_time_ms=0,total_hotspot_2_scan_time_ms=0,wifi_score=60,wifi_usability_score=-1,seq_num_to_framework=-1,prediction_horizon_sec=-1,total_cca_busy_freq_time_ms=62907,total_radio_on_freq_time_ms=395885,total_beacon_rx=8264,probe_status_since_last_update=1,probe_elapsed_time_ms_since_last_update=-1,probe_mcs_rate_since_last_update=-1,rx_link_speed_mbps=1200,seq_num_inside_framework=324,is_same_bssid_and_freq=true,device_mobility_state=0,time_slice_duty_cycle_in_percent=-1,access_category=0,contention_time_min_micros=0,contention_time_max_micros=0,contention_time_avg_micros=0,contention_num_samples=0,access_category=1,contention_time_min_micros=0,contention_time_max_micros=0,contention_time_avg_micros=0,contention_num_samples=0,access_category=2,contention_time_min_micros=0,contention_time_max_micros=0,contention_time_avg_micros=0,contention_num_samples=0,access_category=3,contention_time_min_micros=0,contention_time_max_micros=0,contention_time_avg_micros=0,contention_num_samples=0,channel_utilization_ratio=15,is_throughput_sufficient=true,is_wifi_scoring_enabled=true,is_cellular_data_available=false,sta_count=0,channel_utilization=0
timestamp_ms=1002967,rssi=-29,link_speed_mbps=1200,total_tx_success=9543,total_tx_retries=672,total_tx_bad=0,total_rx_success=8897,total_radio_on_time_ms=403355,total_radio_tx_time_ms=2692,total_radio_rx_time_ms=4998,total_scan_time_ms=6284,total_nan_scan_time_ms=0,total_background_scan_time_ms=0,total_roam_scan_time_ms=0,total_pno_scan_time_ms=0,total_hotspot_2_scan_time_ms=0,wifi_score=60,wifi_usability_score=-1,seq_num_to_framework=-1,prediction_horizon_sec=-1,total_cca_busy_freq_time_ms=62990,total_radio_on_freq_time_ms=397133,total_beacon_rx=8291,probe_status_since_last_update=1,probe_elapsed_time_ms_since_last_update=-1,probe_mcs_rate_since_last_update=-1,rx_link_speed_mbps=1200,seq_num_inside_framework=325,is_same_bssid_and_freq=true,device_mobility_state=0,time_slice_duty_cycle_in_percent=-1,access_category=0,contention_time_min_micros=0,contention_time_max_micros=0,contention_time_avg_micros=0,contention_num_samples=0,access_category=1,contention_time_min_micros=0,contention_time_max_micros=0,contention_time_avg_micros=0,contention_num_samples=0,access_category=2,contention_time_min_micros=0,contention_time_max_micros=0,contention_time_avg_micros=0,contention_num_samples=0,access_category=3,contention_time_min_micros=0,contention_time_max_micros=0,contention_time_avg_micros=0,contention_num_samples=0,channel_utilization_ratio=15,is_throughput_sufficient=true,is_wifi_scoring_enabled=true,is_cellular_data_available=false,sta_count=0,channel_utilization=0
timestamp_ms=1005985,rssi=-37,link_speed_mbps=1200,total_tx_success=9563,total_tx_retries=672,total_tx_bad=0,total_rx_success=8914,total_radio_on_time_ms=405140,total_radio_tx_time_ms=2695,total_radio_rx_time_ms=5013,total_scan_time_ms=6284,total_nan_scan_time_ms=0,total_background_scan_time_ms=0,total_roam_scan_time_ms=0,total_pno_scan_time_ms=0,total_hotspot_2_scan_time_ms=0,wifi_score=60,wifi_usability_score=-1,seq_num_to_framework=-1,prediction_horizon_sec=-1,total_cca_busy_freq_time_ms=63103,total_radio_on_freq_time_ms=398918,total_beacon_rx=8319,probe_status_since_last_update=1,probe_elapsed_time_ms_since_last_update=-1,probe_mcs_rate_since_last_update=-1,rx_link_speed_mbps=1200,seq_num_inside_framework=326,is_same_bssid_and_freq=true,device_mobility_state=0,time_slice_duty_cycle_in_percent=-1,access_category=0,contention_time_min_micros=0,contention_time_max_micros=0,contention_time_avg_micros=0,contention_num_samples=0,access_category=1,contention_time_min_micros=0,contention_time_max_micros=0,contention_time_avg_micros=0,contention_num_samples=0,access_category=2,contention_time_min_micros=0,contention_time_max_micros=0,contention_time_avg_micros=0,contention_num_samples=0,access_category=3,contention_time_min_micros=0,contention_time_max_micros=0,contention_time_avg_micros=0,contention_num_samples=0,channel_utilization_ratio=15,is_throughput_sufficient=true,is_wifi_scoring_enabled=true,is_cellular_data_available=false,sta_count=0,channel_utilization=0
timestamp_ms=1009004,rssi=-26,link_speed_mbps=1200,total_tx_success=9567,total_tx_retries=672,total_tx_bad=0,total_rx_success=8919,total_radio_on_time_ms=406054,total_radio_tx_time_ms=2697,total_radio_rx_time_ms=5022,total_scan_time_ms=6384,total_nan_scan_time_ms=0,total_background_scan_time_ms=0,total_roam_scan_time_ms=0,total_pno_scan_time_ms=0,total_hotspot_2_scan_time_ms=0,wifi_score=60,wifi_usability_score=-1,seq_num_to_framework=-1,prediction_horizon_sec=-1,total_cca_busy_freq_time_ms=63145,total_radio_on_freq_time_ms=399832,total_beacon_rx=8343,probe_status_since_last_update=1,probe_elapsed_time_ms_since_last_update=-1,probe_mcs_rate_since_last_update=-1,rx_link_speed_mbps=1200,seq_num_inside_framework=327,is_same_bssid_and_freq=true,device_mobility_state=0,time_slice_duty_cycle_in_percent=-1,access_category=0,contention_time_min_micros=0,contention_time_max_micros=0,contention_time_avg_micros=0,contention_num_samples=0,access_category=1,contention_time_min_micros=0,contention_time_max_micros=0,contention_time_avg_micros=0,contention_num_samples=0,access_category=2,contention_time_min_micros=0,contention_time_max_micros=0,contention_time_avg_micros=0,contention_num_samples=0,access_category=3,contention_time_min_micros=0,contention_time_max_micros=0,contention_time_avg_micros=0,contention_num_samples=0,channel_utilization_ratio=15,is_throughput_sufficient=true,is_wifi_scoring_enabled=true,is_cellular_data_available=false,sta_count=0,channel_utilization=0
timestamp_ms=1012023,rssi=-27,link_speed_mbps=1200,total_tx_success=9571,total_tx_retries=673,total_tx_bad=0,total_rx_success=8923,total_radio_on_time_ms=406756,total_radio_tx_time_ms=2698,total_radio_rx_time_ms=5032,total_scan_time_ms=6384,total_nan_scan_time_ms=0,total_background_scan_time_ms=0,total_roam_scan_time_ms=0,total_pno_scan_time_ms=0,total_hotspot_2_scan_time_ms=0,wifi_score=60,wifi_usability_score=-1,seq_num_to_framework=-1,prediction_horizon_sec=-1,total_cca_busy_freq_time_ms=63321,total_radio_on_freq_time_ms=400534,total_beacon_rx=8369,probe_status_since_last_update=1,probe_elapsed_time_ms_since_last_update=-1,probe_mcs_rate_since_last_update=-1,rx_link_speed_mbps=1200,seq_num_inside_framework=328,is_same_bssid_and_freq=true,device_mobility_state=0,time_slice_duty_cycle_in_percent=-1,access_category=0,contention_time_min_micros=0,contention_time_max_micros=0,contention_time_avg_micros=0,contention_num_samples=0,access_category=1,contention_time_min_micros=0,contention_time_max_micros=0,contention_time_avg_micros=0,contention_num_samples=0,access_category=2,contention_time_min_micros=0,contention_time_max_micros=0,contention_time_avg_micros=0,contention_num_samples=0,access_category=3,contention_time_min_micros=0,contention_time_max_micros=0,contention_time_avg_micros=0,contention_num_samples=0,channel_utilization_ratio=15,is_throughput_sufficient=true,is_wifi_scoring_enabled=true,is_cellular_data_available=false,sta_count=0,channel_utilization=0
timestamp_ms=1015043,rssi=-28,link_speed_mbps=1200,total_tx_success=9603,total_tx_retries=677,total_tx_bad=0,total_rx_success=8961,total_radio_on_time_ms=408632,total_radio_tx_time_ms=2704,total_radio_rx_time_ms=5054,total_scan_time_ms=6384,total_nan_scan_time_ms=0,total_background_scan_time_ms=0,total_roam_scan_time_ms=0,total_pno_scan_time_ms=0,total_hotspot_2_scan_time_ms=0,wifi_score=60,wifi_usability_score=-1,seq_num_to_framework=-1,prediction_horizon_sec=-1,total_cca_busy_freq_time_ms=63624,total_radio_on_freq_time_ms=402410,total_beacon_rx=8399,probe_status_since_last_update=1,probe_elapsed_time_ms_since_last_update=-1,probe_mcs_rate_since_last_update=-1,rx_link_speed_mbps=1200,seq_num_inside_framework=329,is_same_bssid_and_freq=true,device_mobility_state=0,time_slice_duty_cycle_in_percent=-1,access_category=0,contention_time_min_micros=0,contention_time_max_micros=0,contention_time_avg_micros=0,contention_num_samples=0,access_category=1,contention_time_min_micros=0,contention_time_max_micros=0,contention_time_avg_micros=0,contention_num_samples=0,access_category=2,contention_time_min_micros=0,contention_time_max_micros=0,contention_time_avg_micros=0,contention_num_samples=0,access_category=3,contention_time_min_micros=0,contention_time_max_micros=0,contention_time_avg_micros=0,contention_num_samples=0,channel_utilization_ratio=15,is_throughput_sufficient=true,is_wifi_scoring_enabled=true,is_cellular_data_available=false,sta_count=0,channel_utilization=0
timestamp_ms=1018063,rssi=-27,link_speed_mbps=1200,total_tx_success=9611,total_tx_retries=677,total_tx_bad=0,total_rx_success=8971,total_radio_on_time_ms=409642,total_radio_tx_time_ms=2706,total_radio_rx_time_ms=5069,total_scan_time_ms=6384,total_nan_scan_time_ms=0,total_background_scan_time_ms=0,total_roam_scan_time_ms=0,total_pno_scan_time_ms=0,total_hotspot_2_scan_time_ms=0,wifi_score=60,wifi_usability_score=-1,seq_num_to_framework=-1,prediction_horizon_sec=-1,total_cca_busy_freq_time_ms=63697,total_radio_on_freq_time_ms=403420,total_beacon_rx=8429,probe_status_since_last_update=1,probe_elapsed_time_ms_since_last_update=-1,probe_mcs_rate_since_last_update=-1,rx_link_speed_mbps=1200,seq_num_inside_framework=330,is_same_bssid_and_freq=true,device_mobility_state=0,time_slice_duty_cycle_in_percent=-1,access_category=0,contention_time_min_micros=0,contention_time_max_micros=0,contention_time_avg_micros=0,contention_num_samples=0,access_category=1,contention_time_min_micros=0,contention_time_max_micros=0,contention_time_avg_micros=0,contention_num_samples=0,access_category=2,contention_time_min_micros=0,contention_time_max_micros=0,contention_time_avg_micros=0,contention_num_samples=0,access_category=3,contention_time_min_micros=0,contention_time_max_micros=0,contention_time_avg_micros=0,contention_num_samples=0,channel_utilization_ratio=15,is_throughput_sufficient=true,is_wifi_scoring_enabled=true,is_cellular_data_available=false,sta_count=0,channel_utilization=0
timestamp_ms=1021082,rssi=-28,link_speed_mbps=1200,total_tx_success=9618,total_tx_retries=677,total_tx_bad=0,total_rx_success=8978,total_radio_on_time_ms=410687,total_radio_tx_time_ms=2708,total_radio_rx_time_ms=5082,total_scan_time_ms=6384,total_nan_scan_time_ms=0,total_background_scan_time_ms=0,total_roam_scan_time_ms=0,total_pno_scan_time_ms=0,total_hotspot_2_scan_time_ms=0,wifi_score=60,wifi_usability_score=-1,seq_num_to_framework=-1,prediction_horizon_sec=-1,total_cca_busy_freq_time_ms=63801,total_radio_on_freq_time_ms=404465,total_beacon_rx=8459,probe_status_since_last_update=1,probe_elapsed_time_ms_since_last_update=-1,probe_mcs_rate_since_last_update=-1,rx_link_speed_mbps=1200,seq_num_inside_framework=331,is_same_bssid_and_freq=true,device_mobility_state=0,time_slice_duty_cycle_in_percent=-1,access_category=0,contention_time_min_micros=0,contention_time_max_micros=0,contention_time_avg_micros=0,contention_num_samples=0,access_category=1,contention_time_min_micros=0,contention_time_max_micros=0,contention_time_avg_micros=0,contention_num_samples=0,access_category=2,contention_time_min_micros=0,contention_time_max_micros=0,contention_time_avg_micros=0,contention_num_samples=0,access_category=3,contention_time_min_micros=0,contention_time_max_micros=0,contention_time_avg_micros=0,contention_num_samples=0,channel_utilization_ratio=15,is_throughput_sufficient=true,is_wifi_scoring_enabled=true,is_cellular_data_available=false,sta_count=0,channel_utilization=0
timestamp_ms=1024092,rssi=-26,link_speed_mbps=1200,total_tx_success=9624,total_tx_retries=677,total_tx_bad=0,total_rx_success=8982,total_radio_on_time_ms=411674,total_radio_tx_time_ms=2710,total_radio_rx_time_ms=5091,total_scan_time_ms=6384,total_nan_scan_time_ms=0,total_background_scan_time_ms=0,total_roam_scan_time_ms=0,total_pno_scan_time_ms=0,total_hotspot_2_scan_time_ms=0,wifi_score=60,wifi_usability_score=-1,seq_num_to_framework=-1,prediction_horizon_sec=-1,total_cca_busy_freq_time_ms=63815,total_radio_on_freq_time_ms=405452,total_beacon_rx=8488,probe_status_since_last_update=1,probe_elapsed_time_ms_since_last_update=-1,probe_mcs_rate_since_last_update=-1,rx_link_speed_mbps=1200,seq_num_inside_framework=332,is_same_bssid_and_freq=true,device_mobility_state=0,time_slice_duty_cycle_in_percent=-1,access_category=0,contention_time_min_micros=0,contention_time_max_micros=0,contention_time_avg_micros=0,contention_num_samples=0,access_category=1,contention_time_min_micros=0,contention_time_max_micros=0,contention_time_avg_micros=0,contention_num_samples=0,access_category=2,contention_time_min_micros=0,contention_time_max_micros=0,contention_time_avg_micros=0,contention_num_samples=0,access_category=3,contention_time_min_micros=0,contention_time_max_micros=0,contention_time_avg_micros=0,contention_num_samples=0,channel_utilization_ratio=15,is_throughput_sufficient=true,is_wifi_scoring_enabled=true,is_cellular_data_available=false,sta_count=0,channel_utilization=0
timestamp_ms=1027113,rssi=-28,link_speed_mbps=1200,total_tx_success=9626,total_tx_retries=677,total_tx_bad=0,total_rx_success=8984,total_radio_on_time_ms=411923,total_radio_tx_time_ms=2711,total_radio_rx_time_ms=5099,total_scan_time_ms=6384,total_nan_scan_time_ms=0,total_background_scan_time_ms=0,total_roam_scan_time_ms=0,total_pno_scan_time_ms=0,total_hotspot_2_scan_time_ms=0,wifi_score=60,wifi_usability_score=-1,seq_num_to_framework=-1,prediction_horizon_sec=-1,total_cca_busy_freq_time_ms=63818,total_radio_on_freq_time_ms=405701,total_beacon_rx=8518,probe_status_since_last_update=1,probe_elapsed_time_ms_since_last_update=-1,probe_mcs_rate_since_last_update=-1,rx_link_speed_mbps=1200,seq_num_inside_framework=333,is_same_bssid_and_freq=true,device_mobility_state=0,time_slice_duty_cycle_in_percent=-1,access_category=0,contention_time_min_micros=0,contention_time_max_micros=0,contention_time_avg_micros=0,contention_num_samples=0,access_category=1,contention_time_min_micros=0,contention_time_max_micros=0,contention_time_avg_micros=0,contention_num_samples=0,access_category=2,contention_time_min_micros=0,contention_time_max_micros=0,contention_time_avg_micros=0,contention_num_samples=0,access_category=3,contention_time_min_micros=0,contention_time_max_micros=0,contention_time_avg_micros=0,contention_num_samples=0,channel_utilization_ratio=15,is_throughput_sufficient=true,is_wifi_scoring_enabled=true,is_cellular_data_available=false,sta_count=0,channel_utilization=0
timestamp_ms=1030125,rssi=-27,link_speed_mbps=1200,total_tx_success=9630,total_tx_retries=677,total_tx_bad=0,total_rx_success=8989,total_radio_on_time_ms=412375,total_radio_tx_time_ms=2712,total_radio_rx_time_ms=5104,total_scan_time_ms=6384,total_nan_scan_time_ms=0,total_background_scan_time_ms=0,total_roam_scan_time_ms=0,total_pno_scan_time_ms=0,total_hotspot_2_scan_time_ms=0,wifi_score=60,wifi_usability_score=-1,seq_num_to_framework=-1,prediction_horizon_sec=-1,total_cca_busy_freq_time_ms=63826,total_radio_on_freq_time_ms=406153,total_beacon_rx=8546,probe_status_since_last_update=1,probe_elapsed_time_ms_since_last_update=-1,probe_mcs_rate_since_last_update=-1,rx_link_speed_mbps=1200,seq_num_inside_framework=334,is_same_bssid_and_freq=true,device_mobility_state=0,time_slice_duty_cycle_in_percent=-1,access_category=0,contention_time_min_micros=0,contention_time_max_micros=0,contention_time_avg_micros=0,contention_num_samples=0,access_category=1,contention_time_min_micros=0,contention_time_max_micros=0,contention_time_avg_micros=0,contention_num_samples=0,access_category=2,contention_time_min_micros=0,contention_time_max_micros=0,contention_time_avg_micros=0,contention_num_samples=0,access_category=3,contention_time_min_micros=0,contention_time_max_micros=0,contention_time_avg_micros=0,contention_num_samples=0,channel_utilization_ratio=15,is_throughput_sufficient=true,is_wifi_scoring_enabled=true,is_cellular_data_available=false,sta_count=0,channel_utilization=0
timestamp_ms=1033144,rssi=-27,link_speed_mbps=1200,total_tx_success=9636,total_tx_retries=677,total_tx_bad=0,total_rx_success=8994,total_radio_on_time_ms=413416,total_radio_tx_time_ms=2714,total_radio_rx_time_ms=5117,total_scan_time_ms=6384,total_nan_scan_time_ms=0,total_background_scan_time_ms=0,total_roam_scan_time_ms=0,total_pno_scan_time_ms=0,total_hotspot_2_scan_time_ms=0,wifi_score=60,wifi_usability_score=-1,seq_num_to_framework=-1,prediction_horizon_sec=-1,total_cca_busy_freq_time_ms=63852,total_radio_on_freq_time_ms=407194,total_beacon_rx=8574,probe_status_since_last_update=1,probe_elapsed_time_ms_since_last_update=-1,probe_mcs_rate_since_last_update=-1,rx_link_speed_mbps=1200,seq_num_inside_framework=335,is_same_bssid_and_freq=true,device_mobility_state=0,time_slice_duty_cycle_in_percent=-1,access_category=0,contention_time_min_micros=0,contention_time_max_micros=0,contention_time_avg_micros=0,contention_num_samples=0,access_category=1,contention_time_min_micros=0,contention_time_max_micros=0,contention_time_avg_micros=0,contention_num_samples=0,access_category=2,contention_time_min_micros=0,contention_time_max_micros=0,contention_time_avg_micros=0,contention_num_samples=0,access_category=3,contention_time_min_micros=0,contention_time_max_micros=0,contention_time_avg_micros=0,contention_num_samples=0,channel_utilization_ratio=15,is_throughput_sufficient=true,is_wifi_scoring_enabled=true,is_cellular_data_available=false,sta_count=0,channel_utilization=0
timestamp_ms=1036163,rssi=-27,link_speed_mbps=1200,total_tx_success=9642,total_tx_retries=678,total_tx_bad=0,total_rx_success=9002,total_radio_on_time_ms=414302,total_radio_tx_time_ms=2716,total_radio_rx_time_ms=5131,total_scan_time_ms=6384,total_nan_scan_time_ms=0,total_background_scan_time_ms=0,total_roam_scan_time_ms=0,total_pno_scan_time_ms=0,total_hotspot_2_scan_time_ms=0,wifi_score=60,wifi_usability_score=-1,seq_num_to_framework=-1,prediction_horizon_sec=-1,total_cca_busy_freq_time_ms=63875,total_radio_on_freq_time_ms=408080,total_beacon_rx=8603,probe_status_since_last_update=1,probe_elapsed_time_ms_since_last_update=-1,probe_mcs_rate_since_last_update=-1,rx_link_speed_mbps=1200,seq_num_inside_framework=336,is_same_bssid_and_freq=true,device_mobility_state=0,time_slice_duty_cycle_in_percent=-1,access_category=0,contention_time_min_micros=0,contention_time_max_micros=0,contention_time_avg_micros=0,contention_num_samples=0,access_category=1,contention_time_min_micros=0,contention_time_max_micros=0,contention_time_avg_micros=0,contention_num_samples=0,access_category=2,contention_time_min_micros=0,contention_time_max_micros=0,contention_time_avg_micros=0,contention_num_samples=0,access_category=3,contention_time_min_micros=0,contention_time_max_micros=0,contention_time_avg_micros=0,contention_num_samples=0,channel_utilization_ratio=15,is_throughput_sufficient=true,is_wifi_scoring_enabled=true,is_cellular_data_available=false,sta_count=0,channel_utilization=0
timestamp_ms=1039189,rssi=-27,link_speed_mbps=1200,total_tx_success=9644,total_tx_retries=678,total_tx_bad=0,total_rx_success=9004,total_radio_on_time_ms=414701,total_radio_tx_time_ms=2717,total_radio_rx_time_ms=5139,total_scan_time_ms=6384,total_nan_scan_time_ms=0,total_background_scan_time_ms=0,total_roam_scan_time_ms=0,total_pno_scan_time_ms=0,total_hotspot_2_scan_time_ms=0,wifi_score=60,wifi_usability_score=-1,seq_num_to_framework=-1,prediction_horizon_sec=-1,total_cca_busy_freq_time_ms=63886,total_radio_on_freq_time_ms=408479,total_beacon_rx=8630,probe_status_since_last_update=1,probe_elapsed_time_ms_since_last_update=-1,probe_mcs_rate_since_last_update=-1,rx_link_speed_mbps=1200,seq_num_inside_framework=337,is_same_bssid_and_freq=true,device_mobility_state=0,time_slice_duty_cycle_in_percent=-1,access_category=0,contention_time_min_micros=0,contention_time_max_micros=0,contention_time_avg_micros=0,contention_num_samples=0,access_category=1,contention_time_min_micros=0,contention_time_max_micros=0,contention_time_avg_micros=0,contention_num_samples=0,access_category=2,contention_time_min_micros=0,contention_time_max_micros=0,contention_time_avg_micros=0,contention_num_samples=0,access_category=3,contention_time_min_micros=0,contention_time_max_micros=0,contention_time_avg_micros=0,contention_num_samples=0,channel_utilization_ratio=15,is_throughput_sufficient=true,is_wifi_scoring_enabled=true,is_cellular_data_available=false,sta_count=0,channel_utilization=0
timestamp_ms=1042201,rssi=-26,link_speed_mbps=1200,total_tx_success=9648,total_tx_retries=678,total_tx_bad=0,total_rx_success=9007,total_radio_on_time_ms=415282,total_radio_tx_time_ms=2717,total_radio_rx_time_ms=5149,total_scan_time_ms=6384,total_nan_scan_time_ms=0,total_background_scan_time_ms=0,total_roam_scan_time_ms=0,total_pno_scan_time_ms=0,total_hotspot_2_scan_time_ms=0,wifi_score=60,wifi_usability_score=-1,seq_num_to_framework=-1,prediction_horizon_sec=-1,total_cca_busy_freq_time_ms=63901,total_radio_on_freq_time_ms=409060,total_beacon_rx=8659,probe_status_since_last_update=1,probe_elapsed_time_ms_since_last_update=-1,probe_mcs_rate_since_last_update=-1,rx_link_speed_mbps=1200,seq_num_inside_framework=338,is_same_bssid_and_freq=true,device_mobility_state=0,time_slice_duty_cycle_in_percent=-1,access_category=0,contention_time_min_micros=0,contention_time_max_micros=0,contention_time_avg_micros=0,contention_num_samples=0,access_category=1,contention_time_min_micros=0,contention_time_max_micros=0,contention_time_avg_micros=0,contention_num_samples=0,access_category=2,contention_time_min_micros=0,contention_time_max_micros=0,contention_time_avg_micros=0,contention_num_samples=0,access_category=3,contention_time_min_micros=0,contention_time_max_micros=0,contention_time_avg_micros=0,contention_num_samples=0,channel_utilization_ratio=15,is_throughput_sufficient=true,is_wifi_scoring_enabled=true,is_cellular_data_available=false,sta_count=0,channel_utilization=0
timestamp_ms=1045212,rssi=-26,link_speed_mbps=1200,total_tx_success=9654,total_tx_retries=678,total_tx_bad=0,total_rx_success=9013,total_radio_on_time_ms=415910,total_radio_tx_time_ms=2719,total_radio_rx_time_ms=5159,total_scan_time_ms=6384,total_nan_scan_time_ms=0,total_background_scan_time_ms=0,total_roam_scan_time_ms=0,total_pno_scan_time_ms=0,total_hotspot_2_scan_time_ms=0,wifi_score=60,wifi_usability_score=-1,seq_num_to_framework=-1,prediction_horizon_sec=-1,total_cca_busy_freq_time_ms=63916,total_radio_on_freq_time_ms=409688,total_beacon_rx=8688,probe_status_since_last_update=1,probe_elapsed_time_ms_since_last_update=-1,probe_mcs_rate_since_last_update=-1,rx_link_speed_mbps=1200,seq_num_inside_framework=339,is_same_bssid_and_freq=true,device_mobility_state=0,time_slice_duty_cycle_in_percent=-1,access_category=0,contention_time_min_micros=0,contention_time_max_micros=0,contention_time_avg_micros=0,contention_num_samples=0,access_category=1,contention_time_min_micros=0,contention_time_max_micros=0,contention_time_avg_micros=0,contention_num_samples=0,access_category=2,contention_time_min_micros=0,contention_time_max_micros=0,contention_time_avg_micros=0,contention_num_samples=0,access_category=3,contention_time_min_micros=0,contention_time_max_micros=0,contention_time_avg_micros=0,contention_num_samples=0,channel_utilization_ratio=15,is_throughput_sufficient=true,is_wifi_scoring_enabled=true,is_cellular_data_available=false,sta_count=0,channel_utilization=0
timestamp_ms=1048222,rssi=-27,link_speed_mbps=1200,total_tx_success=9657,total_tx_retries=678,total_tx_bad=0,total_rx_success=9016,total_radio_on_time_ms=416494,total_radio_tx_time_ms=2721,total_radio_rx_time_ms=5165,total_scan_time_ms=6384,total_nan_scan_time_ms=0,total_background_scan_time_ms=0,total_roam_scan_time_ms=0,total_pno_scan_time_ms=0,total_hotspot_2_scan_time_ms=0,wifi_score=60,wifi_usability_score=-1,seq_num_to_framework=-1,prediction_horizon_sec=-1,total_cca_busy_freq_time_ms=63931,total_radio_on_freq_time_ms=410272,total_beacon_rx=8715,probe_status_since_last_update=1,probe_elapsed_time_ms_since_last_update=-1,probe_mcs_rate_since_last_update=-1,rx_link_speed_mbps=1200,seq_num_inside_framework=340,is_same_bssid_and_freq=true,device_mobility_state=0,time_slice_duty_cycle_in_percent=-1,access_category=0,contention_time_min_micros=0,contention_time_max_micros=0,contention_time_avg_micros=0,contention_num_samples=0,access_category=1,contention_time_min_micros=0,contention_time_max_micros=0,contention_time_avg_micros=0,contention_num_samples=0,access_category=2,contention_time_min_micros=0,contention_time_max_micros=0,contention_time_avg_micros=0,contention_num_samples=0,access_category=3,contention_time_min_micros=0,contention_time_max_micros=0,contention_time_avg_micros=0,contention_num_samples=0,channel_utilization_ratio=15,is_throughput_sufficient=true,is_wifi_scoring_enabled=true,is_cellular_data_available=false,sta_count=0,channel_utilization=0
timestamp_ms=1051242,rssi=-27,link_speed_mbps=1200,total_tx_success=9665,total_tx_retries=678,total_tx_bad=0,total_rx_success=9024,total_radio_on_time_ms=417636,total_radio_tx_time_ms=2722,total_radio_rx_time_ms=5177,total_scan_time_ms=6384,total_nan_scan_time_ms=0,total_background_scan_time_ms=0,total_roam_scan_time_ms=0,total_pno_scan_time_ms=0,total_hotspot_2_scan_time_ms=0,wifi_score=60,wifi_usability_score=-1,seq_num_to_framework=-1,prediction_horizon_sec=-1,total_cca_busy_freq_time_ms=63964,total_radio_on_freq_time_ms=411414,total_beacon_rx=8744,probe_status_since_last_update=1,probe_elapsed_time_ms_since_last_update=-1,probe_mcs_rate_since_last_update=-1,rx_link_speed_mbps=1200,seq_num_inside_framework=341,is_same_bssid_and_freq=true,device_mobility_state=0,time_slice_duty_cycle_in_percent=-1,access_category=0,contention_time_min_micros=0,contention_time_max_micros=0,contention_time_avg_micros=0,contention_num_samples=0,access_category=1,contention_time_min_micros=0,contention_time_max_micros=0,contention_time_avg_micros=0,contention_num_samples=0,access_category=2,contention_time_min_micros=0,contention_time_max_micros=0,contention_time_avg_micros=0,contention_num_samples=0,access_category=3,contention_time_min_micros=0,contention_time_max_micros=0,contention_time_avg_micros=0,contention_num_samples=0,channel_utilization_ratio=15,is_throughput_sufficient=true,is_wifi_scoring_enabled=true,is_cellular_data_available=false,sta_count=0,channel_utilization=0
timestamp_ms=1054253,rssi=-25,link_speed_mbps=1200,total_tx_success=9669,total_tx_retries=678,total_tx_bad=0,total_rx_success=9026,total_radio_on_time_ms=418348,total_radio_tx_time_ms=2723,total_radio_rx_time_ms=5183,total_scan_time_ms=6384,total_nan_scan_time_ms=0,total_background_scan_time_ms=0,total_roam_scan_time_ms=0,total_pno_scan_time_ms=0,total_hotspot_2_scan_time_ms=0,wifi_score=60,wifi_usability_score=-1,seq_num_to_framework=-1,prediction_horizon_sec=-1,total_cca_busy_freq_time_ms=63985,total_radio_on_freq_time_ms=412126,total_beacon_rx=8770,probe_status_since_last_update=1,probe_elapsed_time_ms_since_last_update=-1,probe_mcs_rate_since_last_update=-1,rx_link_speed_mbps=1200,seq_num_inside_framework=342,is_same_bssid_and_freq=true,device_mobility_state=0,time_slice_duty_cycle_in_percent=-1,access_category=0,contention_time_min_micros=0,contention_time_max_micros=0,contention_time_avg_micros=0,contention_num_samples=0,access_category=1,contention_time_min_micros=0,contention_time_max_micros=0,contention_time_avg_micros=0,contention_num_samples=0,access_category=2,contention_time_min_micros=0,contention_time_max_micros=0,contention_time_avg_micros=0,contention_num_samples=0,access_category=3,contention_time_min_micros=0,contention_time_max_micros=0,contention_time_avg_micros=0,contention_num_samples=0,channel_utilization_ratio=15,is_throughput_sufficient=true,is_wifi_scoring_enabled=true,is_cellular_data_available=false,sta_count=0,channel_utilization=0
timestamp_ms=1057273,rssi=-27,link_speed_mbps=1200,total_tx_success=9673,total_tx_retries=678,total_tx_bad=0,total_rx_success=9030,total_radio_on_time_ms=419151,total_radio_tx_time_ms=2725,total_radio_rx_time_ms=5188,total_scan_time_ms=6384,total_nan_scan_time_ms=0,total_background_scan_time_ms=0,total_roam_scan_time_ms=0,total_pno_scan_time_ms=0,total_hotspot_2_scan_time_ms=0,wifi_score=60,wifi_usability_score=-1,seq_num_to_framework=-1,prediction_horizon_sec=-1,total_cca_busy_freq_time_ms=63995,total_radio_on_freq_time_ms=412929,total_beacon_rx=8800,probe_status_since_last_update=1,probe_elapsed_time_ms_since_last_update=-1,probe_mcs_rate_since_last_update=-1,rx_link_speed_mbps=1200,seq_num_inside_framework=343,is_same_bssid_and_freq=true,device_mobility_state=0,time_slice_duty_cycle_in_percent=-1,access_category=0,contention_time_min_micros=0,contention_time_max_micros=0,contention_time_avg_micros=0,contention_num_samples=0,access_category=1,contention_time_min_micros=0,contention_time_max_micros=0,contention_time_avg_micros=0,contention_num_samples=0,access_category=2,contention_time_min_micros=0,contention_time_max_micros=0,contention_time_avg_micros=0,contention_num_samples=0,access_category=3,contention_time_min_micros=0,contention_time_max_micros=0,contention_time_avg_micros=0,contention_num_samples=0,channel_utilization_ratio=15,is_throughput_sufficient=true,is_wifi_scoring_enabled=true,is_cellular_data_available=false,sta_count=0,channel_utilization=0
timestamp_ms=1060285,rssi=-25,link_speed_mbps=1200,total_tx_success=9678,total_tx_retries=678,total_tx_bad=0,total_rx_success=9036,total_radio_on_time_ms=420078,total_radio_tx_time_ms=2726,total_radio_rx_time_ms=5204,total_scan_time_ms=6384,total_nan_scan_time_ms=0,total_background_scan_time_ms=0,total_roam_scan_time_ms=0,total_pno_scan_time_ms=0,total_hotspot_2_scan_time_ms=0,wifi_score=60,wifi_usability_score=-1,seq_num_to_framework=-1,prediction_horizon_sec=-1,total_cca_busy_freq_time_ms=64017,total_radio_on_freq_time_ms=413856,total_beacon_rx=8830,probe_status_since_last_update=1,probe_elapsed_time_ms_since_last_update=-1,probe_mcs_rate_since_last_update=-1,rx_link_speed_mbps=1200,seq_num_inside_framework=344,is_same_bssid_and_freq=true,device_mobility_state=0,time_slice_duty_cycle_in_percent=-1,access_category=0,contention_time_min_micros=0,contention_time_max_micros=0,contention_time_avg_micros=0,contention_num_samples=0,access_category=1,contention_time_min_micros=0,contention_time_max_micros=0,contention_time_avg_micros=0,contention_num_samples=0,access_category=2,contention_time_min_micros=0,contention_time_max_micros=0,contention_time_avg_micros=0,contention_num_samples=0,access_category=3,contention_time_min_micros=0,contention_time_max_micros=0,contention_time_avg_micros=0,contention_num_samples=0,channel_utilization_ratio=15,is_throughput_sufficient=true,is_wifi_scoring_enabled=true,is_cellular_data_available=false,sta_count=0,channel_utilization=0
timestamp_ms=1063301,rssi=-27,link_speed_mbps=1200,total_tx_success=9681,total_tx_retries=678,total_tx_bad=0,total_rx_success=9038,total_radio_on_time_ms=420284,total_radio_tx_time_ms=2727,total_radio_rx_time_ms=5207,total_scan_time_ms=6384,total_nan_scan_time_ms=0,total_background_scan_time_ms=0,total_roam_scan_time_ms=0,total_pno_scan_time_ms=0,total_hotspot_2_scan_time_ms=0,wifi_score=60,wifi_usability_score=-1,seq_num_to_framework=-1,prediction_horizon_sec=-1,total_cca_busy_freq_time_ms=64025,total_radio_on_freq_time_ms=414062,total_beacon_rx=8859,probe_status_since_last_update=1,probe_elapsed_time_ms_since_last_update=-1,probe_mcs_rate_since_last_update=-1,rx_link_speed_mbps=1200,seq_num_inside_framework=345,is_same_bssid_and_freq=true,device_mobility_state=0,time_slice_duty_cycle_in_percent=-1,access_category=0,contention_time_min_micros=0,contention_time_max_micros=0,contention_time_avg_micros=0,contention_num_samples=0,access_category=1,contention_time_min_micros=0,contention_time_max_micros=0,contention_time_avg_micros=0,contention_num_samples=0,access_category=2,contention_time_min_micros=0,contention_time_max_micros=0,contention_time_avg_micros=0,contention_num_samples=0,access_category=3,contention_time_min_micros=0,contention_time_max_micros=0,contention_time_avg_micros=0,contention_num_samples=0,channel_utilization_ratio=15,is_throughput_sufficient=true,is_wifi_scoring_enabled=true,is_cellular_data_available=false,sta_count=0,channel_utilization=0
timestamp_ms=1066324,rssi=-27,link_speed_mbps=1200,total_tx_success=9688,total_tx_retries=678,total_tx_bad=0,total_rx_success=9047,total_radio_on_time_ms=420927,total_radio_tx_time_ms=2728,total_radio_rx_time_ms=5217,total_scan_time_ms=6384,total_nan_scan_time_ms=0,total_background_scan_time_ms=0,total_roam_scan_time_ms=0,total_pno_scan_time_ms=0,total_hotspot_2_scan_time_ms=0,wifi_score=60,wifi_usability_score=-1,seq_num_to_framework=-1,prediction_horizon_sec=-1,total_cca_busy_freq_time_ms=64332,total_radio_on_freq_time_ms=414705,total_beacon_rx=8886,probe_status_since_last_update=1,probe_elapsed_time_ms_since_last_update=-1,probe_mcs_rate_since_last_update=-1,rx_link_speed_mbps=1200,seq_num_inside_framework=346,is_same_bssid_and_freq=true,device_mobility_state=0,time_slice_duty_cycle_in_percent=-1,access_category=0,contention_time_min_micros=0,contention_time_max_micros=0,contention_time_avg_micros=0,contention_num_samples=0,access_category=1,contention_time_min_micros=0,contention_time_max_micros=0,contention_time_avg_micros=0,contention_num_samples=0,access_category=2,contention_time_min_micros=0,contention_time_max_micros=0,contention_time_avg_micros=0,contention_num_samples=0,access_category=3,contention_time_min_micros=0,contention_time_max_micros=0,contention_time_avg_micros=0,contention_num_samples=0,channel_utilization_ratio=15,is_throughput_sufficient=true,is_wifi_scoring_enabled=true,is_cellular_data_available=false,sta_count=0,channel_utilization=0
mWifiUsabilityStatsList:

label=1

trigger_type=0

time_stamp_ms=321462
timestamp_ms=203773,rssi=-41,link_speed_mbps=1200,total_tx_success=922,total_tx_retries=80,total_tx_bad=0,total_rx_success=631,total_radio_on_time_ms=113055,total_radio_tx_time_ms=1174,total_radio_rx_time_ms=1425,total_scan_time_ms=3286,total_nan_scan_time_ms=0,total_background_scan_time_ms=0,total_roam_scan_time_ms=0,total_pno_scan_time_ms=0,total_hotspot_2_scan_time_ms=0,wifi_score=60,wifi_usability_score=-1,seq_num_to_framework=-1,prediction_horizon_sec=-1,total_cca_busy_freq_time_ms=43045,total_radio_on_freq_time_ms=109568,total_beacon_rx=804,probe_status_since_last_update=1,probe_elapsed_time_ms_since_last_update=-1,probe_mcs_rate_since_last_update=-1,rx_link_speed_mbps=1200,seq_num_inside_framework=60,is_same_bssid_and_freq=true,device_mobility_state=0,time_slice_duty_cycle_in_percent=-1,access_category=0,contention_time_min_micros=0,contention_time_max_micros=0,contention_time_avg_micros=0,contention_num_samples=0,access_category=1,contention_time_min_micros=0,contention_time_max_micros=0,contention_time_avg_micros=0,contention_num_samples=0,access_category=2,contention_time_min_micros=0,contention_time_max_micros=0,contention_time_avg_micros=0,contention_num_samples=0,access_category=3,contention_time_min_micros=0,contention_time_max_micros=0,contention_time_avg_micros=0,contention_num_samples=0,channel_utilization_ratio=15,is_throughput_sufficient=true,is_wifi_scoring_enabled=true,is_cellular_data_available=false,sta_count=0,channel_utilization=0
timestamp_ms=206791,rssi=-37,link_speed_mbps=1200,total_tx_success=931,total_tx_retries=82,total_tx_bad=0,total_rx_success=636,total_radio_on_time_ms=113606,total_radio_tx_time_ms=1177,total_radio_rx_time_ms=1434,total_scan_time_ms=3286,total_nan_scan_time_ms=0,total_background_scan_time_ms=0,total_roam_scan_time_ms=0,total_pno_scan_time_ms=0,total_hotspot_2_scan_time_ms=0,wifi_score=60,wifi_usability_score=-1,seq_num_to_framework=-1,prediction_horizon_sec=-1,total_cca_busy_freq_time_ms=43094,total_radio_on_freq_time_ms=110119,total_beacon_rx=834,probe_status_since_last_update=1,probe_elapsed_time_ms_since_last_update=-1,probe_mcs_rate_since_last_update=-1,rx_link_speed_mbps=1200,seq_num_inside_framework=61,is_same_bssid_and_freq=true,device_mobility_state=0,time_slice_duty_cycle_in_percent=-1,access_category=0,contention_time_min_micros=0,contention_time_max_micros=0,contention_time_avg_micros=0,contention_num_samples=0,access_category=1,contention_time_min_micros=0,contention_time_max_micros=0,contention_time_avg_micros=0,contention_num_samples=0,access_category=2,contention_time_min_micros=0,contention_time_max_micros=0,contention_time_avg_micros=0,contention_num_samples=0,access_category=3,contention_time_min_micros=0,contention_time_max_micros=0,contention_time_avg_micros=0,contention_num_samples=0,channel_utilization_ratio=15,is_throughput_sufficient=true,is_wifi_scoring_enabled=true,is_cellular_data_available=false,sta_count=0,channel_utilization=0
timestamp_ms=209800,rssi=-39,link_speed_mbps=1200,total_tx_success=944,total_tx_retries=82,total_tx_bad=0,total_rx_success=643,total_radio_on_time_ms=114407,total_radio_tx_time_ms=1182,total_radio_rx_time_ms=1445,total_scan_time_ms=3286,total_nan_scan_time_ms=0,total_background_scan_time_ms=0,total_roam_scan_time_ms=0,total_pno_scan_time_ms=0,total_hotspot_2_scan_time_ms=0,wifi_score=60,wifi_usability_score=-1,seq_num_to_framework=-1,prediction_horizon_sec=-1,total_cca_busy_freq_time_ms=43119,total_radio_on_freq_time_ms=110920,total_beacon_rx=863,probe_status_since_last_update=1,probe_elapsed_time_ms_since_last_update=-1,probe_mcs_rate_since_last_update=-1,rx_link_speed_mbps=1200,seq_num_inside_framework=62,is_same_bssid_and_freq=true,device_mobility_state=0,time_slice_duty_cycle_in_percent=-1,access_category=0,contention_time_min_micros=0,contention_time_max_micros=0,contention_time_avg_micros=0,contention_num_samples=0,access_category=1,contention_time_min_micros=0,contention_time_max_micros=0,contention_time_avg_micros=0,contention_num_samples=0,access_category=2,contention_time_min_micros=0,contention_time_max_micros=0,contention_time_avg_micros=0,contention_num_samples=0,access_category=3,contention_time_min_micros=0,contention_time_max_micros=0,contention_time_avg_micros=0,contention_num_samples=0,channel_utilization_ratio=15,is_throughput_sufficient=true,is_wifi_scoring_enabled=true,is_cellular_data_available=false,sta_count=0,channel_utilization=0
timestamp_ms=212811,rssi=-35,link_speed_mbps=1200,total_tx_success=1175,total_tx_retries=88,total_tx_bad=0,total_rx_success=802,total_radio_on_time_ms=115645,total_radio_tx_time_ms=1208,total_radio_rx_time_ms=1468,total_scan_time_ms=3286,total_nan_scan_time_ms=0,total_background_scan_time_ms=0,total_roam_scan_time_ms=0,total_pno_scan_time_ms=0,total_hotspot_2_scan_time_ms=0,wifi_score=60,wifi_usability_score=-1,seq_num_to_framework=-1,prediction_horizon_sec=-1,total_cca_busy_freq_time_ms=43156,total_radio_on_freq_time_ms=112158,total_beacon_rx=892,probe_status_since_last_update=1,probe_elapsed_time_ms_since_last_update=-1,probe_mcs_rate_since_last_update=-1,rx_link_speed_mbps=1200,seq_num_inside_framework=63,is_same_bssid_and_freq=true,device_mobility_state=0,time_slice_duty_cycle_in_percent=-1,access_category=0,contention_time_min_micros=0,contention_time_max_micros=0,contention_time_avg_micros=0,contention_num_samples=0,access_category=1,contention_time_min_micros=0,contention_time_max_micros=0,contention_time_avg_micros=0,contention_num_samples=0,access_category=2,contention_time_min_micros=0,contention_time_max_micros=0,contention_time_avg_micros=0,contention_num_samples=0,access_category=3,contention_time_min_micros=0,contention_time_max_micros=0,contention_time_avg_micros=0,contention_num_samples=0,channel_utilization_ratio=15,is_throughput_sufficient=true,is_wifi_scoring_enabled=true,is_cellular_data_available=false,sta_count=0,channel_utilization=0
timestamp_ms=215830,rssi=-33,link_speed_mbps=1200,total_tx_success=1888,total_tx_retries=127,total_tx_bad=0,total_rx_success=1389,total_radio_on_time_ms=118540,total_radio_tx_time_ms=1291,total_radio_rx_time_ms=1533,total_scan_time_ms=3286,total_nan_scan_time_ms=0,total_background_scan_time_ms=0,total_roam_scan_time_ms=0,total_pno_scan_time_ms=0,total_hotspot_2_scan_time_ms=0,wifi_score=60,wifi_usability_score=-1,seq_num_to_framework=-1,prediction_horizon_sec=-1,total_cca_busy_freq_time_ms=43768,total_radio_on_freq_time_ms=115053,total_beacon_rx=921,probe_status_since_last_update=1,probe_elapsed_time_ms_since_last_update=-1,probe_mcs_rate_since_last_update=-1,rx_link_speed_mbps=1200,seq_num_inside_framework=64,is_same_bssid_and_freq=true,device_mobility_state=0,time_slice_duty_cycle_in_percent=-1,access_category=0,contention_time_min_micros=0,contention_time_max_micros=0,contention_time_avg_micros=0,contention_num_samples=0,access_category=1,contention_time_min_micros=0,contention_time_max_micros=0,contention_time_avg_micros=0,contention_num_samples=0,access_category=2,contention_time_min_micros=0,contention_time_max_micros=0,contention_time_avg_micros=0,contention_num_samples=0,access_category=3,contention_time_min_micros=0,contention_time_max_micros=0,contention_time_avg_micros=0,contention_num_samples=0,channel_utilization_ratio=15,is_throughput_sufficient=true,is_wifi_scoring_enabled=true,is_cellular_data_available=false,sta_count=0,channel_utilization=0
timestamp_ms=218856,rssi=-36,link_speed_mbps=1200,total_tx_success=1977,total_tx_retries=133,total_tx_bad=0,total_rx_success=1484,total_radio_on_time_ms=121144,total_radio_tx_time_ms=1304,total_radio_rx_time_ms=1558,total_scan_time_ms=3286,total_nan_scan_time_ms=0,total_background_scan_time_ms=0,total_roam_scan_time_ms=0,total_pno_scan_time_ms=0,total_hotspot_2_scan_time_ms=0,wifi_score=60,wifi_usability_score=-1,seq_num_to_framework=-1,prediction_horizon_sec=-1,total_cca_busy_freq_time_ms=44283,total_radio_on_freq_time_ms=117657,total_beacon_rx=951,probe_status_since_last_update=1,probe_elapsed_time_ms_since_last_update=-1,probe_mcs_rate_since_last_update=-1,rx_link_speed_mbps=1200,seq_num_inside_framework=65,is_same_bssid_and_freq=true,device_mobility_state=0,time_slice_duty_cycle_in_percent=-1,access_category=0,contention_time_min_micros=0,contention_time_max_micros=0,contention_time_avg_micros=0,contention_num_samples=0,access_category=1,contention_time_min_micros=0,contention_time_max_micros=0,contention_time_avg_micros=0,contention_num_samples=0,access_category=2,contention_time_min_micros=0,contention_time_max_micros=0,contention_time_avg_micros=0,contention_num_samples=0,access_category=3,contention_time_min_micros=0,contention_time_max_micros=0,contention_time_avg_micros=0,contention_num_samples=0,channel_utilization_ratio=15,is_throughput_sufficient=true,is_wifi_scoring_enabled=true,is_cellular_data_available=false,sta_count=0,channel_utilization=0
timestamp_ms=221890,rssi=-36,link_speed_mbps=1200,total_tx_success=2242,total_tx_retries=142,total_tx_bad=0,total_rx_success=1721,total_radio_on_time_ms=123137,total_radio_tx_time_ms=1340,total_radio_rx_time_ms=1591,total_scan_time_ms=3307,total_nan_scan_time_ms=0,total_background_scan_time_ms=0,total_roam_scan_time_ms=0,total_pno_scan_time_ms=0,total_hotspot_2_scan_time_ms=0,wifi_score=60,wifi_usability_score=-1,seq_num_to_framework=-1,prediction_horizon_sec=-1,total_cca_busy_freq_time_ms=44356,total_radio_on_freq_time_ms=119619,total_beacon_rx=979,probe_status_since_last_update=1,probe_elapsed_time_ms_since_last_update=-1,probe_mcs_rate_since_last_update=-1,rx_link_speed_mbps=1200,seq_num_inside_framework=66,is_same_bssid_and_freq=true,device_mobility_state=0,time_slice_duty_cycle_in_percent=-1,access_category=0,contention_time_min_micros=0,contention_time_max_micros=0,contention_time_avg_micros=0,contention_num_samples=0,access_category=1,contention_time_min_micros=0,contention_time_max_micros=0,contention_time_avg_micros=0,contention_num_samples=0,access_category=2,contention_time_min_micros=0,contention_time_max_micros=0,contention_time_avg_micros=0,contention_num_samples=0,access_category=3,contention_time_min_micros=0,contention_time_max_micros=0,contention_time_avg_micros=0,contention_num_samples=0,channel_utilization_ratio=15,is_throughput_sufficient=true,is_wifi_scoring_enabled=true,is_cellular_data_available=false,sta_count=0,channel_utilization=0
timestamp_ms=224911,rssi=-35,link_speed_mbps=1200,total_tx_success=2844,total_tx_retries=169,total_tx_bad=0,total_rx_success=2425,total_radio_on_time_ms=126074,total_radio_tx_time_ms=1414,total_radio_rx_time_ms=1664,total_scan_time_ms=3594,total_nan_scan_time_ms=0,total_background_scan_time_ms=0,total_roam_scan_time_ms=0,total_pno_scan_time_ms=0,total_hotspot_2_scan_time_ms=0,wifi_score=60,wifi_usability_score=-1,seq_num_to_framework=-1,prediction_horizon_sec=-1,total_cca_busy_freq_time_ms=44513,total_radio_on_freq_time_ms=122202,total_beacon_rx=1006,probe_status_since_last_update=1,probe_elapsed_time_ms_since_last_update=-1,probe_mcs_rate_since_last_update=-1,rx_link_speed_mbps=1200,seq_num_inside_framework=67,is_same_bssid_and_freq=true,device_mobility_state=0,time_slice_duty_cycle_in_percent=-1,access_category=0,contention_time_min_micros=0,contention_time_max_micros=0,contention_time_avg_micros=0,contention_num_samples=0,access_category=1,contention_time_min_micros=0,contention_time_max_micros=0,contention_time_avg_micros=0,contention_num_samples=0,access_category=2,contention_time_min_micros=0,contention_time_max_micros=0,contention_time_avg_micros=0,contention_num_samples=0,access_category=3,contention_time_min_micros=0,contention_time_max_micros=0,contention_time_avg_micros=0,contention_num_samples=0,channel_utilization_ratio=15,is_throughput_sufficient=true,is_wifi_scoring_enabled=true,is_cellular_data_available=false,sta_count=0,channel_utilization=0
timestamp_ms=227919,rssi=-37,link_speed_mbps=1200,total_tx_success=3026,total_tx_retries=184,total_tx_bad=0,total_rx_success=2608,total_radio_on_time_ms=128780,total_radio_tx_time_ms=1442,total_radio_rx_time_ms=1700,total_scan_time_ms=3679,total_nan_scan_time_ms=0,total_background_scan_time_ms=0,total_roam_scan_time_ms=0,total_pno_scan_time_ms=0,total_hotspot_2_scan_time_ms=0,wifi_score=60,wifi_usability_score=-1,seq_num_to_framework=-1,prediction_horizon_sec=-1,total_cca_busy_freq_time_ms=44603,total_radio_on_freq_time_ms=124780,total_beacon_rx=1034,probe_status_since_last_update=1,probe_elapsed_time_ms_since_last_update=-1,probe_mcs_rate_since_last_update=-1,rx_link_speed_mbps=1200,seq_num_inside_framework=68,is_same_bssid_and_freq=true,device_mobility_state=0,time_slice_duty_cycle_in_percent=-1,access_category=0,contention_time_min_micros=0,contention_time_max_micros=0,contention_time_avg_micros=0,contention_num_samples=0,access_category=1,contention_time_min_micros=0,contention_time_max_micros=0,contention_time_avg_micros=0,contention_num_samples=0,access_category=2,contention_time_min_micros=0,contention_time_max_micros=0,contention_time_avg_micros=0,contention_num_samples=0,access_category=3,contention_time_min_micros=0,contention_time_max_micros=0,contention_time_avg_micros=0,contention_num_samples=0,channel_utilization_ratio=15,is_throughput_sufficient=true,is_wifi_scoring_enabled=true,is_cellular_data_available=false,sta_count=0,channel_utilization=0
timestamp_ms=230939,rssi=-39,link_speed_mbps=1200,total_tx_success=3090,total_tx_retries=191,total_tx_bad=0,total_rx_success=2678,total_radio_on_time_ms=131527,total_radio_tx_time_ms=1453,total_radio_rx_time_ms=1728,total_scan_time_ms=3893,total_nan_scan_time_ms=0,total_background_scan_time_ms=0,total_roam_scan_time_ms=0,total_pno_scan_time_ms=0,total_hotspot_2_scan_time_ms=0,wifi_score=60,wifi_usability_score=-1,seq_num_to_framework=-1,prediction_horizon_sec=-1,total_cca_busy_freq_time_ms=44662,total_radio_on_freq_time_ms=127281,total_beacon_rx=1061,probe_status_since_last_update=1,probe_elapsed_time_ms_since_last_update=-1,probe_mcs_rate_since_last_update=-1,rx_link_speed_mbps=1200,seq_num_inside_framework=69,is_same_bssid_and_freq=true,device_mobility_state=0,time_slice_duty_cycle_in_percent=-1,access_category=0,contention_time_min_micros=0,contention_time_max_micros=0,contention_time_avg_micros=0,contention_num_samples=0,access_category=1,contention_time_min_micros=0,contention_time_max_micros=0,contention_time_avg_micros=0,contention_num_samples=0,access_category=2,contention_time_min_micros=0,contention_time_max_micros=0,contention_time_avg_micros=0,contention_num_samples=0,access_category=3,contention_time_min_micros=0,contention_time_max_micros=0,contention_time_avg_micros=0,contention_num_samples=0,channel_utilization_ratio=15,is_throughput_sufficient=true,is_wifi_scoring_enabled=true,is_cellular_data_available=false,sta_count=0,channel_utilization=0
timestamp_ms=233961,rssi=-40,link_speed_mbps=1200,total_tx_success=3145,total_tx_retries=191,total_tx_bad=0,total_rx_success=2719,total_radio_on_time_ms=133816,total_radio_tx_time_ms=1461,total_radio_rx_time_ms=1748,total_scan_time_ms=3893,total_nan_scan_time_ms=0,total_background_scan_time_ms=0,total_roam_scan_time_ms=0,total_pno_scan_time_ms=0,total_hotspot_2_scan_time_ms=0,wifi_score=60,wifi_usability_score=-1,seq_num_to_framework=-1,prediction_horizon_sec=-1,total_cca_busy_freq_time_ms=44707,total_radio_on_freq_time_ms=129570,total_beacon_rx=1090,probe_status_since_last_update=1,probe_elapsed_time_ms_since_last_update=-1,probe_mcs_rate_since_last_update=-1,rx_link_speed_mbps=1200,seq_num_inside_framework=70,is_same_bssid_and_freq=true,device_mobility_state=0,time_slice_duty_cycle_in_percent=-1,access_category=0,contention_time_min_micros=0,contention_time_max_micros=0,contention_time_avg_micros=0,contention_num_samples=0,access_category=1,contention_time_min_micros=0,contention_time_max_micros=0,contention_time_avg_micros=0,contention_num_samples=0,access_category=2,contention_time_min_micros=0,contention_time_max_micros=0,contention_time_avg_micros=0,contention_num_samples=0,access_category=3,contention_time_min_micros=0,contention_time_max_micros=0,contention_time_avg_micros=0,contention_num_samples=0,channel_utilization_ratio=15,is_throughput_sufficient=true,is_wifi_scoring_enabled=true,is_cellular_data_available=false,sta_count=0,channel_utilization=0
timestamp_ms=236982,rssi=-33,link_speed_mbps=1200,total_tx_success=3167,total_tx_retries=192,total_tx_bad=0,total_rx_success=2738,total_radio_on_time_ms=134990,total_radio_tx_time_ms=1469,total_radio_rx_time_ms=1769,total_scan_time_ms=3893,total_nan_scan_time_ms=0,total_background_scan_time_ms=0,total_roam_scan_time_ms=0,total_pno_scan_time_ms=0,total_hotspot_2_scan_time_ms=0,wifi_score=60,wifi_usability_score=-1,seq_num_to_framework=-1,prediction_horizon_sec=-1,total_cca_busy_freq_time_ms=44732,total_radio_on_freq_time_ms=130744,total_beacon_rx=1119,probe_status_since_last_update=1,probe_elapsed_time_ms_since_last_update=-1,probe_mcs_rate_since_last_update=-1,rx_link_speed_mbps=1200,seq_num_inside_framework=71,is_same_bssid_and_freq=true,device_mobility_state=0,time_slice_duty_cycle_in_percent=-1,access_category=0,contention_time_min_micros=0,contention_time_max_micros=0,contention_time_avg_micros=0,contention_num_samples=0,access_category=1,contention_time_min_micros=0,contention_time_max_micros=0,contention_time_avg_micros=0,contention_num_samples=0,access_category=2,contention_time_min_micros=0,contention_time_max_micros=0,contention_time_avg_micros=0,contention_num_samples=0,access_category=3,contention_time_min_micros=0,contention_time_max_micros=0,contention_time_avg_micros=0,contention_num_samples=0,channel_utilization_ratio=15,is_throughput_sufficient=true,is_wifi_scoring_enabled=true,is_cellular_data_available=false,sta_count=0,channel_utilization=0
timestamp_ms=240001,rssi=-32,link_speed_mbps=1200,total_tx_success=3187,total_tx_retries=192,total_tx_bad=0,total_rx_success=2759,total_radio_on_time_ms=135996,total_radio_tx_time_ms=1474,total_radio_rx_time_ms=1778,total_scan_time_ms=3893,total_nan_scan_time_ms=0,total_background_scan_time_ms=0,total_roam_scan_time_ms=0,total_pno_scan_time_ms=0,total_hotspot_2_scan_time_ms=0,wifi_score=60,wifi_usability_score=-1,seq_num_to_framework=-1,prediction_horizon_sec=-1,total_cca_busy_freq_time_ms=44763,total_radio_on_freq_time_ms=131750,total_beacon_rx=1147,probe_status_since_last_update=1,probe_elapsed_time_ms_since_last_update=-1,probe_mcs_rate_since_last_update=-1,rx_link_speed_mbps=1200,seq_num_inside_framework=72,is_same_bssid_and_freq=true,device_mobility_state=0,time_slice_duty_cycle_in_percent=-1,access_category=0,contention_time_min_micros=0,contention_time_max_micros=0,contention_time_avg_micros=0,contention_num_samples=0,access_category=1,contention_time_min_micros=0,contention_time_max_micros=0,contention_time_avg_micros=0,contention_num_samples=0,access_category=2,contention_time_min_micros=0,contention_time_max_micros=0,contention_time_avg_micros=0,contention_num_samples=0,access_category=3,contention_time_min_micros=0,contention_time_max_micros=0,contention_time_avg_micros=0,contention_num_samples=0,channel_utilization_ratio=15,is_throughput_sufficient=true,is_wifi_scoring_enabled=true,is_cellular_data_available=false,sta_count=0,channel_utilization=0
timestamp_ms=243013,rssi=-33,link_speed_mbps=1200,total_tx_success=3204,total_tx_retries=192,total_tx_bad=0,total_rx_success=2770,total_radio_on_time_ms=136729,total_radio_tx_time_ms=1479,total_radio_rx_time_ms=1788,total_scan_time_ms=3893,total_nan_scan_time_ms=0,total_background_scan_time_ms=0,total_roam_scan_time_ms=0,total_pno_scan_time_ms=0,total_hotspot_2_scan_time_ms=0,wifi_score=60,wifi_usability_score=-1,seq_num_to_framework=-1,prediction_horizon_sec=-1,total_cca_busy_freq_time_ms=44769,total_radio_on_freq_time_ms=132483,total_beacon_rx=1175,probe_status_since_last_update=1,probe_elapsed_time_ms_since_last_update=-1,probe_mcs_rate_since_last_update=-1,rx_link_speed_mbps=1200,seq_num_inside_framework=73,is_same_bssid_and_freq=true,device_mobility_state=0,time_slice_duty_cycle_in_percent=-1,access_category=0,contention_time_min_micros=0,contention_time_max_micros=0,contention_time_avg_micros=0,contention_num_samples=0,access_category=1,contention_time_min_micros=0,contention_time_max_micros=0,contention_time_avg_micros=0,contention_num_samples=0,access_category=2,contention_time_min_micros=0,contention_time_max_micros=0,contention_time_avg_micros=0,contention_num_samples=0,access_category=3,contention_time_min_micros=0,contention_time_max_micros=0,contention_time_avg_micros=0,contention_num_samples=0,channel_utilization_ratio=15,is_throughput_sufficient=true,is_wifi_scoring_enabled=true,is_cellular_data_available=false,sta_count=0,channel_utilization=0
timestamp_ms=246024,rssi=-34,link_speed_mbps=1200,total_tx_success=3230,total_tx_retries=192,total_tx_bad=0,total_rx_success=2799,total_radio_on_time_ms=137636,total_radio_tx_time_ms=1486,total_radio_rx_time_ms=1798,total_scan_time_ms=3893,total_nan_scan_time_ms=0,total_background_scan_time_ms=0,total_roam_scan_time_ms=0,total_pno_scan_time_ms=0,total_hotspot_2_scan_time_ms=0,wifi_score=60,wifi_usability_score=-1,seq_num_to_framework=-1,prediction_horizon_sec=-1,total_cca_busy_freq_time_ms=44781,total_radio_on_freq_time_ms=133390,total_beacon_rx=1204,probe_status_since_last_update=1,probe_elapsed_time_ms_since_last_update=-1,probe_mcs_rate_since_last_update=-1,rx_link_speed_mbps=1200,seq_num_inside_framework=74,is_same_bssid_and_freq=true,device_mobility_state=0,time_slice_duty_cycle_in_percent=-1,access_category=0,contention_time_min_micros=0,contention_time_max_micros=0,contention_time_avg_micros=0,contention_num_samples=0,access_category=1,contention_time_min_micros=0,contention_time_max_micros=0,contention_time_avg_micros=0,contention_num_samples=0,access_category=2,contention_time_min_micros=0,contention_time_max_micros=0,contention_time_avg_micros=0,contention_num_samples=0,access_category=3,contention_time_min_micros=0,contention_time_max_micros=0,contention_time_avg_micros=0,contention_num_samples=0,channel_utilization_ratio=15,is_throughput_sufficient=true,is_wifi_scoring_enabled=true,is_cellular_data_available=false,sta_count=0,channel_utilization=0
timestamp_ms=249042,rssi=-34,link_speed_mbps=1200,total_tx_success=3247,total_tx_retries=197,total_tx_bad=0,total_rx_success=2819,total_radio_on_time_ms=138856,total_radio_tx_time_ms=1495,total_radio_rx_time_ms=1810,total_scan_time_ms=3893,total_nan_scan_time_ms=0,total_background_scan_time_ms=0,total_roam_scan_time_ms=0,total_pno_scan_time_ms=0,total_hotspot_2_scan_time_ms=0,wifi_score=60,wifi_usability_score=-1,seq_num_to_framework=-1,prediction_horizon_sec=-1,total_cca_busy_freq_time_ms=44798,total_radio_on_freq_time_ms=134610,total_beacon_rx=1232,probe_status_since_last_update=1,probe_elapsed_time_ms_since_last_update=-1,probe_mcs_rate_since_last_update=-1,rx_link_speed_mbps=1200,seq_num_inside_framework=75,is_same_bssid_and_freq=true,device_mobility_state=0,time_slice_duty_cycle_in_percent=-1,access_category=0,contention_time_min_micros=0,contention_time_max_micros=0,contention_time_avg_micros=0,contention_num_samples=0,access_category=1,contention_time_min_micros=0,contention_time_max_micros=0,contention_time_avg_micros=0,contention_num_samples=0,access_category=2,contention_time_min_micros=0,contention_time_max_micros=0,contention_time_avg_micros=0,contention_num_samples=0,access_category=3,contention_time_min_micros=0,contention_time_max_micros=0,contention_time_avg_micros=0,contention_num_samples=0,channel_utilization_ratio=15,is_throughput_sufficient=true,is_wifi_scoring_enabled=true,is_cellular_data_available=false,sta_count=0,channel_utilization=0
timestamp_ms=252054,rssi=-33,link_speed_mbps=1200,total_tx_success=3261,total_tx_retries=197,total_tx_bad=0,total_rx_success=2833,total_radio_on_time_ms=139815,total_radio_tx_time_ms=1502,total_radio_rx_time_ms=1817,total_scan_time_ms=3893,total_nan_scan_time_ms=0,total_background_scan_time_ms=0,total_roam_scan_time_ms=0,total_pno_scan_time_ms=0,total_hotspot_2_scan_time_ms=0,wifi_score=60,wifi_usability_score=-1,seq_num_to_framework=-1,prediction_horizon_sec=-1,total_cca_busy_freq_time_ms=44805,total_radio_on_freq_time_ms=135569,total_beacon_rx=1262,probe_status_since_last_update=1,probe_elapsed_time_ms_since_last_update=-1,probe_mcs_rate_since_last_update=-1,rx_link_speed_mbps=1200,seq_num_inside_framework=76,is_same_bssid_and_freq=true,device_mobility_state=0,time_slice_duty_cycle_in_percent=-1,access_category=0,contention_time_min_micros=0,contention_time_max_micros=0,contention_time_avg_micros=0,contention_num_samples=0,access_category=1,contention_time_min_micros=0,contention_time_max_micros=0,contention_time_avg_micros=0,contention_num_samples=0,access_category=2,contention_time_min_micros=0,contention_time_max_micros=0,contention_time_avg_micros=0,contention_num_samples=0,access_category=3,contention_time_min_micros=0,contention_time_max_micros=0,contention_time_avg_micros=0,contention_num_samples=0,channel_utilization_ratio=15,is_throughput_sufficient=true,is_wifi_scoring_enabled=true,is_cellular_data_available=false,sta_count=0,channel_utilization=0
timestamp_ms=255068,rssi=-31,link_speed_mbps=1200,total_tx_success=3289,total_tx_retries=205,total_tx_bad=0,total_rx_success=2862,total_radio_on_time_ms=141228,total_radio_tx_time_ms=1512,total_radio_rx_time_ms=1833,total_scan_time_ms=3893,total_nan_scan_time_ms=0,total_background_scan_time_ms=0,total_roam_scan_time_ms=0,total_pno_scan_time_ms=0,total_hotspot_2_scan_time_ms=0,wifi_score=60,wifi_usability_score=-1,seq_num_to_framework=-1,prediction_horizon_sec=-1,total_cca_busy_freq_time_ms=44850,total_radio_on_freq_time_ms=136982,total_beacon_rx=1291,probe_status_since_last_update=1,probe_elapsed_time_ms_since_last_update=-1,probe_mcs_rate_since_last_update=-1,rx_link_speed_mbps=1200,seq_num_inside_framework=77,is_same_bssid_and_freq=true,device_mobility_state=0,time_slice_duty_cycle_in_percent=-1,access_category=0,contention_time_min_micros=0,contention_time_max_micros=0,contention_time_avg_micros=0,contention_num_samples=0,access_category=1,contention_time_min_micros=0,contention_time_max_micros=0,contention_time_avg_micros=0,contention_num_samples=0,access_category=2,contention_time_min_micros=0,contention_time_max_micros=0,contention_time_avg_micros=0,contention_num_samples=0,access_category=3,contention_time_min_micros=0,contention_time_max_micros=0,contention_time_avg_micros=0,contention_num_samples=0,channel_utilization_ratio=15,is_throughput_sufficient=true,is_wifi_scoring_enabled=true,is_cellular_data_available=false,sta_count=0,channel_utilization=0
timestamp_ms=258079,rssi=-33,link_speed_mbps=1200,total_tx_success=3320,total_tx_retries=205,total_tx_bad=0,total_rx_success=2890,total_radio_on_time_ms=142654,total_radio_tx_time_ms=1520,total_radio_rx_time_ms=1845,total_scan_time_ms=3893,total_nan_scan_time_ms=0,total_background_scan_time_ms=0,total_roam_scan_time_ms=0,total_pno_scan_time_ms=0,total_hotspot_2_scan_time_ms=0,wifi_score=60,wifi_usability_score=-1,seq_num_to_framework=-1,prediction_horizon_sec=-1,total_cca_busy_freq_time_ms=44871,total_radio_on_freq_time_ms=138408,total_beacon_rx=1321,probe_status_since_last_update=1,probe_elapsed_time_ms_since_last_update=-1,probe_mcs_rate_since_last_update=-1,rx_link_speed_mbps=1200,seq_num_inside_framework=78,is_same_bssid_and_freq=true,device_mobility_state=0,time_slice_duty_cycle_in_percent=-1,access_category=0,contention_time_min_micros=0,contention_time_max_micros=0,contention_time_avg_micros=0,contention_num_samples=0,access_category=1,contention_time_min_micros=0,contention_time_max_micros=0,contention_time_avg_micros=0,contention_num_samples=0,access_category=2,contention_time_min_micros=0,contention_time_max_micros=0,contention_time_avg_micros=0,contention_num_samples=0,access_category=3,contention_time_min_micros=0,contention_time_max_micros=0,contention_time_avg_micros=0,contention_num_samples=0,channel_utilization_ratio=15,is_throughput_sufficient=true,is_wifi_scoring_enabled=true,is_cellular_data_available=false,sta_count=0,channel_utilization=0
timestamp_ms=261097,rssi=-33,link_speed_mbps=1200,total_tx_success=3343,total_tx_retries=206,total_tx_bad=0,total_rx_success=2916,total_radio_on_time_ms=143752,total_radio_tx_time_ms=1527,total_radio_rx_time_ms=1863,total_scan_time_ms=3893,total_nan_scan_time_ms=0,total_background_scan_time_ms=0,total_roam_scan_time_ms=0,total_pno_scan_time_ms=0,total_hotspot_2_scan_time_ms=0,wifi_score=60,wifi_usability_score=-1,seq_num_to_framework=-1,prediction_horizon_sec=-1,total_cca_busy_freq_time_ms=44889,total_radio_on_freq_time_ms=139506,total_beacon_rx=1350,probe_status_since_last_update=1,probe_elapsed_time_ms_since_last_update=-1,probe_mcs_rate_since_last_update=-1,rx_link_speed_mbps=1200,seq_num_inside_framework=79,is_same_bssid_and_freq=true,device_mobility_state=0,time_slice_duty_cycle_in_percent=-1,access_category=0,contention_time_min_micros=0,contention_time_max_micros=0,contention_time_avg_micros=0,contention_num_samples=0,access_category=1,contention_time_min_micros=0,contention_time_max_micros=0,contention_time_avg_micros=0,contention_num_samples=0,access_category=2,contention_time_min_micros=0,contention_time_max_micros=0,contention_time_avg_micros=0,contention_num_samples=0,access_category=3,contention_time_min_micros=0,contention_time_max_micros=0,contention_time_avg_micros=0,contention_num_samples=0,channel_utilization_ratio=15,is_throughput_sufficient=true,is_wifi_scoring_enabled=true,is_cellular_data_available=false,sta_count=0,channel_utilization=0
timestamp_ms=264116,rssi=-33,link_speed_mbps=1200,total_tx_success=3362,total_tx_retries=207,total_tx_bad=0,total_rx_success=2934,total_radio_on_time_ms=144776,total_radio_tx_time_ms=1534,total_radio_rx_time_ms=1874,total_scan_time_ms=3893,total_nan_scan_time_ms=0,total_background_scan_time_ms=0,total_roam_scan_time_ms=0,total_pno_scan_time_ms=0,total_hotspot_2_scan_time_ms=0,wifi_score=60,wifi_usability_score=-1,seq_num_to_framework=-1,prediction_horizon_sec=-1,total_cca_busy_freq_time_ms=44934,total_radio_on_freq_time_ms=140530,total_beacon_rx=1378,probe_status_since_last_update=1,probe_elapsed_time_ms_since_last_update=-1,probe_mcs_rate_since_last_update=-1,rx_link_speed_mbps=1200,seq_num_inside_framework=80,is_same_bssid_and_freq=true,device_mobility_state=0,time_slice_duty_cycle_in_percent=-1,access_category=0,contention_time_min_micros=0,contention_time_max_micros=0,contention_time_avg_micros=0,contention_num_samples=0,access_category=1,contention_time_min_micros=0,contention_time_max_micros=0,contention_time_avg_micros=0,contention_num_samples=0,access_category=2,contention_time_min_micros=0,contention_time_max_micros=0,contention_time_avg_micros=0,contention_num_samples=0,access_category=3,contention_time_min_micros=0,contention_time_max_micros=0,contention_time_avg_micros=0,contention_num_samples=0,channel_utilization_ratio=15,is_throughput_sufficient=true,is_wifi_scoring_enabled=true,is_cellular_data_available=false,sta_count=0,channel_utilization=0
timestamp_ms=267148,rssi=-34,link_speed_mbps=1200,total_tx_success=3368,total_tx_retries=207,total_tx_bad=0,total_rx_success=2939,total_radio_on_time_ms=145272,total_radio_tx_time_ms=1536,total_radio_rx_time_ms=1886,total_scan_time_ms=3893,total_nan_scan_time_ms=0,total_background_scan_time_ms=0,total_roam_scan_time_ms=0,total_pno_scan_time_ms=0,total_hotspot_2_scan_time_ms=0,wifi_score=60,wifi_usability_score=-1,seq_num_to_framework=-1,prediction_horizon_sec=-1,total_cca_busy_freq_time_ms=44948,total_radio_on_freq_time_ms=141026,total_beacon_rx=1406,probe_status_since_last_update=1,probe_elapsed_time_ms_since_last_update=-1,probe_mcs_rate_since_last_update=-1,rx_link_speed_mbps=1200,seq_num_inside_framework=81,is_same_bssid_and_freq=true,device_mobility_state=0,time_slice_duty_cycle_in_percent=-1,access_category=0,contention_time_min_micros=0,contention_time_max_micros=0,contention_time_avg_micros=0,contention_num_samples=0,access_category=1,contention_time_min_micros=0,contention_time_max_micros=0,contention_time_avg_micros=0,contention_num_samples=0,access_category=2,contention_time_min_micros=0,contention_time_max_micros=0,contention_time_avg_micros=0,contention_num_samples=0,access_category=3,contention_time_min_micros=0,contention_time_max_micros=0,contention_time_avg_micros=0,contention_num_samples=0,channel_utilization_ratio=15,is_throughput_sufficient=true,is_wifi_scoring_enabled=true,is_cellular_data_available=false,sta_count=0,channel_utilization=0
timestamp_ms=270172,rssi=-35,link_speed_mbps=1200,total_tx_success=3380,total_tx_retries=208,total_tx_bad=0,total_rx_success=2952,total_radio_on_time_ms=146084,total_radio_tx_time_ms=1542,total_radio_rx_time_ms=1893,total_scan_time_ms=3893,total_nan_scan_time_ms=0,total_background_scan_time_ms=0,total_roam_scan_time_ms=0,total_pno_scan_time_ms=0,total_hotspot_2_scan_time_ms=0,wifi_score=60,wifi_usability_score=-1,seq_num_to_framework=-1,prediction_horizon_sec=-1,total_cca_busy_freq_time_ms=44962,total_radio_on_freq_time_ms=141838,total_beacon_rx=1433,probe_status_since_last_update=1,probe_elapsed_time_ms_since_last_update=-1,probe_mcs_rate_since_last_update=-1,rx_link_speed_mbps=1200,seq_num_inside_framework=82,is_same_bssid_and_freq=true,device_mobility_state=0,time_slice_duty_cycle_in_percent=-1,access_category=0,contention_time_min_micros=0,contention_time_max_micros=0,contention_time_avg_micros=0,contention_num_samples=0,access_category=1,contention_time_min_micros=0,contention_time_max_micros=0,contention_time_avg_micros=0,contention_num_samples=0,access_category=2,contention_time_min_micros=0,contention_time_max_micros=0,contention_time_avg_micros=0,contention_num_samples=0,access_category=3,contention_time_min_micros=0,contention_time_max_micros=0,contention_time_avg_micros=0,contention_num_samples=0,channel_utilization_ratio=15,is_throughput_sufficient=true,is_wifi_scoring_enabled=true,is_cellular_data_available=false,sta_count=0,channel_utilization=0
timestamp_ms=273191,rssi=-32,link_speed_mbps=1200,total_tx_success=3453,total_tx_retries=214,total_tx_bad=0,total_rx_success=3023,total_radio_on_time_ms=146907,total_radio_tx_time_ms=1552,total_radio_rx_time_ms=1908,total_scan_time_ms=3893,total_nan_scan_time_ms=0,total_background_scan_time_ms=0,total_roam_scan_time_ms=0,total_pno_scan_time_ms=0,total_hotspot_2_scan_time_ms=0,wifi_score=60,wifi_usability_score=-1,seq_num_to_framework=-1,prediction_horizon_sec=-1,total_cca_busy_freq_time_ms=45050,total_radio_on_freq_time_ms=142661,total_beacon_rx=1457,probe_status_since_last_update=1,probe_elapsed_time_ms_since_last_update=-1,probe_mcs_rate_since_last_update=-1,rx_link_speed_mbps=1200,seq_num_inside_framework=83,is_same_bssid_and_freq=true,device_mobility_state=0,time_slice_duty_cycle_in_percent=-1,access_category=0,contention_time_min_micros=0,contention_time_max_micros=0,contention_time_avg_micros=0,contention_num_samples=0,access_category=1,contention_time_min_micros=0,contention_time_max_micros=0,contention_time_avg_micros=0,contention_num_samples=0,access_category=2,contention_time_min_micros=0,contention_time_max_micros=0,contention_time_avg_micros=0,contention_num_samples=0,access_category=3,contention_time_min_micros=0,contention_time_max_micros=0,contention_time_avg_micros=0,contention_num_samples=0,channel_utilization_ratio=15,is_throughput_sufficient=true,is_wifi_scoring_enabled=true,is_cellular_data_available=false,sta_count=0,channel_utilization=0
timestamp_ms=276210,rssi=-33,link_speed_mbps=1200,total_tx_success=3462,total_tx_retries=214,total_tx_bad=0,total_rx_success=3032,total_radio_on_time_ms=147419,total_radio_tx_time_ms=1555,total_radio_rx_time_ms=1915,total_scan_time_ms=3893,total_nan_scan_time_ms=0,total_background_scan_time_ms=0,total_roam_scan_time_ms=0,total_pno_scan_time_ms=0,total_hotspot_2_scan_time_ms=0,wifi_score=60,wifi_usability_score=-1,seq_num_to_framework=-1,prediction_horizon_sec=-1,total_cca_busy_freq_time_ms=45069,total_radio_on_freq_time_ms=143173,total_beacon_rx=1487,probe_status_since_last_update=1,probe_elapsed_time_ms_since_last_update=-1,probe_mcs_rate_since_last_update=-1,rx_link_speed_mbps=1200,seq_num_inside_framework=84,is_same_bssid_and_freq=true,device_mobility_state=0,time_slice_duty_cycle_in_percent=-1,access_category=0,contention_time_min_micros=0,contention_time_max_micros=0,contention_time_avg_micros=0,contention_num_samples=0,access_category=1,contention_time_min_micros=0,contention_time_max_micros=0,contention_time_avg_micros=0,contention_num_samples=0,access_category=2,contention_time_min_micros=0,contention_time_max_micros=0,contention_time_avg_micros=0,contention_num_samples=0,access_category=3,contention_time_min_micros=0,contention_time_max_micros=0,contention_time_avg_micros=0,contention_num_samples=0,channel_utilization_ratio=15,is_throughput_sufficient=true,is_wifi_scoring_enabled=true,is_cellular_data_available=false,sta_count=0,channel_utilization=0
timestamp_ms=279219,rssi=-29,link_speed_mbps=1200,total_tx_success=3479,total_tx_retries=215,total_tx_bad=0,total_rx_success=3050,total_radio_on_time_ms=148338,total_radio_tx_time_ms=1561,total_radio_rx_time_ms=1923,total_scan_time_ms=3893,total_nan_scan_time_ms=0,total_background_scan_time_ms=0,total_roam_scan_time_ms=0,total_pno_scan_time_ms=0,total_hotspot_2_scan_time_ms=0,wifi_score=60,wifi_usability_score=-1,seq_num_to_framework=-1,prediction_horizon_sec=-1,total_cca_busy_freq_time_ms=45106,total_radio_on_freq_time_ms=144092,total_beacon_rx=1512,probe_status_since_last_update=1,probe_elapsed_time_ms_since_last_update=-1,probe_mcs_rate_since_last_update=-1,rx_link_speed_mbps=1200,seq_num_inside_framework=85,is_same_bssid_and_freq=true,device_mobility_state=0,time_slice_duty_cycle_in_percent=-1,access_category=0,contention_time_min_micros=0,contention_time_max_micros=0,contention_time_avg_micros=0,contention_num_samples=0,access_category=1,contention_time_min_micros=0,contention_time_max_micros=0,contention_time_avg_micros=0,contention_num_samples=0,access_category=2,contention_time_min_micros=0,contention_time_max_micros=0,contention_time_avg_micros=0,contention_num_samples=0,access_category=3,contention_time_min_micros=0,contention_time_max_micros=0,contention_time_avg_micros=0,contention_num_samples=0,channel_utilization_ratio=15,is_throughput_sufficient=true,is_wifi_scoring_enabled=true,is_cellular_data_available=false,sta_count=0,channel_utilization=0
timestamp_ms=282240,rssi=-29,link_speed_mbps=1200,total_tx_success=3491,total_tx_retries=215,total_tx_bad=0,total_rx_success=3061,total_radio_on_time_ms=149226,total_radio_tx_time_ms=1566,total_radio_rx_time_ms=1936,total_scan_time_ms=3893,total_nan_scan_time_ms=0,total_background_scan_time_ms=0,total_roam_scan_time_ms=0,total_pno_scan_time_ms=0,total_hotspot_2_scan_time_ms=0,wifi_score=60,wifi_usability_score=-1,seq_num_to_framework=-1,prediction_horizon_sec=-1,total_cca_busy_freq_time_ms=45154,total_radio_on_freq_time_ms=144980,total_beacon_rx=1541,probe_status_since_last_update=1,probe_elapsed_time_ms_since_last_update=-1,probe_mcs_rate_since_last_update=-1,rx_link_speed_mbps=1200,seq_num_inside_framework=86,is_same_bssid_and_freq=true,device_mobility_state=0,time_slice_duty_cycle_in_percent=-1,access_category=0,contention_time_min_micros=0,contention_time_max_micros=0,contention_time_avg_micros=0,contention_num_samples=0,access_category=1,contention_time_min_micros=0,contention_time_max_micros=0,contention_time_avg_micros=0,contention_num_samples=0,access_category=2,contention_time_min_micros=0,contention_time_max_micros=0,contention_time_avg_micros=0,contention_num_samples=0,access_category=3,contention_time_min_micros=0,contention_time_max_micros=0,contention_time_avg_micros=0,contention_num_samples=0,channel_utilization_ratio=15,is_throughput_sufficient=true,is_wifi_scoring_enabled=true,is_cellular_data_available=false,sta_count=0,channel_utilization=0
timestamp_ms=285255,rssi=-30,link_speed_mbps=1200,total_tx_success=3495,total_tx_retries=215,total_tx_bad=0,total_rx_success=3066,total_radio_on_time_ms=149589,total_radio_tx_time_ms=1568,total_radio_rx_time_ms=1942,total_scan_time_ms=3893,total_nan_scan_time_ms=0,total_background_scan_time_ms=0,total_roam_scan_time_ms=0,total_pno_scan_time_ms=0,total_hotspot_2_scan_time_ms=0,wifi_score=60,wifi_usability_score=-1,seq_num_to_framework=-1,prediction_horizon_sec=-1,total_cca_busy_freq_time_ms=45160,total_radio_on_freq_time_ms=145343,total_beacon_rx=1569,probe_status_since_last_update=1,probe_elapsed_time_ms_since_last_update=-1,probe_mcs_rate_since_last_update=-1,rx_link_speed_mbps=1200,seq_num_inside_framework=87,is_same_bssid_and_freq=true,device_mobility_state=0,time_slice_duty_cycle_in_percent=-1,access_category=0,contention_time_min_micros=0,contention_time_max_micros=0,contention_time_avg_micros=0,contention_num_samples=0,access_category=1,contention_time_min_micros=0,contention_time_max_micros=0,contention_time_avg_micros=0,contention_num_samples=0,access_category=2,contention_time_min_micros=0,contention_time_max_micros=0,contention_time_avg_micros=0,contention_num_samples=0,access_category=3,contention_time_min_micros=0,contention_time_max_micros=0,contention_time_avg_micros=0,contention_num_samples=0,channel_utilization_ratio=15,is_throughput_sufficient=true,is_wifi_scoring_enabled=true,is_cellular_data_available=false,sta_count=0,channel_utilization=0
timestamp_ms=288269,rssi=-30,link_speed_mbps=1200,total_tx_success=3502,total_tx_retries=215,total_tx_bad=0,total_rx_success=3073,total_radio_on_time_ms=150081,total_radio_tx_time_ms=1570,total_radio_rx_time_ms=1952,total_scan_time_ms=3979,total_nan_scan_time_ms=0,total_background_scan_time_ms=0,total_roam_scan_time_ms=0,total_pno_scan_time_ms=0,total_hotspot_2_scan_time_ms=0,wifi_score=60,wifi_usability_score=-1,seq_num_to_framework=-1,prediction_horizon_sec=-1,total_cca_busy_freq_time_ms=45170,total_radio_on_freq_time_ms=145835,total_beacon_rx=1598,probe_status_since_last_update=1,probe_elapsed_time_ms_since_last_update=-1,probe_mcs_rate_since_last_update=-1,rx_link_speed_mbps=1200,seq_num_inside_framework=88,is_same_bssid_and_freq=true,device_mobility_state=0,time_slice_duty_cycle_in_percent=-1,access_category=0,contention_time_min_micros=0,contention_time_max_micros=0,contention_time_avg_micros=0,contention_num_samples=0,access_category=1,contention_time_min_micros=0,contention_time_max_micros=0,contention_time_avg_micros=0,contention_num_samples=0,access_category=2,contention_time_min_micros=0,contention_time_max_micros=0,contention_time_avg_micros=0,contention_num_samples=0,access_category=3,contention_time_min_micros=0,contention_time_max_micros=0,contention_time_avg_micros=0,contention_num_samples=0,channel_utilization_ratio=15,is_throughput_sufficient=true,is_wifi_scoring_enabled=true,is_cellular_data_available=false,sta_count=0,channel_utilization=0
timestamp_ms=291288,rssi=-30,link_speed_mbps=1200,total_tx_success=3529,total_tx_retries=215,total_tx_bad=0,total_rx_success=3096,total_radio_on_time_ms=151295,total_radio_tx_time_ms=1577,total_radio_rx_time_ms=1963,total_scan_time_ms=3979,total_nan_scan_time_ms=0,total_background_scan_time_ms=0,total_roam_scan_time_ms=0,total_pno_scan_time_ms=0,total_hotspot_2_scan_time_ms=0,wifi_score=60,wifi_usability_score=-1,seq_num_to_framework=-1,prediction_horizon_sec=-1,total_cca_busy_freq_time_ms=45186,total_radio_on_freq_time_ms=147049,total_beacon_rx=1626,probe_status_since_last_update=1,probe_elapsed_time_ms_since_last_update=-1,probe_mcs_rate_since_last_update=-1,rx_link_speed_mbps=1200,seq_num_inside_framework=89,is_same_bssid_and_freq=true,device_mobility_state=0,time_slice_duty_cycle_in_percent=-1,access_category=0,contention_time_min_micros=0,contention_time_max_micros=0,contention_time_avg_micros=0,contention_num_samples=0,access_category=1,contention_time_min_micros=0,contention_time_max_micros=0,contention_time_avg_micros=0,contention_num_samples=0,access_category=2,contention_time_min_micros=0,contention_time_max_micros=0,contention_time_avg_micros=0,contention_num_samples=0,access_category=3,contention_time_min_micros=0,contention_time_max_micros=0,contention_time_avg_micros=0,contention_num_samples=0,channel_utilization_ratio=15,is_throughput_sufficient=true,is_wifi_scoring_enabled=true,is_cellular_data_available=false,sta_count=0,channel_utilization=0
timestamp_ms=294306,rssi=-33,link_speed_mbps=1200,total_tx_success=3537,total_tx_retries=215,total_tx_bad=0,total_rx_success=3105,total_radio_on_time_ms=151749,total_radio_tx_time_ms=1580,total_radio_rx_time_ms=1975,total_scan_time_ms=3979,total_nan_scan_time_ms=0,total_background_scan_time_ms=0,total_roam_scan_time_ms=0,total_pno_scan_time_ms=0,total_hotspot_2_scan_time_ms=0,wifi_score=60,wifi_usability_score=-1,seq_num_to_framework=-1,prediction_horizon_sec=-1,total_cca_busy_freq_time_ms=45201,total_radio_on_freq_time_ms=147503,total_beacon_rx=1648,probe_status_since_last_update=1,probe_elapsed_time_ms_since_last_update=-1,probe_mcs_rate_since_last_update=-1,rx_link_speed_mbps=1200,seq_num_inside_framework=90,is_same_bssid_and_freq=true,device_mobility_state=0,time_slice_duty_cycle_in_percent=-1,access_category=0,contention_time_min_micros=0,contention_time_max_micros=0,contention_time_avg_micros=0,contention_num_samples=0,access_category=1,contention_time_min_micros=0,contention_time_max_micros=0,contention_time_avg_micros=0,contention_num_samples=0,access_category=2,contention_time_min_micros=0,contention_time_max_micros=0,contention_time_avg_micros=0,contention_num_samples=0,access_category=3,contention_time_min_micros=0,contention_time_max_micros=0,contention_time_avg_micros=0,contention_num_samples=0,channel_utilization_ratio=15,is_throughput_sufficient=true,is_wifi_scoring_enabled=true,is_cellular_data_available=false,sta_count=0,channel_utilization=0
timestamp_ms=297324,rssi=-33,link_speed_mbps=1200,total_tx_success=3551,total_tx_retries=218,total_tx_bad=0,total_rx_success=3118,total_radio_on_time_ms=152665,total_radio_tx_time_ms=1585,total_radio_rx_time_ms=1991,total_scan_time_ms=3979,total_nan_scan_time_ms=0,total_background_scan_time_ms=0,total_roam_scan_time_ms=0,total_pno_scan_time_ms=0,total_hotspot_2_scan_time_ms=0,wifi_score=60,wifi_usability_score=-1,seq_num_to_framework=-1,prediction_horizon_sec=-1,total_cca_busy_freq_time_ms=45232,total_radio_on_freq_time_ms=148419,total_beacon_rx=1677,probe_status_since_last_update=1,probe_elapsed_time_ms_since_last_update=-1,probe_mcs_rate_since_last_update=-1,rx_link_speed_mbps=1200,seq_num_inside_framework=91,is_same_bssid_and_freq=true,device_mobility_state=0,time_slice_duty_cycle_in_percent=-1,access_category=0,contention_time_min_micros=0,contention_time_max_micros=0,contention_time_avg_micros=0,contention_num_samples=0,access_category=1,contention_time_min_micros=0,contention_time_max_micros=0,contention_time_avg_micros=0,contention_num_samples=0,access_category=2,contention_time_min_micros=0,contention_time_max_micros=0,contention_time_avg_micros=0,contention_num_samples=0,access_category=3,contention_time_min_micros=0,contention_time_max_micros=0,contention_time_avg_micros=0,contention_num_samples=0,channel_utilization_ratio=15,is_throughput_sufficient=true,is_wifi_scoring_enabled=true,is_cellular_data_available=false,sta_count=0,channel_utilization=0
timestamp_ms=300343,rssi=-34,link_speed_mbps=1200,total_tx_success=3557,total_tx_retries=218,total_tx_bad=0,total_rx_success=3125,total_radio_on_time_ms=153352,total_radio_tx_time_ms=1588,total_radio_rx_time_ms=2001,total_scan_time_ms=3979,total_nan_scan_time_ms=0,total_background_scan_time_ms=0,total_roam_scan_time_ms=0,total_pno_scan_time_ms=0,total_hotspot_2_scan_time_ms=0,wifi_score=60,wifi_usability_score=-1,seq_num_to_framework=-1,prediction_horizon_sec=-1,total_cca_busy_freq_time_ms=45266,total_radio_on_freq_time_ms=149106,total_beacon_rx=1703,probe_status_since_last_update=1,probe_elapsed_time_ms_since_last_update=-1,probe_mcs_rate_since_last_update=-1,rx_link_speed_mbps=1200,seq_num_inside_framework=92,is_same_bssid_and_freq=true,device_mobility_state=0,time_slice_duty_cycle_in_percent=-1,access_category=0,contention_time_min_micros=0,contention_time_max_micros=0,contention_time_avg_micros=0,contention_num_samples=0,access_category=1,contention_time_min_micros=0,contention_time_max_micros=0,contention_time_avg_micros=0,contention_num_samples=0,access_category=2,contention_time_min_micros=0,contention_time_max_micros=0,contention_time_avg_micros=0,contention_num_samples=0,access_category=3,contention_time_min_micros=0,contention_time_max_micros=0,contention_time_avg_micros=0,contention_num_samples=0,channel_utilization_ratio=15,is_throughput_sufficient=true,is_wifi_scoring_enabled=true,is_cellular_data_available=false,sta_count=0,channel_utilization=0
timestamp_ms=303360,rssi=-33,link_speed_mbps=1200,total_tx_success=3566,total_tx_retries=218,total_tx_bad=0,total_rx_success=3132,total_radio_on_time_ms=154043,total_radio_tx_time_ms=1592,total_radio_rx_time_ms=2007,total_scan_time_ms=3979,total_nan_scan_time_ms=0,total_background_scan_time_ms=0,total_roam_scan_time_ms=0,total_pno_scan_time_ms=0,total_hotspot_2_scan_time_ms=0,wifi_score=60,wifi_usability_score=-1,seq_num_to_framework=-1,prediction_horizon_sec=-1,total_cca_busy_freq_time_ms=45279,total_radio_on_freq_time_ms=149797,total_beacon_rx=1733,probe_status_since_last_update=1,probe_elapsed_time_ms_since_last_update=-1,probe_mcs_rate_since_last_update=-1,rx_link_speed_mbps=1200,seq_num_inside_framework=93,is_same_bssid_and_freq=true,device_mobility_state=0,time_slice_duty_cycle_in_percent=-1,access_category=0,contention_time_min_micros=0,contention_time_max_micros=0,contention_time_avg_micros=0,contention_num_samples=0,access_category=1,contention_time_min_micros=0,contention_time_max_micros=0,contention_time_avg_micros=0,contention_num_samples=0,access_category=2,contention_time_min_micros=0,contention_time_max_micros=0,contention_time_avg_micros=0,contention_num_samples=0,access_category=3,contention_time_min_micros=0,contention_time_max_micros=0,contention_time_avg_micros=0,contention_num_samples=0,channel_utilization_ratio=15,is_throughput_sufficient=true,is_wifi_scoring_enabled=true,is_cellular_data_available=false,sta_count=0,channel_utilization=0
timestamp_ms=306377,rssi=-34,link_speed_mbps=1200,total_tx_success=3573,total_tx_retries=219,total_tx_bad=0,total_rx_success=3138,total_radio_on_time_ms=154565,total_radio_tx_time_ms=1595,total_radio_rx_time_ms=2016,total_scan_time_ms=3979,total_nan_scan_time_ms=0,total_background_scan_time_ms=0,total_roam_scan_time_ms=0,total_pno_scan_time_ms=0,total_hotspot_2_scan_time_ms=0,wifi_score=60,wifi_usability_score=-1,seq_num_to_framework=-1,prediction_horizon_sec=-1,total_cca_busy_freq_time_ms=45298,total_radio_on_freq_time_ms=150319,total_beacon_rx=1762,probe_status_since_last_update=1,probe_elapsed_time_ms_since_last_update=-1,probe_mcs_rate_since_last_update=-1,rx_link_speed_mbps=1200,seq_num_inside_framework=94,is_same_bssid_and_freq=true,device_mobility_state=0,time_slice_duty_cycle_in_percent=-1,access_category=0,contention_time_min_micros=0,contention_time_max_micros=0,contention_time_avg_micros=0,contention_num_samples=0,access_category=1,contention_time_min_micros=0,contention_time_max_micros=0,contention_time_avg_micros=0,contention_num_samples=0,access_category=2,contention_time_min_micros=0,contention_time_max_micros=0,contention_time_avg_micros=0,contention_num_samples=0,access_category=3,contention_time_min_micros=0,contention_time_max_micros=0,contention_time_avg_micros=0,contention_num_samples=0,channel_utilization_ratio=15,is_throughput_sufficient=true,is_wifi_scoring_enabled=true,is_cellular_data_available=false,sta_count=0,channel_utilization=0
timestamp_ms=309387,rssi=-36,link_speed_mbps=1200,total_tx_success=3581,total_tx_retries=219,total_tx_bad=0,total_rx_success=3146,total_radio_on_time_ms=155174,total_radio_tx_time_ms=1599,total_radio_rx_time_ms=2021,total_scan_time_ms=3979,total_nan_scan_time_ms=0,total_background_scan_time_ms=0,total_roam_scan_time_ms=0,total_pno_scan_time_ms=0,total_hotspot_2_scan_time_ms=0,wifi_score=60,wifi_usability_score=-1,seq_num_to_framework=-1,prediction_horizon_sec=-1,total_cca_busy_freq_time_ms=45316,total_radio_on_freq_time_ms=150928,total_beacon_rx=1792,probe_status_since_last_update=1,probe_elapsed_time_ms_since_last_update=-1,probe_mcs_rate_since_last_update=-1,rx_link_speed_mbps=1200,seq_num_inside_framework=95,is_same_bssid_and_freq=true,device_mobility_state=0,time_slice_duty_cycle_in_percent=-1,access_category=0,contention_time_min_micros=0,contention_time_max_micros=0,contention_time_avg_micros=0,contention_num_samples=0,access_category=1,contention_time_min_micros=0,contention_time_max_micros=0,contention_time_avg_micros=0,contention_num_samples=0,access_category=2,contention_time_min_micros=0,contention_time_max_micros=0,contention_time_avg_micros=0,contention_num_samples=0,access_category=3,contention_time_min_micros=0,contention_time_max_micros=0,contention_time_avg_micros=0,contention_num_samples=0,channel_utilization_ratio=15,is_throughput_sufficient=true,is_wifi_scoring_enabled=true,is_cellular_data_available=false,sta_count=0,channel_utilization=0
timestamp_ms=312405,rssi=-35,link_speed_mbps=1200,total_tx_success=3593,total_tx_retries=219,total_tx_bad=0,total_rx_success=3156,total_radio_on_time_ms=156011,total_radio_tx_time_ms=1605,total_radio_rx_time_ms=2033,total_scan_time_ms=3979,total_nan_scan_time_ms=0,total_background_scan_time_ms=0,total_roam_scan_time_ms=0,total_pno_scan_time_ms=0,total_hotspot_2_scan_time_ms=0,wifi_score=60,wifi_usability_score=-1,seq_num_to_framework=-1,prediction_horizon_sec=-1,total_cca_busy_freq_time_ms=45341,total_radio_on_freq_time_ms=151765,total_beacon_rx=1821,probe_status_since_last_update=1,probe_elapsed_time_ms_since_last_update=-1,probe_mcs_rate_since_last_update=-1,rx_link_speed_mbps=1200,seq_num_inside_framework=96,is_same_bssid_and_freq=true,device_mobility_state=0,time_slice_duty_cycle_in_percent=-1,access_category=0,contention_time_min_micros=0,contention_time_max_micros=0,contention_time_avg_micros=0,contention_num_samples=0,access_category=1,contention_time_min_micros=0,contention_time_max_micros=0,contention_time_avg_micros=0,contention_num_samples=0,access_category=2,contention_time_min_micros=0,contention_time_max_micros=0,contention_time_avg_micros=0,contention_num_samples=0,access_category=3,contention_time_min_micros=0,contention_time_max_micros=0,contention_time_avg_micros=0,contention_num_samples=0,channel_utilization_ratio=15,is_throughput_sufficient=true,is_wifi_scoring_enabled=true,is_cellular_data_available=false,sta_count=0,channel_utilization=0
timestamp_ms=315420,rssi=-35,link_speed_mbps=1200,total_tx_success=3599,total_tx_retries=219,total_tx_bad=0,total_rx_success=3162,total_radio_on_time_ms=156642,total_radio_tx_time_ms=1609,total_radio_rx_time_ms=2038,total_scan_time_ms=3979,total_nan_scan_time_ms=0,total_background_scan_time_ms=0,total_roam_scan_time_ms=0,total_pno_scan_time_ms=0,total_hotspot_2_scan_time_ms=0,wifi_score=60,wifi_usability_score=-1,seq_num_to_framework=-1,prediction_horizon_sec=-1,total_cca_busy_freq_time_ms=45359,total_radio_on_freq_time_ms=152396,total_beacon_rx=1850,probe_status_since_last_update=1,probe_elapsed_time_ms_since_last_update=-1,probe_mcs_rate_since_last_update=-1,rx_link_speed_mbps=1200,seq_num_inside_framework=97,is_same_bssid_and_freq=true,device_mobility_state=0,time_slice_duty_cycle_in_percent=-1,access_category=0,contention_time_min_micros=0,contention_time_max_micros=0,contention_time_avg_micros=0,contention_num_samples=0,access_category=1,contention_time_min_micros=0,contention_time_max_micros=0,contention_time_avg_micros=0,contention_num_samples=0,access_category=2,contention_time_min_micros=0,contention_time_max_micros=0,contention_time_avg_micros=0,contention_num_samples=0,access_category=3,contention_time_min_micros=0,contention_time_max_micros=0,contention_time_avg_micros=0,contention_num_samples=0,channel_utilization_ratio=15,is_throughput_sufficient=true,is_wifi_scoring_enabled=true,is_cellular_data_available=false,sta_count=0,channel_utilization=0
timestamp_ms=318436,rssi=-32,link_speed_mbps=1200,total_tx_success=3603,total_tx_retries=219,total_tx_bad=0,total_rx_success=3167,total_radio_on_time_ms=157125,total_radio_tx_time_ms=1610,total_radio_rx_time_ms=2046,total_scan_time_ms=3979,total_nan_scan_time_ms=0,total_background_scan_time_ms=0,total_roam_scan_time_ms=0,total_pno_scan_time_ms=0,total_hotspot_2_scan_time_ms=0,wifi_score=60,wifi_usability_score=-1,seq_num_to_framework=-1,prediction_horizon_sec=-1,total_cca_busy_freq_time_ms=45374,total_radio_on_freq_time_ms=152879,total_beacon_rx=1875,probe_status_since_last_update=1,probe_elapsed_time_ms_since_last_update=-1,probe_mcs_rate_since_last_update=-1,rx_link_speed_mbps=1200,seq_num_inside_framework=98,is_same_bssid_and_freq=true,device_mobility_state=0,time_slice_duty_cycle_in_percent=-1,access_category=0,contention_time_min_micros=0,contention_time_max_micros=0,contention_time_avg_micros=0,contention_num_samples=0,access_category=1,contention_time_min_micros=0,contention_time_max_micros=0,contention_time_avg_micros=0,contention_num_samples=0,access_category=2,contention_time_min_micros=0,contention_time_max_micros=0,contention_time_avg_micros=0,contention_num_samples=0,access_category=3,contention_time_min_micros=0,contention_time_max_micros=0,contention_time_avg_micros=0,contention_num_samples=0,channel_utilization_ratio=15,is_throughput_sufficient=true,is_wifi_scoring_enabled=true,is_cellular_data_available=false,sta_count=0,channel_utilization=0
timestamp_ms=321458,rssi=-35,link_speed_mbps=1200,total_tx_success=3611,total_tx_retries=224,total_tx_bad=0,total_rx_success=3176,total_radio_on_time_ms=157664,total_radio_tx_time_ms=1614,total_radio_rx_time_ms=2050,total_scan_time_ms=3979,total_nan_scan_time_ms=0,total_background_scan_time_ms=0,total_roam_scan_time_ms=0,total_pno_scan_time_ms=0,total_hotspot_2_scan_time_ms=0,wifi_score=60,wifi_usability_score=-1,seq_num_to_framework=-1,prediction_horizon_sec=-1,total_cca_busy_freq_time_ms=45384,total_radio_on_freq_time_ms=153418,total_beacon_rx=1905,probe_status_since_last_update=1,probe_elapsed_time_ms_since_last_update=-1,probe_mcs_rate_since_last_update=-1,rx_link_speed_mbps=1200,seq_num_inside_framework=99,is_same_bssid_and_freq=true,device_mobility_state=0,time_slice_duty_cycle_in_percent=-1,access_category=0,contention_time_min_micros=0,contention_time_max_micros=0,contention_time_avg_micros=0,contention_num_samples=0,access_category=1,contention_time_min_micros=0,contention_time_max_micros=0,contention_time_avg_micros=0,contention_num_samples=0,access_category=2,contention_time_min_micros=0,contention_time_max_micros=0,contention_time_avg_micros=0,contention_num_samples=0,access_category=3,contention_time_min_micros=0,contention_time_max_micros=0,contention_time_avg_micros=0,contention_num_samples=0,channel_utilization_ratio=15,is_throughput_sufficient=true,is_wifi_scoring_enabled=true,is_cellular_data_available=false,sta_count=0,channel_utilization=0
mMobilityStatePnoStatsMap:
device_mobility_state=0,num_times_entered_state=1,total_duration_ms=0,pno_duration_ms=0
WifiP2pMetrics:
mConnectionEvents:
mGroupEvents:
mWifiP2pStatsProto.numPersistentGroup=0
mWifiP2pStatsProto.numTotalPeerScans=0
mWifiP2pStatsProto.numTotalServiceScans=0
mDppMetrics:
---Easy Connect/DPP metrics---
mWifiDppLogProto.numDppConfiguratorInitiatorRequests=0
mWifiDppLogProto.numDppEnrolleeInitiatorRequests=0
mWifiDppLogProto.numDppEnrolleeResponderRequests=0
mWifiDppLogProto.numDppEnrolleeResponderSuccess=0
mWifiDppLogProto.numDppEnrolleeSuccess=0
mWifiDppLogProto.numDppR1CapableEnrolleeResponderDevices=0
mWifiDppLogProto.numDppR2CapableEnrolleeResponderDevices=0
mWifiDppLogProto.numDppR2EnrolleeResponderIncompatibleConfiguration=0
---End of Easy Connect/DPP metrics---
mWifiConfigStoreReadDurationHistogram:{0=2}
mWifiConfigStoreWriteDurationHistogram:{0=12}
mLinkProbeSuccessRssiCounts:{}
mLinkProbeFailureRssiCounts:{}
mLinkProbeSuccessLinkSpeedCounts:{}
mLinkProbeFailureLinkSpeedCounts:{}
mLinkProbeSuccessSecondsSinceLastTxSuccessHistogram:{}
mLinkProbeFailureSecondsSinceLastTxSuccessHistogram:{}
mLinkProbeSuccessElapsedTimeMsHistogram:{}
mLinkProbeFailureReasonCounts:{}
mLinkProbeExperimentProbeCounts:{}
mNetworkSelectionExperimentPairNumChoicesCounts:{Pair{42902385 42330058}=NetworkSelectionExperimentResults{sameSelectionNumChoicesCounter={1=2}, differentSelectionNumChoicesCounter={}}, Pair{42598152 42330058}=NetworkSelectionExperimentResults{sameSelectionNumChoicesCounter={1=2}, differentSelectionNumChoicesCounter={}}, Pair{42504592 42330058}=NetworkSelectionExperimentResults{sameSelectionNumChoicesCounter={1=2}, differentSelectionNumChoicesCounter={}}}
mLinkProbeStaEventCount:0
mWifiNetworkRequestApiLog:
num_apps: 0
num_concurrent_connection: 0
num_connect_on_primary_iface: 0
num_connect_on_secondary_iface: 0
num_connect_success_on_primary_iface: 0
num_connect_success_on_secondary_iface: 0
num_request: 0
num_user_approval_bypass: 0
num_user_reject: 0

mWifiNetworkRequestApiMatchSizeHistogram:
{}
mWifiNetworkRequestApiConnectionDurationSecOnPrimaryIfaceHistogram:
{}
mWifiNetworkRequestApiConnectionDurationSecOnSecondaryIfaceHistogram:
{}
mWifiNetworkRequestApiConcurrentConnectionDurationSecHistogram:
{}
mWifiNetworkSuggestionApiLog:
num_connect_failure: 0
num_connect_success: 0
num_modification: 0
num_multiple_suggestions: 0
num_priority_groups: 0
num_saved_networks_with_configured_suggestion: 0
user_revoke_app_suggestion_permission: 0

mWifiNetworkSuggestionApiMatchSizeHistogram:
{}
mWifiNetworkSuggestionApiAppTypeCounter:
{}
mWifiNetworkSuggestionPriorityGroups:
{}
mWifiNetworkSuggestionCoexistSavedNetworks:
{}
mUserApprovalSuggestionAppUiUserReaction:
mUserApprovalCarrierUiUserReaction:
mNetworkIdToNominatorId:
{2=2}
mWifiLockStats:
high_perf_active_time_ms: 0
low_latency_active_time_ms: 0

mWifiLockHighPerfAcqDurationSecHistogram:
{}
mWifiLockLowLatencyAcqDurationSecHistogram:
{}
mWifiLockHighPerfActiveSessionDurationSecHistogram:
{}
mWifiLockLowLatencyActiveSessionDurationSecHistogram:
{}
mWifiToggleStats:
num_toggle_off_normal: 0
num_toggle_off_privileged: 0
num_toggle_on_normal: 0
num_toggle_on_privileged: 1

mWifiLogProto.numAddOrUpdateNetworkCalls=0
mWifiLogProto.numEnableNetworkCalls=0
mWifiLogProto.txLinkSpeedCount2g={}
mWifiLogProto.txLinkSpeedCount5gLow={}
mWifiLogProto.txLinkSpeedCount5gMid={}
mWifiLogProto.txLinkSpeedCount5gHigh={1200=347}
mWifiLogProto.txLinkSpeedCount6gLow={}
mWifiLogProto.txLinkSpeedCount6gMid={}
mWifiLogProto.txLinkSpeedCount6gHigh={}
mWifiLogProto.rxLinkSpeedCount2g={}
mWifiLogProto.rxLinkSpeedCount5gLow={}
mWifiLogProto.rxLinkSpeedCount5gMid={}
mWifiLogProto.rxLinkSpeedCount5gHigh={1200=347}
mWifiLogProto.rxLinkSpeedCount6gLow={}
mWifiLogProto.rxLinkSpeedCount6gMid={}
mWifiLogProto.rxLinkSpeedCount6gHigh={}
mWifiLogProto.numIpRenewalFailure=0
mWifiLogProto.connectionDurationStats=connectionDurationSufficientThroughputMs=0, connectionDurationInSufficientThroughputMs=0, connectionDurationInSufficientThroughputDefaultWifiMs=0, connectionDurationCellularDataOffMs=1040771
mWifiLogProto.isExternalWifiScorerOn=false
mWifiLogProto.wifiOffMetrics=numWifiOff=1, numWifiOffDeferring=0, numWifiOffDeferringTimeout=0, wifiOffDeferringTimeHistogram={}
mWifiLogProto.softApConfigLimitationMetrics=numSecurityTypeResetToDefault=0, numMaxClientSettingResetToDefault=0, numClientControlByUserResetToDefault=0, maxClientSettingWhenReachHistogram={}
mChannelUtilizationHistogram2G:
{}
mChannelUtilizationHistogramAbove2G:
{[Integer.MIN_VALUE,25)=347}
mTxThroughputMbpsHistogram2G:
{}
mRxThroughputMbpsHistogram2G:
{}
mTxThroughputMbpsHistogramAbove2G:
{[600,800)=8, [800,1200)=339}
mRxThroughputMbpsHistogramAbove2G:
{[800,1200)=347}
mCarrierWifiMetrics:
numConnectionSuccess=0, numConnectionAuthFailure=0, numConnectionNonAuthFailure0
FirstConnectAfterBootStats{wifiEnabledAtBoot=Attempt{timestampSinceBootMillis=13455,isSuccess=true},firstNetworkSelectionAttempt{timestampSinceBootMillis=20378,isSuccess=true},firstL2ConnectionAttempt{timestampSinceBootMillis=20996,isSuccess=true},firstL3ConnectionAttempt{timestampSinceBootMillis=21327,isSuccess=true}}
WifiToWifiSwitchStats{isMakeBeforeBreakSupported=false,wifiToWifiSwitchTriggerCount=0,makeBeforeBreakTriggerCount=0,makeBeforeBreakNoInternetCount=0,makeBeforeBreakRecoverPrimaryCount=0,makeBeforeBreakInternetValidatedCount=0,makeBeforeBreakSuccessCount=0,makeBeforeBreakLingerCompletedCount=0,makeBeforeBreakLingeringDurationSeconds={}}
mInitPartialScanTotalCount:
0
mInitPartialScanSuccessCount:
0
mInitPartialScanFailureCount:
0
mInitPartialScanSuccessHistogram:
{}
mInitPartialScanFailureHistogram:
{}

Dump of WifiNetworkSuggestionsManager
WifiNetworkSuggestionsManager - Networks Begin ----
WifiNetworkSuggestionsManager - Networks End ----

Dump of WifiBackupRestore

ScoringParams: rssi2=-83:-80:-73:-60,rssi5=-80:-77:-70:-57,rssi6=-80:-77:-70:-57,pps=0:16:100,horizon=15,nud=8,expid=0


Dump of WifiSettingsConfigStore
Settings:
wifi_p2p_pending_factory_reset=false
wifi_p2p_device_name=null
wifi_scan_always_enabled=true
wifi_sta_factory_mac_address=e0:1f:88:32:ba:6a
wifi_static_chip_info=[{"chipId":0,"chipCapabilities":-1,"availableModes":[{"id":3,"availableCombinations":[{"limits":[{"maxIfaces":1,"types":[0]},{"maxIfaces":1,"types":[1]}]},{"limits":[{"maxIfaces":1,"types":[0]},{"maxIfaces":1,"types":[3,4]}]},{"limits":[{"maxIfaces":2,"types":[0]}]}]}]}]
wifi_scan_throttle_enabled=true
wifi_native_supported_features=1069390837213
wifi_verbose_logging_enabled=false

mRevertCountryCodeOnCellularLoss: false
DefaultCountryCode(system property): null
DefaultCountryCode(config store): null
mTelephonyCountryCode: CN
mTelephonyCountryTimestamp: 09-17 22:29:47.277
mOverrideCountryCode: null
mAllCmmReadyTimestamp: 09-17 22:29:47.824
isAllCmmReady: false
mAmmToReadyForChangeMap: {ConcreteClientModeManager{id=165848 iface=wlan0 role=ROLE_CLIENT_PRIMARY}=false}
mDisconnectWifiToForceUpdateCount: 0
mDriverCountryCode: CN
mDriverCountryCodeUpdatedTimestamp: 09-17 22:29:47.825
isDriverSupportedRegChangedEvent: false
providerId=7, ScoreFilter=Score(60 ; Policies : 0), Filter=[ Transports: WIFI Capabilities: NOT_METERED&INTERNET&NOT_RESTRICTED&TRUSTED&NOT_VPN&NOT_ROAMING&NOT_CONGESTED&NOT_SUSPENDED&NOT_VCN_MANAGED LinkUpBandwidth>=1048576Kbps LinkDnBandwidth>=1048576Kbps Specifier: <android.net.MatchAllNetworkSpecifier@0> UnderlyingNetworks: Null], requests=5
  {NetworkRequest [ REQUEST id=1, [ Capabilities: INTERNET&NOT_RESTRICTED&TRUSTED&NOT_VPN&NOT_VCN_MANAGED RequestorUid: 1000 RequestorPkg: android UnderlyingNetworks: Null] ], requested=true}
  {NetworkRequest [ REQUEST id=227, [ Capabilities: NOT_RESTRICTED&TRUSTED&NOT_VPN&NOT_VCN_MANAGED Uid: 10283 RequestorUid: 10283 RequestorPkg: com.tencent.mm UnderlyingNetworks: Null] ], requested=true}
  {NetworkRequest [ REQUEST id=228, [ Capabilities: NOT_RESTRICTED&TRUSTED&NOT_VPN&NOT_VCN_MANAGED Uid: 10283 RequestorUid: 10283 RequestorPkg: com.tencent.mm UnderlyingNetworks: Null] ], requested=true}
  {NetworkRequest [ REQUEST id=308, [ Transports: WIFI Capabilities: INTERNET&NOT_RESTRICTED&TRUSTED&NOT_VPN&NOT_VCN_MANAGED Uid: 10292 RequestorUid: 10292 RequestorPkg: com.autonavi.minimap UnderlyingNetworks: Null] ], requested=true}
  {NetworkRequest [ REQUEST id=312, [ Transports: WIFI Capabilities: INTERNET&NOT_RESTRICTED&TRUSTED&NOT_VPN&NOT_VCN_MANAGED Uid: 10292 RequestorUid: 10292 RequestorPkg: com.autonavi.minimap UnderlyingNetworks: Null] ], requested=true}
WifiNetworkFactory: mGenericConnectionReqCount 5
WifiNetworkFactory: mActiveSpecificNetworkRequest null
WifiNetworkFactory: mUserApprovedAccessPointMap {}
providerId=8, ScoreFilter=Score(2147483647 ; Policies : 0), Filter=[ Transports: WIFI Capabilities: NOT_METERED&INTERNET&NOT_RESTRICTED&TRUSTED&NOT_VPN&NOT_ROAMING&NOT_CONGESTED&NOT_SUSPENDED&NOT_VCN_MANAGED LinkUpBandwidth>=1048576Kbps LinkDnBandwidth>=1048576Kbps Specifier: <android.net.MatchAllNetworkSpecifier@0> UnderlyingNetworks: Null], requests=94
  {NetworkRequest [ REQUEST id=81, [ Capabilities: INTERNET&NOT_RESTRICTED&TRUSTED&NOT_VCN_MANAGED Uid: 1001 RequestorUid: 1001 RequestorPkg: com.android.phone UnderlyingNetworks: Null] ], requested=true}
  {NetworkRequest [ REQUEST id=60, [ Capabilities: INTERNET&NOT_RESTRICTED&TRUSTED&NOT_VCN_MANAGED Uid: 10279 RequestorUid: 1000 RequestorPkg: android UnderlyingNetworks: Null] ], requested=true}
  {NetworkRequest [ REQUEST id=22, [ Capabilities: INTERNET&NOT_RESTRICTED&TRUSTED&NOT_VCN_MANAGED Uid: 10239 RequestorUid: 1000 RequestorPkg: android UnderlyingNetworks: Null] ], requested=true}
  {NetworkRequest [ REQUEST id=77, [ Capabilities: INTERNET&NOT_RESTRICTED&TRUSTED&NOT_VCN_MANAGED Uid: 1000 RequestorUid: 1000 RequestorPkg: android UnderlyingNetworks: Null] ], requested=true}
  {NetworkRequest [ REQUEST id=68, [ Capabilities: INTERNET&NOT_RESTRICTED&TRUSTED&NOT_VCN_MANAGED Uid: 1000 RequestorUid: 1000 RequestorPkg: com.android.networkstack.inprocess UnderlyingNetworks: Null] ], requested=true}
  {NetworkRequest [ REQUEST id=52, [ Capabilities: INTERNET&NOT_RESTRICTED&TRUSTED&NOT_VCN_MANAGED Uid: 6101 RequestorUid: 1000 RequestorPkg: android UnderlyingNetworks: Null] ], requested=true}
  {NetworkRequest [ REQUEST id=88, [ Capabilities: INTERNET&NOT_RESTRICTED&TRUSTED&NOT_VCN_MANAGED Uid: 1000 RequestorUid: 1000 RequestorPkg: com.android.systemui UnderlyingNetworks: Null] ], requested=true}
  {NetworkRequest [ REQUEST id=34, [ Capabilities: INTERNET&NOT_RESTRICTED&TRUSTED&NOT_VCN_MANAGED Uid: 10152 RequestorUid: 1000 RequestorPkg: android UnderlyingNetworks: Null] ], requested=true}
  {NetworkRequest [ REQUEST id=46, [ Capabilities: INTERNET&NOT_RESTRICTED&TRUSTED&NOT_VCN_MANAGED Uid: 10113 RequestorUid: 1000 RequestorPkg: android UnderlyingNetworks: Null] ], requested=true}
  {NetworkRequest [ REQUEST id=26, [ Capabilities: INTERNET&NOT_RESTRICTED&TRUSTED&NOT_VCN_MANAGED Uid: 10185 RequestorUid: 1000 RequestorPkg: android UnderlyingNetworks: Null] ], requested=true}
  {NetworkRequest [ REQUEST id=62, [ Capabilities: INTERNET&NOT_RESTRICTED&TRUSTED&NOT_VCN_MANAGED Uid: 1000 RequestorUid: 1000 RequestorPkg: android UnderlyingNetworks: Null] ], requested=true}
  {NetworkRequest [ REQUEST id=38, [ Capabilities: INTERNET&NOT_RESTRICTED&TRUSTED&NOT_VCN_MANAGED Uid: 10128 RequestorUid: 1000 RequestorPkg: android UnderlyingNetworks: Null] ], requested=true}
  {NetworkRequest [ REQUEST id=40, [ Capabilities: INTERNET&NOT_RESTRICTED&TRUSTED&NOT_VCN_MANAGED Uid: 10126 RequestorUid: 1000 RequestorPkg: android UnderlyingNetworks: Null] ], requested=true}
  {NetworkRequest [ REQUEST id=7, [ Capabilities: INTERNET&NOT_RESTRICTED&TRUSTED&NOT_VCN_MANAGED Uid: 1000 RequestorUid: 1000 RequestorPkg: android UnderlyingNetworks: Null] ], requested=true}
  {NetworkRequest [ REQUEST id=50, [ Capabilities: INTERNET&NOT_RESTRICTED&TRUSTED&NOT_VCN_MANAGED Uid: 6102 RequestorUid: 1000 RequestorPkg: android UnderlyingNetworks: Null] ], requested=true}
  {NetworkRequest [ REQUEST id=42, [ Capabilities: INTERNET&NOT_RESTRICTED&TRUSTED&NOT_VCN_MANAGED Uid: 10120 RequestorUid: 1000 RequestorPkg: android UnderlyingNetworks: Null] ], requested=true}
  {NetworkRequest [ REQUEST id=20, [ Capabilities: INTERNET&NOT_RESTRICTED&TRUSTED&NOT_VCN_MANAGED Uid: 10253 RequestorUid: 1000 RequestorPkg: android UnderlyingNetworks: Null] ], requested=true}
  {NetworkRequest [ REQUEST id=44, [ Capabilities: INTERNET&NOT_RESTRICTED&TRUSTED&NOT_VCN_MANAGED Uid: 10117 RequestorUid: 1000 RequestorPkg: android UnderlyingNetworks: Null] ], requested=true}
  {NetworkRequest [ REQUEST id=58, [ Capabilities: INTERNET&NOT_RESTRICTED&TRUSTED&NOT_VCN_MANAGED Uid: 10243 RequestorUid: 1000 RequestorPkg: android UnderlyingNetworks: Null] ], requested=true}
  {NetworkRequest [ REQUEST id=54, [ Capabilities: INTERNET&NOT_RESTRICTED&TRUSTED&NOT_VCN_MANAGED Uid: 10129 RequestorUid: 1000 RequestorPkg: android UnderlyingNetworks: Null] ], requested=true}
  {NetworkRequest [ REQUEST id=30, [ Capabilities: INTERNET&NOT_RESTRICTED&TRUSTED&NOT_VCN_MANAGED Uid: 10158 RequestorUid: 1000 RequestorPkg: android UnderlyingNetworks: Null] ], requested=true}
  {NetworkRequest [ REQUEST id=1, [ Capabilities: INTERNET&NOT_RESTRICTED&TRUSTED&NOT_VPN&NOT_VCN_MANAGED RequestorUid: 1000 RequestorPkg: android UnderlyingNetworks: Null] ], requested=true}
  {NetworkRequest [ REQUEST id=64, [ Capabilities: INTERNET&NOT_RESTRICTED&TRUSTED&NOT_VCN_MANAGED Uid: 1000 RequestorUid: 1000 RequestorPkg: android UnderlyingNetworks: Null] ], requested=true}
  {NetworkRequest [ REQUEST id=36, [ Capabilities: INTERNET&NOT_RESTRICTED&TRUSTED&NOT_VCN_MANAGED Uid: 10133 RequestorUid: 1000 RequestorPkg: android UnderlyingNetworks: Null] ], requested=true}
  {NetworkRequest [ REQUEST id=48, [ Capabilities: INTERNET&NOT_RESTRICTED&TRUSTED&NOT_VCN_MANAGED Uid: 10100 RequestorUid: 1000 RequestorPkg: android UnderlyingNetworks: Null] ], requested=true}
  {NetworkRequest [ REQUEST id=56, [ Capabilities: INTERNET&NOT_RESTRICTED&TRUSTED&NOT_VCN_MANAGED Uid: 1000 RequestorUid: 1000 RequestorPkg: android UnderlyingNetworks: Null] ], requested=true}
  {NetworkRequest [ REQUEST id=13, [ Capabilities: INTERNET&NOT_RESTRICTED&TRUSTED&NOT_VCN_MANAGED Uid: 1000 RequestorUid: 1000 RequestorPkg: android UnderlyingNetworks: Null] ], requested=true}
  {NetworkRequest [ REQUEST id=28, [ Capabilities: INTERNET&NOT_RESTRICTED&TRUSTED&NOT_VCN_MANAGED Uid: 10165 RequestorUid: 1000 RequestorPkg: android UnderlyingNetworks: Null] ], requested=true}
  {NetworkRequest [ REQUEST id=85, [ Capabilities: INTERNET&NOT_RESTRICTED&TRUSTED&NOT_VCN_MANAGED Uid: 1001 RequestorUid: 1001 RequestorPkg: com.android.phone UnderlyingNetworks: Null] ], requested=true}
  {NetworkRequest [ REQUEST id=24, [ Capabilities: INTERNET&NOT_RESTRICTED&TRUSTED&NOT_VCN_MANAGED Uid: 10198 RequestorUid: 1000 RequestorPkg: android UnderlyingNetworks: Null] ], requested=true}
  {NetworkRequest [ REQUEST id=32, [ Capabilities: INTERNET&NOT_RESTRICTED&TRUSTED&NOT_VCN_MANAGED Uid: 10153 RequestorUid: 1000 RequestorPkg: android UnderlyingNetworks: Null] ], requested=true}
  {NetworkRequest [ REQUEST id=93, [ Capabilities: INTERNET&NOT_RESTRICTED&TRUSTED&NOT_VCN_MANAGED Uid: 1002 RequestorUid: 1000 RequestorPkg: android UnderlyingNetworks: Null] ], requested=true}
  {NetworkRequest [ REQUEST id=97, [ Capabilities: INTERNET&NOT_RESTRICTED&TRUSTED&NOT_VCN_MANAGED Uid: 10129 RequestorUid: 10129 RequestorPkg: com.google.android.gms UnderlyingNetworks: Null] ], requested=true}
  {NetworkRequest [ REQUEST id=100, [ Capabilities: INTERNET&NOT_RESTRICTED&TRUSTED&NOT_VCN_MANAGED Uid: 1000 RequestorUid: 1000 RequestorPkg: com.miui.securitycenter UnderlyingNetworks: Null] ], requested=true}
  {NetworkRequest [ REQUEST id=102, [ Capabilities: INTERNET&NOT_RESTRICTED&TRUSTED&NOT_VCN_MANAGED Uid: 10136 RequestorUid: 1000 RequestorPkg: android UnderlyingNetworks: Null] ], requested=true}
  {NetworkRequest [ REQUEST id=108, [ Capabilities: INTERNET&NOT_RESTRICTED&TRUSTED&NOT_VCN_MANAGED Uid: 10104 RequestorUid: 10104 RequestorPkg: com.qualcomm.qti.cne UnderlyingNetworks: Null] ], requested=true}
  {NetworkRequest [ REQUEST id=112, [ Capabilities: INTERNET&NOT_RESTRICTED&TRUSTED&NOT_VCN_MANAGED Uid: 10297 RequestorUid: 10297 RequestorPkg: com.follow.clash UnderlyingNetworks: Null] ], requested=true}
  {NetworkRequest [ REQUEST id=115, [ Capabilities: INTERNET&NOT_RESTRICTED&TRUSTED&NOT_VCN_MANAGED Uid: 10129 RequestorUid: 10129 RequestorPkg: com.google.android.gms UnderlyingNetworks: Null] ], requested=true}
  {NetworkRequest [ REQUEST id=119, [ Capabilities: INTERNET&NOT_RESTRICTED&TRUSTED&NOT_VCN_MANAGED Uid: 1000 RequestorUid: 1000 RequestorPkg: com.xiaomi.joyose UnderlyingNetworks: Null] ], requested=true}
  {NetworkRequest [ REQUEST id=121, [ Capabilities: INTERNET&NOT_RESTRICTED&TRUSTED&NOT_VCN_MANAGED Uid: 10174 RequestorUid: 10174 RequestorPkg: com.xiaomi.xmsf UnderlyingNetworks: Null] ], requested=true}
  {NetworkRequest [ REQUEST id=123, [ Capabilities: INTERNET&NOT_RESTRICTED&TRUSTED&NOT_VCN_MANAGED Uid: 10253 RequestorUid: 10253 RequestorPkg: com.google.android.inputmethod.latin UnderlyingNetworks: Null] ], requested=true}
  {NetworkRequest [ REQUEST id=129, [ Capabilities: INTERNET&NOT_RESTRICTED&TRUSTED&NOT_VCN_MANAGED Uid: 10281 RequestorUid: 10281 RequestorPkg: com.google.android.apps.messaging UnderlyingNetworks: Null] ], requested=true}
  {NetworkRequest [ REQUEST id=131, [ Capabilities: INTERNET&NOT_RESTRICTED&TRUSTED&NOT_VCN_MANAGED Uid: 10281 RequestorUid: 10281 RequestorPkg: com.google.android.apps.messaging UnderlyingNetworks: Null] ], requested=true}
  {NetworkRequest [ REQUEST id=136, [ Capabilities: INTERNET&NOT_RESTRICTED&TRUSTED&NOT_VCN_MANAGED Uid: 10252 RequestorUid: 10252 RequestorPkg: youqu.android.todesk UnderlyingNetworks: Null] ], requested=true}
  {NetworkRequest [ REQUEST id=139, [ Capabilities: INTERNET&NOT_RESTRICTED&TRUSTED&NOT_VCN_MANAGED Uid: 6110 RequestorUid: 1000 RequestorPkg: android UnderlyingNetworks: Null] ], requested=true}
  {NetworkRequest [ REQUEST id=141, [ Capabilities: INTERNET&NOT_RESTRICTED&TRUSTED&NOT_VCN_MANAGED Uid: 10281 RequestorUid: 1000 RequestorPkg: android UnderlyingNetworks: Null] ], requested=true}
  {NetworkRequest [ REQUEST id=143, [ Capabilities: INTERNET&NOT_RESTRICTED&TRUSTED&NOT_VCN_MANAGED Uid: 1001 RequestorUid: 1001 RequestorPkg: com.qti.dpmserviceapp UnderlyingNetworks: Null] ], requested=true}
  {NetworkRequest [ REQUEST id=145, [ Capabilities: INTERNET&NOT_RESTRICTED&TRUSTED&NOT_VCN_MANAGED Uid: 10279 RequestorUid: 10279 RequestorPkg: com.whatsapp UnderlyingNetworks: Null] ], requested=true}
  {NetworkRequest [ REQUEST id=147, [ Capabilities: INTERNET&NOT_RESTRICTED&TRUSTED&NOT_VCN_MANAGED Uid: 10083 RequestorUid: 1000 RequestorPkg: android UnderlyingNetworks: Null] ], requested=true}
  {NetworkRequest [ REQUEST id=152, [ Capabilities: INTERNET&NOT_RESTRICTED&TRUSTED&NOT_VCN_MANAGED Uid: 10129 RequestorUid: 10129 RequestorPkg: com.google.android.gms UnderlyingNetworks: Null] ], requested=true}
  {NetworkRequest [ REQUEST id=158, [ Capabilities: INTERNET&NOT_RESTRICTED&TRUSTED&NOT_VCN_MANAGED Uid: 10129 RequestorUid: 10129 RequestorPkg: com.google.android.gms UnderlyingNetworks: Null] ], requested=true}
  {NetworkRequest [ REQUEST id=160, [ Capabilities: INTERNET&NOT_RESTRICTED&TRUSTED&NOT_VCN_MANAGED Uid: 10279 RequestorUid: 10279 RequestorPkg: com.whatsapp UnderlyingNetworks: Null] ], requested=true}
  {NetworkRequest [ REQUEST id=170, [ Capabilities: INTERNET&NOT_RESTRICTED&TRUSTED&NOT_VCN_MANAGED Uid: 10129 RequestorUid: 10129 RequestorPkg: com.google.android.gms UnderlyingNetworks: Null] ], requested=true}
  {NetworkRequest [ REQUEST id=174, [ Capabilities: INTERNET&NOT_RESTRICTED&TRUSTED&NOT_VCN_MANAGED Uid: 10206 RequestorUid: 1000 RequestorPkg: android UnderlyingNetworks: Null] ], requested=true}
  {NetworkRequest [ REQUEST id=177, [ Capabilities: INTERNET&NOT_RESTRICTED&TRUSTED&NOT_VCN_MANAGED Uid: 10129 RequestorUid: 10129 RequestorPkg: com.google.android.gms UnderlyingNetworks: Null] ], requested=true}
  {NetworkRequest [ REQUEST id=181, [ Capabilities: INTERNET&NOT_RESTRICTED&TRUSTED&NOT_VCN_MANAGED Uid: 99910129 RequestorUid: 99910129 RequestorPkg: com.google.android.gms UnderlyingNetworks: Null] ], requested=true}
  {NetworkRequest [ REQUEST id=186, [ Capabilities: INTERNET&NOT_RESTRICTED&TRUSTED&NOT_VCN_MANAGED Uid: 10129 RequestorUid: 10129 RequestorPkg: com.google.android.gms UnderlyingNetworks: Null] ], requested=true}
  {NetworkRequest [ REQUEST id=188, [ Capabilities: INTERNET&NOT_RESTRICTED&TRUSTED&NOT_VCN_MANAGED Uid: 10129 RequestorUid: 10129 RequestorPkg: com.google.android.gms UnderlyingNetworks: Null] ], requested=true}
  {NetworkRequest [ REQUEST id=191, [ Capabilities: INTERNET&NOT_RESTRICTED&TRUSTED&NOT_VCN_MANAGED Uid: 10129 RequestorUid: 10129 RequestorPkg: com.google.android.gms UnderlyingNetworks: Null] ], requested=true}
  {NetworkRequest [ REQUEST id=193, [ Capabilities: INTERNET&NOT_RESTRICTED&TRUSTED&NOT_VCN_MANAGED Uid: 10174 RequestorUid: 1000 RequestorPkg: android UnderlyingNetworks: Null] ], requested=true}
  {NetworkRequest [ REQUEST id=195, [ Capabilities: INTERNET&NOT_RESTRICTED&TRUSTED&NOT_VCN_MANAGED Uid: 10283 RequestorUid: 10283 RequestorPkg: com.tencent.mm UnderlyingNetworks: Null] ], requested=true}
  {NetworkRequest [ REQUEST id=200, [ Capabilities: INTERNET&NOT_RESTRICTED&TRUSTED&NOT_VCN_MANAGED Uid: 10283 RequestorUid: 10283 RequestorPkg: com.tencent.mm UnderlyingNetworks: Null] ], requested=true}
  {NetworkRequest [ REQUEST id=208, [ Capabilities: INTERNET&NOT_RESTRICTED&TRUSTED&NOT_VCN_MANAGED Uid: 99910136 RequestorUid: 1000 RequestorPkg: android UnderlyingNetworks: Null] ], requested=true}
  {NetworkRequest [ REQUEST id=210, [ Capabilities: INTERNET&NOT_RESTRICTED&TRUSTED&NOT_VCN_MANAGED Uid: 10260 RequestorUid: 1000 RequestorPkg: android UnderlyingNetworks: Null] ], requested=true}
  {NetworkRequest [ REQUEST id=213, [ Capabilities: INTERNET&NOT_RESTRICTED&TRUSTED&NOT_VCN_MANAGED Uid: 99910129 RequestorUid: 99910129 RequestorPkg: com.google.android.gms UnderlyingNetworks: Null] ], requested=true}
  {NetworkRequest [ REQUEST id=215, [ Capabilities: INTERNET&NOT_RESTRICTED&TRUSTED&NOT_VCN_MANAGED Uid: 99910129 RequestorUid: 99910129 RequestorPkg: com.google.android.gms UnderlyingNetworks: Null] ], requested=true}
  {NetworkRequest [ REQUEST id=218, [ Capabilities: INTERNET&NOT_RESTRICTED&TRUSTED&NOT_VCN_MANAGED Uid: 99910129 RequestorUid: 99910129 RequestorPkg: com.google.android.gms UnderlyingNetworks: Null] ], requested=true}
  {NetworkRequest [ REQUEST id=221, [ Capabilities: INTERNET&NOT_RESTRICTED&TRUSTED&NOT_VCN_MANAGED Uid: 99910129 RequestorUid: 99910129 RequestorPkg: com.google.android.gms UnderlyingNetworks: Null] ], requested=true}
  {NetworkRequest [ REQUEST id=224, [ Capabilities: INTERNET&NOT_RESTRICTED&TRUSTED&NOT_VCN_MANAGED Uid: 99910129 RequestorUid: 99910129 RequestorPkg: com.google.android.gms UnderlyingNetworks: Null] ], requested=true}
  {NetworkRequest [ REQUEST id=226, [ Capabilities: INTERNET&NOT_RESTRICTED&TRUSTED&NOT_VCN_MANAGED Uid: 99910129 RequestorUid: 99910129 RequestorPkg: com.google.android.gms UnderlyingNetworks: Null] ], requested=true}
  {NetworkRequest [ REQUEST id=227, [ Capabilities: NOT_RESTRICTED&TRUSTED&NOT_VPN&NOT_VCN_MANAGED Uid: 10283 RequestorUid: 10283 RequestorPkg: com.tencent.mm UnderlyingNetworks: Null] ], requested=true}
  {NetworkRequest [ REQUEST id=228, [ Capabilities: NOT_RESTRICTED&TRUSTED&NOT_VPN&NOT_VCN_MANAGED Uid: 10283 RequestorUid: 10283 RequestorPkg: com.tencent.mm UnderlyingNetworks: Null] ], requested=true}
  {NetworkRequest [ REQUEST id=230, [ Capabilities: INTERNET&NOT_RESTRICTED&TRUSTED&NOT_VCN_MANAGED Uid: 10283 RequestorUid: 10283 RequestorPkg: com.tencent.mm UnderlyingNetworks: Null] ], requested=true}
  {NetworkRequest [ REQUEST id=233, [ Capabilities: INTERNET&NOT_RESTRICTED&TRUSTED&NOT_VCN_MANAGED Uid: 10283 RequestorUid: 10283 RequestorPkg: com.tencent.mm UnderlyingNetworks: Null] ], requested=true}
  {NetworkRequest [ REQUEST id=238, [ Capabilities: INTERNET&NOT_RESTRICTED&TRUSTED&NOT_VCN_MANAGED Uid: 10283 RequestorUid: 10283 RequestorPkg: com.tencent.mm UnderlyingNetworks: Null] ], requested=true}
  {NetworkRequest [ REQUEST id=240, [ Capabilities: INTERNET&NOT_RESTRICTED&TRUSTED&NOT_VCN_MANAGED Uid: 10127 RequestorUid: 10127 RequestorPkg: com.miui.gallery UnderlyingNetworks: Null] ], requested=true}
  {NetworkRequest [ REQUEST id=243, [ Capabilities: INTERNET&NOT_RESTRICTED&TRUSTED&NOT_VCN_MANAGED Uid: 10127 RequestorUid: 1000 RequestorPkg: android UnderlyingNetworks: Null] ], requested=true}
  {NetworkRequest [ REQUEST id=246, [ Capabilities: INTERNET&NOT_RESTRICTED&TRUSTED&NOT_VCN_MANAGED Uid: 10188 RequestorUid: 10188 RequestorPkg: com.milink.service UnderlyingNetworks: Null] ], requested=true}
  {NetworkRequest [ REQUEST id=249, [ Capabilities: INTERNET&NOT_RESTRICTED&TRUSTED&NOT_VCN_MANAGED Uid: 1027 RequestorUid: 1027 RequestorPkg: com.miui.tsmclient UnderlyingNetworks: Null] ], requested=true}
  {NetworkRequest [ REQUEST id=253, [ Capabilities: INTERNET&NOT_RESTRICTED&TRUSTED&NOT_VCN_MANAGED Uid: 10276 RequestorUid: 1000 RequestorPkg: android UnderlyingNetworks: Null] ], requested=true}
  {NetworkRequest [ REQUEST id=256, [ Capabilities: INTERNET&NOT_RESTRICTED&TRUSTED&NOT_VCN_MANAGED Uid: 10243 RequestorUid: 10243 RequestorPkg: org.telegram.messenger UnderlyingNetworks: Null] ], requested=true}
  {NetworkRequest [ REQUEST id=258, [ Capabilities: INTERNET&NOT_RESTRICTED&TRUSTED&NOT_VCN_MANAGED Uid: 10128 RequestorUid: 10128 RequestorPkg: com.android.vending UnderlyingNetworks: Null] ], requested=true}
  {NetworkRequest [ REQUEST id=261, [ Capabilities: INTERNET&NOT_RESTRICTED&TRUSTED&NOT_VCN_MANAGED Uid: 10128 RequestorUid: 10128 RequestorPkg: com.android.vending UnderlyingNetworks: Null] ], requested=true}
  {NetworkRequest [ REQUEST id=263, [ Capabilities: INTERNET&NOT_RESTRICTED&TRUSTED&NOT_VCN_MANAGED Uid: 10128 RequestorUid: 10128 RequestorPkg: com.android.vending UnderlyingNetworks: Null] ], requested=true}
  {NetworkRequest [ REQUEST id=267, [ Capabilities: INTERNET&NOT_RESTRICTED&TRUSTED&NOT_VCN_MANAGED Uid: 10128 RequestorUid: 10128 RequestorPkg: com.android.vending UnderlyingNetworks: Null] ], requested=true}
  {NetworkRequest [ REQUEST id=273, [ Capabilities: INTERNET&NOT_RESTRICTED&TRUSTED&NOT_VCN_MANAGED Uid: 10281 RequestorUid: 10281 RequestorPkg: com.google.android.apps.messaging UnderlyingNetworks: Null] ], requested=true}
  {NetworkRequest [ REQUEST id=288, [ Capabilities: INTERNET&NOT_RESTRICTED&TRUSTED&NOT_VCN_MANAGED Uid: 10281 RequestorUid: 10281 RequestorPkg: com.google.android.apps.messaging UnderlyingNetworks: Null] ], requested=true}
  {NetworkRequest [ REQUEST id=290, [ Capabilities: INTERNET&NOT_RESTRICTED&TRUSTED&NOT_VCN_MANAGED Uid: 10234 RequestorUid: 1000 RequestorPkg: android UnderlyingNetworks: Null] ], requested=true}
  {NetworkRequest [ REQUEST id=306, [ Capabilities: INTERNET&NOT_RESTRICTED&TRUSTED&NOT_VCN_MANAGED Uid: 10292 RequestorUid: 10292 RequestorPkg: com.autonavi.minimap UnderlyingNetworks: Null] ], requested=true}
  {NetworkRequest [ REQUEST id=308, [ Transports: WIFI Capabilities: INTERNET&NOT_RESTRICTED&TRUSTED&NOT_VPN&NOT_VCN_MANAGED Uid: 10292 RequestorUid: 10292 RequestorPkg: com.autonavi.minimap UnderlyingNetworks: Null] ], requested=true}
  {NetworkRequest [ REQUEST id=311, [ Capabilities: INTERNET&NOT_RESTRICTED&TRUSTED&NOT_VCN_MANAGED Uid: 10292 RequestorUid: 10292 RequestorPkg: com.autonavi.minimap UnderlyingNetworks: Null] ], requested=true}
  {NetworkRequest [ REQUEST id=312, [ Transports: WIFI Capabilities: INTERNET&NOT_RESTRICTED&TRUSTED&NOT_VPN&NOT_VCN_MANAGED Uid: 10292 RequestorUid: 10292 RequestorPkg: com.autonavi.minimap UnderlyingNetworks: Null] ], requested=true}
  {NetworkRequest [ REQUEST id=321, [ Capabilities: INTERNET&NOT_RESTRICTED&TRUSTED&NOT_VCN_MANAGED Uid: 10276 RequestorUid: 10276 RequestorPkg: com.google.android.dialer UnderlyingNetworks: Null] ], requested=true}
  {NetworkRequest [ REQUEST id=331, [ Capabilities: INTERNET&NOT_RESTRICTED&TRUSTED&NOT_VCN_MANAGED Uid: 10128 RequestorUid: 10128 RequestorPkg: com.android.vending UnderlyingNetworks: Null] ], requested=true}
UntrustedWifiNetworkFactory: mConnectionReqCount 0
providerId=10, ScoreFilter=Score(2147483647 ; Policies : 0), Filter=[ Transports: WIFI Capabilities: NOT_METERED&INTERNET&NOT_RESTRICTED&TRUSTED&NOT_VPN&NOT_ROAMING&NOT_CONGESTED&NOT_SUSPENDED&OEM_PAID&OEM_PRIVATE&NOT_VCN_MANAGED LinkUpBandwidth>=1048576Kbps LinkDnBandwidth>=1048576Kbps Specifier: <android.net.MatchAllNetworkSpecifier@0> UnderlyingNetworks: Null], requests=94
  {NetworkRequest [ REQUEST id=81, [ Capabilities: INTERNET&NOT_RESTRICTED&TRUSTED&NOT_VCN_MANAGED Uid: 1001 RequestorUid: 1001 RequestorPkg: com.android.phone UnderlyingNetworks: Null] ], requested=true}
  {NetworkRequest [ REQUEST id=60, [ Capabilities: INTERNET&NOT_RESTRICTED&TRUSTED&NOT_VCN_MANAGED Uid: 10279 RequestorUid: 1000 RequestorPkg: android UnderlyingNetworks: Null] ], requested=true}
  {NetworkRequest [ REQUEST id=22, [ Capabilities: INTERNET&NOT_RESTRICTED&TRUSTED&NOT_VCN_MANAGED Uid: 10239 RequestorUid: 1000 RequestorPkg: android UnderlyingNetworks: Null] ], requested=true}
  {NetworkRequest [ REQUEST id=77, [ Capabilities: INTERNET&NOT_RESTRICTED&TRUSTED&NOT_VCN_MANAGED Uid: 1000 RequestorUid: 1000 RequestorPkg: android UnderlyingNetworks: Null] ], requested=true}
  {NetworkRequest [ REQUEST id=68, [ Capabilities: INTERNET&NOT_RESTRICTED&TRUSTED&NOT_VCN_MANAGED Uid: 1000 RequestorUid: 1000 RequestorPkg: com.android.networkstack.inprocess UnderlyingNetworks: Null] ], requested=true}
  {NetworkRequest [ REQUEST id=52, [ Capabilities: INTERNET&NOT_RESTRICTED&TRUSTED&NOT_VCN_MANAGED Uid: 6101 RequestorUid: 1000 RequestorPkg: android UnderlyingNetworks: Null] ], requested=true}
  {NetworkRequest [ REQUEST id=88, [ Capabilities: INTERNET&NOT_RESTRICTED&TRUSTED&NOT_VCN_MANAGED Uid: 1000 RequestorUid: 1000 RequestorPkg: com.android.systemui UnderlyingNetworks: Null] ], requested=true}
  {NetworkRequest [ REQUEST id=34, [ Capabilities: INTERNET&NOT_RESTRICTED&TRUSTED&NOT_VCN_MANAGED Uid: 10152 RequestorUid: 1000 RequestorPkg: android UnderlyingNetworks: Null] ], requested=true}
  {NetworkRequest [ REQUEST id=46, [ Capabilities: INTERNET&NOT_RESTRICTED&TRUSTED&NOT_VCN_MANAGED Uid: 10113 RequestorUid: 1000 RequestorPkg: android UnderlyingNetworks: Null] ], requested=true}
  {NetworkRequest [ REQUEST id=26, [ Capabilities: INTERNET&NOT_RESTRICTED&TRUSTED&NOT_VCN_MANAGED Uid: 10185 RequestorUid: 1000 RequestorPkg: android UnderlyingNetworks: Null] ], requested=true}
  {NetworkRequest [ REQUEST id=62, [ Capabilities: INTERNET&NOT_RESTRICTED&TRUSTED&NOT_VCN_MANAGED Uid: 1000 RequestorUid: 1000 RequestorPkg: android UnderlyingNetworks: Null] ], requested=true}
  {NetworkRequest [ REQUEST id=38, [ Capabilities: INTERNET&NOT_RESTRICTED&TRUSTED&NOT_VCN_MANAGED Uid: 10128 RequestorUid: 1000 RequestorPkg: android UnderlyingNetworks: Null] ], requested=true}
  {NetworkRequest [ REQUEST id=40, [ Capabilities: INTERNET&NOT_RESTRICTED&TRUSTED&NOT_VCN_MANAGED Uid: 10126 RequestorUid: 1000 RequestorPkg: android UnderlyingNetworks: Null] ], requested=true}
  {NetworkRequest [ REQUEST id=7, [ Capabilities: INTERNET&NOT_RESTRICTED&TRUSTED&NOT_VCN_MANAGED Uid: 1000 RequestorUid: 1000 RequestorPkg: android UnderlyingNetworks: Null] ], requested=true}
  {NetworkRequest [ REQUEST id=50, [ Capabilities: INTERNET&NOT_RESTRICTED&TRUSTED&NOT_VCN_MANAGED Uid: 6102 RequestorUid: 1000 RequestorPkg: android UnderlyingNetworks: Null] ], requested=true}
  {NetworkRequest [ REQUEST id=42, [ Capabilities: INTERNET&NOT_RESTRICTED&TRUSTED&NOT_VCN_MANAGED Uid: 10120 RequestorUid: 1000 RequestorPkg: android UnderlyingNetworks: Null] ], requested=true}
  {NetworkRequest [ REQUEST id=20, [ Capabilities: INTERNET&NOT_RESTRICTED&TRUSTED&NOT_VCN_MANAGED Uid: 10253 RequestorUid: 1000 RequestorPkg: android UnderlyingNetworks: Null] ], requested=true}
  {NetworkRequest [ REQUEST id=44, [ Capabilities: INTERNET&NOT_RESTRICTED&TRUSTED&NOT_VCN_MANAGED Uid: 10117 RequestorUid: 1000 RequestorPkg: android UnderlyingNetworks: Null] ], requested=true}
  {NetworkRequest [ REQUEST id=58, [ Capabilities: INTERNET&NOT_RESTRICTED&TRUSTED&NOT_VCN_MANAGED Uid: 10243 RequestorUid: 1000 RequestorPkg: android UnderlyingNetworks: Null] ], requested=true}
  {NetworkRequest [ REQUEST id=54, [ Capabilities: INTERNET&NOT_RESTRICTED&TRUSTED&NOT_VCN_MANAGED Uid: 10129 RequestorUid: 1000 RequestorPkg: android UnderlyingNetworks: Null] ], requested=true}
  {NetworkRequest [ REQUEST id=30, [ Capabilities: INTERNET&NOT_RESTRICTED&TRUSTED&NOT_VCN_MANAGED Uid: 10158 RequestorUid: 1000 RequestorPkg: android UnderlyingNetworks: Null] ], requested=true}
  {NetworkRequest [ REQUEST id=1, [ Capabilities: INTERNET&NOT_RESTRICTED&TRUSTED&NOT_VPN&NOT_VCN_MANAGED RequestorUid: 1000 RequestorPkg: android UnderlyingNetworks: Null] ], requested=true}
  {NetworkRequest [ REQUEST id=64, [ Capabilities: INTERNET&NOT_RESTRICTED&TRUSTED&NOT_VCN_MANAGED Uid: 1000 RequestorUid: 1000 RequestorPkg: android UnderlyingNetworks: Null] ], requested=true}
  {NetworkRequest [ REQUEST id=36, [ Capabilities: INTERNET&NOT_RESTRICTED&TRUSTED&NOT_VCN_MANAGED Uid: 10133 RequestorUid: 1000 RequestorPkg: android UnderlyingNetworks: Null] ], requested=true}
  {NetworkRequest [ REQUEST id=48, [ Capabilities: INTERNET&NOT_RESTRICTED&TRUSTED&NOT_VCN_MANAGED Uid: 10100 RequestorUid: 1000 RequestorPkg: android UnderlyingNetworks: Null] ], requested=true}
  {NetworkRequest [ REQUEST id=56, [ Capabilities: INTERNET&NOT_RESTRICTED&TRUSTED&NOT_VCN_MANAGED Uid: 1000 RequestorUid: 1000 RequestorPkg: android UnderlyingNetworks: Null] ], requested=true}
  {NetworkRequest [ REQUEST id=13, [ Capabilities: INTERNET&NOT_RESTRICTED&TRUSTED&NOT_VCN_MANAGED Uid: 1000 RequestorUid: 1000 RequestorPkg: android UnderlyingNetworks: Null] ], requested=true}
  {NetworkRequest [ REQUEST id=28, [ Capabilities: INTERNET&NOT_RESTRICTED&TRUSTED&NOT_VCN_MANAGED Uid: 10165 RequestorUid: 1000 RequestorPkg: android UnderlyingNetworks: Null] ], requested=true}
  {NetworkRequest [ REQUEST id=85, [ Capabilities: INTERNET&NOT_RESTRICTED&TRUSTED&NOT_VCN_MANAGED Uid: 1001 RequestorUid: 1001 RequestorPkg: com.android.phone UnderlyingNetworks: Null] ], requested=true}
  {NetworkRequest [ REQUEST id=24, [ Capabilities: INTERNET&NOT_RESTRICTED&TRUSTED&NOT_VCN_MANAGED Uid: 10198 RequestorUid: 1000 RequestorPkg: android UnderlyingNetworks: Null] ], requested=true}
  {NetworkRequest [ REQUEST id=32, [ Capabilities: INTERNET&NOT_RESTRICTED&TRUSTED&NOT_VCN_MANAGED Uid: 10153 RequestorUid: 1000 RequestorPkg: android UnderlyingNetworks: Null] ], requested=true}
  {NetworkRequest [ REQUEST id=93, [ Capabilities: INTERNET&NOT_RESTRICTED&TRUSTED&NOT_VCN_MANAGED Uid: 1002 RequestorUid: 1000 RequestorPkg: android UnderlyingNetworks: Null] ], requested=true}
  {NetworkRequest [ REQUEST id=97, [ Capabilities: INTERNET&NOT_RESTRICTED&TRUSTED&NOT_VCN_MANAGED Uid: 10129 RequestorUid: 10129 RequestorPkg: com.google.android.gms UnderlyingNetworks: Null] ], requested=true}
  {NetworkRequest [ REQUEST id=100, [ Capabilities: INTERNET&NOT_RESTRICTED&TRUSTED&NOT_VCN_MANAGED Uid: 1000 RequestorUid: 1000 RequestorPkg: com.miui.securitycenter UnderlyingNetworks: Null] ], requested=true}
  {NetworkRequest [ REQUEST id=102, [ Capabilities: INTERNET&NOT_RESTRICTED&TRUSTED&NOT_VCN_MANAGED Uid: 10136 RequestorUid: 1000 RequestorPkg: android UnderlyingNetworks: Null] ], requested=true}
  {NetworkRequest [ REQUEST id=108, [ Capabilities: INTERNET&NOT_RESTRICTED&TRUSTED&NOT_VCN_MANAGED Uid: 10104 RequestorUid: 10104 RequestorPkg: com.qualcomm.qti.cne UnderlyingNetworks: Null] ], requested=true}
  {NetworkRequest [ REQUEST id=112, [ Capabilities: INTERNET&NOT_RESTRICTED&TRUSTED&NOT_VCN_MANAGED Uid: 10297 RequestorUid: 10297 RequestorPkg: com.follow.clash UnderlyingNetworks: Null] ], requested=true}
  {NetworkRequest [ REQUEST id=115, [ Capabilities: INTERNET&NOT_RESTRICTED&TRUSTED&NOT_VCN_MANAGED Uid: 10129 RequestorUid: 10129 RequestorPkg: com.google.android.gms UnderlyingNetworks: Null] ], requested=true}
  {NetworkRequest [ REQUEST id=119, [ Capabilities: INTERNET&NOT_RESTRICTED&TRUSTED&NOT_VCN_MANAGED Uid: 1000 RequestorUid: 1000 RequestorPkg: com.xiaomi.joyose UnderlyingNetworks: Null] ], requested=true}
  {NetworkRequest [ REQUEST id=121, [ Capabilities: INTERNET&NOT_RESTRICTED&TRUSTED&NOT_VCN_MANAGED Uid: 10174 RequestorUid: 10174 RequestorPkg: com.xiaomi.xmsf UnderlyingNetworks: Null] ], requested=true}
  {NetworkRequest [ REQUEST id=123, [ Capabilities: INTERNET&NOT_RESTRICTED&TRUSTED&NOT_VCN_MANAGED Uid: 10253 RequestorUid: 10253 RequestorPkg: com.google.android.inputmethod.latin UnderlyingNetworks: Null] ], requested=true}
  {NetworkRequest [ REQUEST id=129, [ Capabilities: INTERNET&NOT_RESTRICTED&TRUSTED&NOT_VCN_MANAGED Uid: 10281 RequestorUid: 10281 RequestorPkg: com.google.android.apps.messaging UnderlyingNetworks: Null] ], requested=true}
  {NetworkRequest [ REQUEST id=131, [ Capabilities: INTERNET&NOT_RESTRICTED&TRUSTED&NOT_VCN_MANAGED Uid: 10281 RequestorUid: 10281 RequestorPkg: com.google.android.apps.messaging UnderlyingNetworks: Null] ], requested=true}
  {NetworkRequest [ REQUEST id=136, [ Capabilities: INTERNET&NOT_RESTRICTED&TRUSTED&NOT_VCN_MANAGED Uid: 10252 RequestorUid: 10252 RequestorPkg: youqu.android.todesk UnderlyingNetworks: Null] ], requested=true}
  {NetworkRequest [ REQUEST id=139, [ Capabilities: INTERNET&NOT_RESTRICTED&TRUSTED&NOT_VCN_MANAGED Uid: 6110 RequestorUid: 1000 RequestorPkg: android UnderlyingNetworks: Null] ], requested=true}
  {NetworkRequest [ REQUEST id=141, [ Capabilities: INTERNET&NOT_RESTRICTED&TRUSTED&NOT_VCN_MANAGED Uid: 10281 RequestorUid: 1000 RequestorPkg: android UnderlyingNetworks: Null] ], requested=true}
  {NetworkRequest [ REQUEST id=143, [ Capabilities: INTERNET&NOT_RESTRICTED&TRUSTED&NOT_VCN_MANAGED Uid: 1001 RequestorUid: 1001 RequestorPkg: com.qti.dpmserviceapp UnderlyingNetworks: Null] ], requested=true}
  {NetworkRequest [ REQUEST id=145, [ Capabilities: INTERNET&NOT_RESTRICTED&TRUSTED&NOT_VCN_MANAGED Uid: 10279 RequestorUid: 10279 RequestorPkg: com.whatsapp UnderlyingNetworks: Null] ], requested=true}
  {NetworkRequest [ REQUEST id=147, [ Capabilities: INTERNET&NOT_RESTRICTED&TRUSTED&NOT_VCN_MANAGED Uid: 10083 RequestorUid: 1000 RequestorPkg: android UnderlyingNetworks: Null] ], requested=true}
  {NetworkRequest [ REQUEST id=152, [ Capabilities: INTERNET&NOT_RESTRICTED&TRUSTED&NOT_VCN_MANAGED Uid: 10129 RequestorUid: 10129 RequestorPkg: com.google.android.gms UnderlyingNetworks: Null] ], requested=true}
  {NetworkRequest [ REQUEST id=158, [ Capabilities: INTERNET&NOT_RESTRICTED&TRUSTED&NOT_VCN_MANAGED Uid: 10129 RequestorUid: 10129 RequestorPkg: com.google.android.gms UnderlyingNetworks: Null] ], requested=true}
  {NetworkRequest [ REQUEST id=160, [ Capabilities: INTERNET&NOT_RESTRICTED&TRUSTED&NOT_VCN_MANAGED Uid: 10279 RequestorUid: 10279 RequestorPkg: com.whatsapp UnderlyingNetworks: Null] ], requested=true}
  {NetworkRequest [ REQUEST id=170, [ Capabilities: INTERNET&NOT_RESTRICTED&TRUSTED&NOT_VCN_MANAGED Uid: 10129 RequestorUid: 10129 RequestorPkg: com.google.android.gms UnderlyingNetworks: Null] ], requested=true}
  {NetworkRequest [ REQUEST id=174, [ Capabilities: INTERNET&NOT_RESTRICTED&TRUSTED&NOT_VCN_MANAGED Uid: 10206 RequestorUid: 1000 RequestorPkg: android UnderlyingNetworks: Null] ], requested=true}
  {NetworkRequest [ REQUEST id=177, [ Capabilities: INTERNET&NOT_RESTRICTED&TRUSTED&NOT_VCN_MANAGED Uid: 10129 RequestorUid: 10129 RequestorPkg: com.google.android.gms UnderlyingNetworks: Null] ], requested=true}
  {NetworkRequest [ REQUEST id=181, [ Capabilities: INTERNET&NOT_RESTRICTED&TRUSTED&NOT_VCN_MANAGED Uid: 99910129 RequestorUid: 99910129 RequestorPkg: com.google.android.gms UnderlyingNetworks: Null] ], requested=true}
  {NetworkRequest [ REQUEST id=186, [ Capabilities: INTERNET&NOT_RESTRICTED&TRUSTED&NOT_VCN_MANAGED Uid: 10129 RequestorUid: 10129 RequestorPkg: com.google.android.gms UnderlyingNetworks: Null] ], requested=true}
  {NetworkRequest [ REQUEST id=188, [ Capabilities: INTERNET&NOT_RESTRICTED&TRUSTED&NOT_VCN_MANAGED Uid: 10129 RequestorUid: 10129 RequestorPkg: com.google.android.gms UnderlyingNetworks: Null] ], requested=true}
  {NetworkRequest [ REQUEST id=191, [ Capabilities: INTERNET&NOT_RESTRICTED&TRUSTED&NOT_VCN_MANAGED Uid: 10129 RequestorUid: 10129 RequestorPkg: com.google.android.gms UnderlyingNetworks: Null] ], requested=true}
  {NetworkRequest [ REQUEST id=193, [ Capabilities: INTERNET&NOT_RESTRICTED&TRUSTED&NOT_VCN_MANAGED Uid: 10174 RequestorUid: 1000 RequestorPkg: android UnderlyingNetworks: Null] ], requested=true}
  {NetworkRequest [ REQUEST id=195, [ Capabilities: INTERNET&NOT_RESTRICTED&TRUSTED&NOT_VCN_MANAGED Uid: 10283 RequestorUid: 10283 RequestorPkg: com.tencent.mm UnderlyingNetworks: Null] ], requested=true}
  {NetworkRequest [ REQUEST id=200, [ Capabilities: INTERNET&NOT_RESTRICTED&TRUSTED&NOT_VCN_MANAGED Uid: 10283 RequestorUid: 10283 RequestorPkg: com.tencent.mm UnderlyingNetworks: Null] ], requested=true}
  {NetworkRequest [ REQUEST id=208, [ Capabilities: INTERNET&NOT_RESTRICTED&TRUSTED&NOT_VCN_MANAGED Uid: 99910136 RequestorUid: 1000 RequestorPkg: android UnderlyingNetworks: Null] ], requested=true}
  {NetworkRequest [ REQUEST id=210, [ Capabilities: INTERNET&NOT_RESTRICTED&TRUSTED&NOT_VCN_MANAGED Uid: 10260 RequestorUid: 1000 RequestorPkg: android UnderlyingNetworks: Null] ], requested=true}
  {NetworkRequest [ REQUEST id=213, [ Capabilities: INTERNET&NOT_RESTRICTED&TRUSTED&NOT_VCN_MANAGED Uid: 99910129 RequestorUid: 99910129 RequestorPkg: com.google.android.gms UnderlyingNetworks: Null] ], requested=true}
  {NetworkRequest [ REQUEST id=215, [ Capabilities: INTERNET&NOT_RESTRICTED&TRUSTED&NOT_VCN_MANAGED Uid: 99910129 RequestorUid: 99910129 RequestorPkg: com.google.android.gms UnderlyingNetworks: Null] ], requested=true}
  {NetworkRequest [ REQUEST id=218, [ Capabilities: INTERNET&NOT_RESTRICTED&TRUSTED&NOT_VCN_MANAGED Uid: 99910129 RequestorUid: 99910129 RequestorPkg: com.google.android.gms UnderlyingNetworks: Null] ], requested=true}
  {NetworkRequest [ REQUEST id=221, [ Capabilities: INTERNET&NOT_RESTRICTED&TRUSTED&NOT_VCN_MANAGED Uid: 99910129 RequestorUid: 99910129 RequestorPkg: com.google.android.gms UnderlyingNetworks: Null] ], requested=true}
  {NetworkRequest [ REQUEST id=224, [ Capabilities: INTERNET&NOT_RESTRICTED&TRUSTED&NOT_VCN_MANAGED Uid: 99910129 RequestorUid: 99910129 RequestorPkg: com.google.android.gms UnderlyingNetworks: Null] ], requested=true}
  {NetworkRequest [ REQUEST id=226, [ Capabilities: INTERNET&NOT_RESTRICTED&TRUSTED&NOT_VCN_MANAGED Uid: 99910129 RequestorUid: 99910129 RequestorPkg: com.google.android.gms UnderlyingNetworks: Null] ], requested=true}
  {NetworkRequest [ REQUEST id=227, [ Capabilities: NOT_RESTRICTED&TRUSTED&NOT_VPN&NOT_VCN_MANAGED Uid: 10283 RequestorUid: 10283 RequestorPkg: com.tencent.mm UnderlyingNetworks: Null] ], requested=true}
  {NetworkRequest [ REQUEST id=228, [ Capabilities: NOT_RESTRICTED&TRUSTED&NOT_VPN&NOT_VCN_MANAGED Uid: 10283 RequestorUid: 10283 RequestorPkg: com.tencent.mm UnderlyingNetworks: Null] ], requested=true}
  {NetworkRequest [ REQUEST id=230, [ Capabilities: INTERNET&NOT_RESTRICTED&TRUSTED&NOT_VCN_MANAGED Uid: 10283 RequestorUid: 10283 RequestorPkg: com.tencent.mm UnderlyingNetworks: Null] ], requested=true}
  {NetworkRequest [ REQUEST id=233, [ Capabilities: INTERNET&NOT_RESTRICTED&TRUSTED&NOT_VCN_MANAGED Uid: 10283 RequestorUid: 10283 RequestorPkg: com.tencent.mm UnderlyingNetworks: Null] ], requested=true}
  {NetworkRequest [ REQUEST id=238, [ Capabilities: INTERNET&NOT_RESTRICTED&TRUSTED&NOT_VCN_MANAGED Uid: 10283 RequestorUid: 10283 RequestorPkg: com.tencent.mm UnderlyingNetworks: Null] ], requested=true}
  {NetworkRequest [ REQUEST id=240, [ Capabilities: INTERNET&NOT_RESTRICTED&TRUSTED&NOT_VCN_MANAGED Uid: 10127 RequestorUid: 10127 RequestorPkg: com.miui.gallery UnderlyingNetworks: Null] ], requested=true}
  {NetworkRequest [ REQUEST id=243, [ Capabilities: INTERNET&NOT_RESTRICTED&TRUSTED&NOT_VCN_MANAGED Uid: 10127 RequestorUid: 1000 RequestorPkg: android UnderlyingNetworks: Null] ], requested=true}
  {NetworkRequest [ REQUEST id=246, [ Capabilities: INTERNET&NOT_RESTRICTED&TRUSTED&NOT_VCN_MANAGED Uid: 10188 RequestorUid: 10188 RequestorPkg: com.milink.service UnderlyingNetworks: Null] ], requested=true}
  {NetworkRequest [ REQUEST id=249, [ Capabilities: INTERNET&NOT_RESTRICTED&TRUSTED&NOT_VCN_MANAGED Uid: 1027 RequestorUid: 1027 RequestorPkg: com.miui.tsmclient UnderlyingNetworks: Null] ], requested=true}
  {NetworkRequest [ REQUEST id=253, [ Capabilities: INTERNET&NOT_RESTRICTED&TRUSTED&NOT_VCN_MANAGED Uid: 10276 RequestorUid: 1000 RequestorPkg: android UnderlyingNetworks: Null] ], requested=true}
  {NetworkRequest [ REQUEST id=256, [ Capabilities: INTERNET&NOT_RESTRICTED&TRUSTED&NOT_VCN_MANAGED Uid: 10243 RequestorUid: 10243 RequestorPkg: org.telegram.messenger UnderlyingNetworks: Null] ], requested=true}
  {NetworkRequest [ REQUEST id=258, [ Capabilities: INTERNET&NOT_RESTRICTED&TRUSTED&NOT_VCN_MANAGED Uid: 10128 RequestorUid: 10128 RequestorPkg: com.android.vending UnderlyingNetworks: Null] ], requested=true}
  {NetworkRequest [ REQUEST id=261, [ Capabilities: INTERNET&NOT_RESTRICTED&TRUSTED&NOT_VCN_MANAGED Uid: 10128 RequestorUid: 10128 RequestorPkg: com.android.vending UnderlyingNetworks: Null] ], requested=true}
  {NetworkRequest [ REQUEST id=263, [ Capabilities: INTERNET&NOT_RESTRICTED&TRUSTED&NOT_VCN_MANAGED Uid: 10128 RequestorUid: 10128 RequestorPkg: com.android.vending UnderlyingNetworks: Null] ], requested=true}
  {NetworkRequest [ REQUEST id=267, [ Capabilities: INTERNET&NOT_RESTRICTED&TRUSTED&NOT_VCN_MANAGED Uid: 10128 RequestorUid: 10128 RequestorPkg: com.android.vending UnderlyingNetworks: Null] ], requested=true}
  {NetworkRequest [ REQUEST id=273, [ Capabilities: INTERNET&NOT_RESTRICTED&TRUSTED&NOT_VCN_MANAGED Uid: 10281 RequestorUid: 10281 RequestorPkg: com.google.android.apps.messaging UnderlyingNetworks: Null] ], requested=true}
  {NetworkRequest [ REQUEST id=288, [ Capabilities: INTERNET&NOT_RESTRICTED&TRUSTED&NOT_VCN_MANAGED Uid: 10281 RequestorUid: 10281 RequestorPkg: com.google.android.apps.messaging UnderlyingNetworks: Null] ], requested=true}
  {NetworkRequest [ REQUEST id=290, [ Capabilities: INTERNET&NOT_RESTRICTED&TRUSTED&NOT_VCN_MANAGED Uid: 10234 RequestorUid: 1000 RequestorPkg: android UnderlyingNetworks: Null] ], requested=true}
  {NetworkRequest [ REQUEST id=306, [ Capabilities: INTERNET&NOT_RESTRICTED&TRUSTED&NOT_VCN_MANAGED Uid: 10292 RequestorUid: 10292 RequestorPkg: com.autonavi.minimap UnderlyingNetworks: Null] ], requested=true}
  {NetworkRequest [ REQUEST id=308, [ Transports: WIFI Capabilities: INTERNET&NOT_RESTRICTED&TRUSTED&NOT_VPN&NOT_VCN_MANAGED Uid: 10292 RequestorUid: 10292 RequestorPkg: com.autonavi.minimap UnderlyingNetworks: Null] ], requested=true}
  {NetworkRequest [ REQUEST id=311, [ Capabilities: INTERNET&NOT_RESTRICTED&TRUSTED&NOT_VCN_MANAGED Uid: 10292 RequestorUid: 10292 RequestorPkg: com.autonavi.minimap UnderlyingNetworks: Null] ], requested=true}
  {NetworkRequest [ REQUEST id=312, [ Transports: WIFI Capabilities: INTERNET&NOT_RESTRICTED&TRUSTED&NOT_VPN&NOT_VCN_MANAGED Uid: 10292 RequestorUid: 10292 RequestorPkg: com.autonavi.minimap UnderlyingNetworks: Null] ], requested=true}
  {NetworkRequest [ REQUEST id=321, [ Capabilities: INTERNET&NOT_RESTRICTED&TRUSTED&NOT_VCN_MANAGED Uid: 10276 RequestorUid: 10276 RequestorPkg: com.google.android.dialer UnderlyingNetworks: Null] ], requested=true}
  {NetworkRequest [ REQUEST id=331, [ Capabilities: INTERNET&NOT_RESTRICTED&TRUSTED&NOT_VCN_MANAGED Uid: 10128 RequestorUid: 10128 RequestorPkg: com.android.vending UnderlyingNetworks: Null] ], requested=true}
OemPaidWifiNetworkFactory: mOemPaidConnectionReqCount 0
OemPaidWifiNetworkFactory: mOemPrivateConnectionReqCount 0
providerId=9, ScoreFilter=Score(2147483647 ; Policies : 0), Filter=[ Transports: WIFI Capabilities: NOT_METERED&INTERNET&TRUSTED&NOT_VPN&NOT_ROAMING&NOT_CONGESTED&NOT_SUSPENDED&NOT_VCN_MANAGED LinkUpBandwidth>=1048576Kbps LinkDnBandwidth>=1048576Kbps Specifier: <android.net.MatchAllNetworkSpecifier@0> UnderlyingNetworks: Null], requests=0
RestrictedWifiNetworkFactory: mConnectionReqCount 0
providerId=11, ScoreFilter=Score(2147483647 ; Policies : 0), Filter=[ Transports: WIFI Capabilities: NOT_METERED&INTERNET&NOT_RESTRICTED&TRUSTED&NOT_VPN&NOT_ROAMING&NOT_CONGESTED&NOT_SUSPENDED&NOT_VCN_MANAGED LinkUpBandwidth>=1048576Kbps LinkDnBandwidth>=1048576Kbps Specifier: <android.net.MatchAllNetworkSpecifier@0> UnderlyingNetworks: Null], requests=94
  {NetworkRequest [ REQUEST id=81, [ Capabilities: INTERNET&NOT_RESTRICTED&TRUSTED&NOT_VCN_MANAGED Uid: 1001 RequestorUid: 1001 RequestorPkg: com.android.phone UnderlyingNetworks: Null] ], requested=false}
  {NetworkRequest [ REQUEST id=60, [ Capabilities: INTERNET&NOT_RESTRICTED&TRUSTED&NOT_VCN_MANAGED Uid: 10279 RequestorUid: 1000 RequestorPkg: android UnderlyingNetworks: Null] ], requested=false}
  {NetworkRequest [ REQUEST id=22, [ Capabilities: INTERNET&NOT_RESTRICTED&TRUSTED&NOT_VCN_MANAGED Uid: 10239 RequestorUid: 1000 RequestorPkg: android UnderlyingNetworks: Null] ], requested=false}
  {NetworkRequest [ REQUEST id=77, [ Capabilities: INTERNET&NOT_RESTRICTED&TRUSTED&NOT_VCN_MANAGED Uid: 1000 RequestorUid: 1000 RequestorPkg: android UnderlyingNetworks: Null] ], requested=false}
  {NetworkRequest [ REQUEST id=68, [ Capabilities: INTERNET&NOT_RESTRICTED&TRUSTED&NOT_VCN_MANAGED Uid: 1000 RequestorUid: 1000 RequestorPkg: com.android.networkstack.inprocess UnderlyingNetworks: Null] ], requested=false}
  {NetworkRequest [ REQUEST id=52, [ Capabilities: INTERNET&NOT_RESTRICTED&TRUSTED&NOT_VCN_MANAGED Uid: 6101 RequestorUid: 1000 RequestorPkg: android UnderlyingNetworks: Null] ], requested=false}
  {NetworkRequest [ REQUEST id=88, [ Capabilities: INTERNET&NOT_RESTRICTED&TRUSTED&NOT_VCN_MANAGED Uid: 1000 RequestorUid: 1000 RequestorPkg: com.android.systemui UnderlyingNetworks: Null] ], requested=false}
  {NetworkRequest [ REQUEST id=34, [ Capabilities: INTERNET&NOT_RESTRICTED&TRUSTED&NOT_VCN_MANAGED Uid: 10152 RequestorUid: 1000 RequestorPkg: android UnderlyingNetworks: Null] ], requested=false}
  {NetworkRequest [ REQUEST id=46, [ Capabilities: INTERNET&NOT_RESTRICTED&TRUSTED&NOT_VCN_MANAGED Uid: 10113 RequestorUid: 1000 RequestorPkg: android UnderlyingNetworks: Null] ], requested=false}
  {NetworkRequest [ REQUEST id=26, [ Capabilities: INTERNET&NOT_RESTRICTED&TRUSTED&NOT_VCN_MANAGED Uid: 10185 RequestorUid: 1000 RequestorPkg: android UnderlyingNetworks: Null] ], requested=false}
  {NetworkRequest [ REQUEST id=62, [ Capabilities: INTERNET&NOT_RESTRICTED&TRUSTED&NOT_VCN_MANAGED Uid: 1000 RequestorUid: 1000 RequestorPkg: android UnderlyingNetworks: Null] ], requested=false}
  {NetworkRequest [ REQUEST id=38, [ Capabilities: INTERNET&NOT_RESTRICTED&TRUSTED&NOT_VCN_MANAGED Uid: 10128 RequestorUid: 1000 RequestorPkg: android UnderlyingNetworks: Null] ], requested=false}
  {NetworkRequest [ REQUEST id=40, [ Capabilities: INTERNET&NOT_RESTRICTED&TRUSTED&NOT_VCN_MANAGED Uid: 10126 RequestorUid: 1000 RequestorPkg: android UnderlyingNetworks: Null] ], requested=false}
  {NetworkRequest [ REQUEST id=7, [ Capabilities: INTERNET&NOT_RESTRICTED&TRUSTED&NOT_VCN_MANAGED Uid: 1000 RequestorUid: 1000 RequestorPkg: android UnderlyingNetworks: Null] ], requested=false}
  {NetworkRequest [ REQUEST id=50, [ Capabilities: INTERNET&NOT_RESTRICTED&TRUSTED&NOT_VCN_MANAGED Uid: 6102 RequestorUid: 1000 RequestorPkg: android UnderlyingNetworks: Null] ], requested=false}
  {NetworkRequest [ REQUEST id=42, [ Capabilities: INTERNET&NOT_RESTRICTED&TRUSTED&NOT_VCN_MANAGED Uid: 10120 RequestorUid: 1000 RequestorPkg: android UnderlyingNetworks: Null] ], requested=false}
  {NetworkRequest [ REQUEST id=20, [ Capabilities: INTERNET&NOT_RESTRICTED&TRUSTED&NOT_VCN_MANAGED Uid: 10253 RequestorUid: 1000 RequestorPkg: android UnderlyingNetworks: Null] ], requested=false}
  {NetworkRequest [ REQUEST id=44, [ Capabilities: INTERNET&NOT_RESTRICTED&TRUSTED&NOT_VCN_MANAGED Uid: 10117 RequestorUid: 1000 RequestorPkg: android UnderlyingNetworks: Null] ], requested=false}
  {NetworkRequest [ REQUEST id=58, [ Capabilities: INTERNET&NOT_RESTRICTED&TRUSTED&NOT_VCN_MANAGED Uid: 10243 RequestorUid: 1000 RequestorPkg: android UnderlyingNetworks: Null] ], requested=false}
  {NetworkRequest [ REQUEST id=54, [ Capabilities: INTERNET&NOT_RESTRICTED&TRUSTED&NOT_VCN_MANAGED Uid: 10129 RequestorUid: 1000 RequestorPkg: android UnderlyingNetworks: Null] ], requested=false}
  {NetworkRequest [ REQUEST id=30, [ Capabilities: INTERNET&NOT_RESTRICTED&TRUSTED&NOT_VCN_MANAGED Uid: 10158 RequestorUid: 1000 RequestorPkg: android UnderlyingNetworks: Null] ], requested=false}
  {NetworkRequest [ REQUEST id=1, [ Capabilities: INTERNET&NOT_RESTRICTED&TRUSTED&NOT_VPN&NOT_VCN_MANAGED RequestorUid: 1000 RequestorPkg: android UnderlyingNetworks: Null] ], requested=false}
  {NetworkRequest [ REQUEST id=64, [ Capabilities: INTERNET&NOT_RESTRICTED&TRUSTED&NOT_VCN_MANAGED Uid: 1000 RequestorUid: 1000 RequestorPkg: android UnderlyingNetworks: Null] ], requested=false}
  {NetworkRequest [ REQUEST id=36, [ Capabilities: INTERNET&NOT_RESTRICTED&TRUSTED&NOT_VCN_MANAGED Uid: 10133 RequestorUid: 1000 RequestorPkg: android UnderlyingNetworks: Null] ], requested=false}
  {NetworkRequest [ REQUEST id=48, [ Capabilities: INTERNET&NOT_RESTRICTED&TRUSTED&NOT_VCN_MANAGED Uid: 10100 RequestorUid: 1000 RequestorPkg: android UnderlyingNetworks: Null] ], requested=false}
  {NetworkRequest [ REQUEST id=56, [ Capabilities: INTERNET&NOT_RESTRICTED&TRUSTED&NOT_VCN_MANAGED Uid: 1000 RequestorUid: 1000 RequestorPkg: android UnderlyingNetworks: Null] ], requested=false}
  {NetworkRequest [ REQUEST id=13, [ Capabilities: INTERNET&NOT_RESTRICTED&TRUSTED&NOT_VCN_MANAGED Uid: 1000 RequestorUid: 1000 RequestorPkg: android UnderlyingNetworks: Null] ], requested=false}
  {NetworkRequest [ REQUEST id=28, [ Capabilities: INTERNET&NOT_RESTRICTED&TRUSTED&NOT_VCN_MANAGED Uid: 10165 RequestorUid: 1000 RequestorPkg: android UnderlyingNetworks: Null] ], requested=false}
  {NetworkRequest [ REQUEST id=85, [ Capabilities: INTERNET&NOT_RESTRICTED&TRUSTED&NOT_VCN_MANAGED Uid: 1001 RequestorUid: 1001 RequestorPkg: com.android.phone UnderlyingNetworks: Null] ], requested=false}
  {NetworkRequest [ REQUEST id=24, [ Capabilities: INTERNET&NOT_RESTRICTED&TRUSTED&NOT_VCN_MANAGED Uid: 10198 RequestorUid: 1000 RequestorPkg: android UnderlyingNetworks: Null] ], requested=false}
  {NetworkRequest [ REQUEST id=32, [ Capabilities: INTERNET&NOT_RESTRICTED&TRUSTED&NOT_VCN_MANAGED Uid: 10153 RequestorUid: 1000 RequestorPkg: android UnderlyingNetworks: Null] ], requested=false}
  {NetworkRequest [ REQUEST id=93, [ Capabilities: INTERNET&NOT_RESTRICTED&TRUSTED&NOT_VCN_MANAGED Uid: 1002 RequestorUid: 1000 RequestorPkg: android UnderlyingNetworks: Null] ], requested=false}
  {NetworkRequest [ REQUEST id=97, [ Capabilities: INTERNET&NOT_RESTRICTED&TRUSTED&NOT_VCN_MANAGED Uid: 10129 RequestorUid: 10129 RequestorPkg: com.google.android.gms UnderlyingNetworks: Null] ], requested=false}
  {NetworkRequest [ REQUEST id=100, [ Capabilities: INTERNET&NOT_RESTRICTED&TRUSTED&NOT_VCN_MANAGED Uid: 1000 RequestorUid: 1000 RequestorPkg: com.miui.securitycenter UnderlyingNetworks: Null] ], requested=false}
  {NetworkRequest [ REQUEST id=102, [ Capabilities: INTERNET&NOT_RESTRICTED&TRUSTED&NOT_VCN_MANAGED Uid: 10136 RequestorUid: 1000 RequestorPkg: android UnderlyingNetworks: Null] ], requested=false}
  {NetworkRequest [ REQUEST id=108, [ Capabilities: INTERNET&NOT_RESTRICTED&TRUSTED&NOT_VCN_MANAGED Uid: 10104 RequestorUid: 10104 RequestorPkg: com.qualcomm.qti.cne UnderlyingNetworks: Null] ], requested=false}
  {NetworkRequest [ REQUEST id=112, [ Capabilities: INTERNET&NOT_RESTRICTED&TRUSTED&NOT_VCN_MANAGED Uid: 10297 RequestorUid: 10297 RequestorPkg: com.follow.clash UnderlyingNetworks: Null] ], requested=false}
  {NetworkRequest [ REQUEST id=115, [ Capabilities: INTERNET&NOT_RESTRICTED&TRUSTED&NOT_VCN_MANAGED Uid: 10129 RequestorUid: 10129 RequestorPkg: com.google.android.gms UnderlyingNetworks: Null] ], requested=false}
  {NetworkRequest [ REQUEST id=119, [ Capabilities: INTERNET&NOT_RESTRICTED&TRUSTED&NOT_VCN_MANAGED Uid: 1000 RequestorUid: 1000 RequestorPkg: com.xiaomi.joyose UnderlyingNetworks: Null] ], requested=false}
  {NetworkRequest [ REQUEST id=121, [ Capabilities: INTERNET&NOT_RESTRICTED&TRUSTED&NOT_VCN_MANAGED Uid: 10174 RequestorUid: 10174 RequestorPkg: com.xiaomi.xmsf UnderlyingNetworks: Null] ], requested=false}
  {NetworkRequest [ REQUEST id=123, [ Capabilities: INTERNET&NOT_RESTRICTED&TRUSTED&NOT_VCN_MANAGED Uid: 10253 RequestorUid: 10253 RequestorPkg: com.google.android.inputmethod.latin UnderlyingNetworks: Null] ], requested=false}
  {NetworkRequest [ REQUEST id=129, [ Capabilities: INTERNET&NOT_RESTRICTED&TRUSTED&NOT_VCN_MANAGED Uid: 10281 RequestorUid: 10281 RequestorPkg: com.google.android.apps.messaging UnderlyingNetworks: Null] ], requested=false}
  {NetworkRequest [ REQUEST id=131, [ Capabilities: INTERNET&NOT_RESTRICTED&TRUSTED&NOT_VCN_MANAGED Uid: 10281 RequestorUid: 10281 RequestorPkg: com.google.android.apps.messaging UnderlyingNetworks: Null] ], requested=false}
  {NetworkRequest [ REQUEST id=136, [ Capabilities: INTERNET&NOT_RESTRICTED&TRUSTED&NOT_VCN_MANAGED Uid: 10252 RequestorUid: 10252 RequestorPkg: youqu.android.todesk UnderlyingNetworks: Null] ], requested=false}
  {NetworkRequest [ REQUEST id=139, [ Capabilities: INTERNET&NOT_RESTRICTED&TRUSTED&NOT_VCN_MANAGED Uid: 6110 RequestorUid: 1000 RequestorPkg: android UnderlyingNetworks: Null] ], requested=false}
  {NetworkRequest [ REQUEST id=141, [ Capabilities: INTERNET&NOT_RESTRICTED&TRUSTED&NOT_VCN_MANAGED Uid: 10281 RequestorUid: 1000 RequestorPkg: android UnderlyingNetworks: Null] ], requested=false}
  {NetworkRequest [ REQUEST id=143, [ Capabilities: INTERNET&NOT_RESTRICTED&TRUSTED&NOT_VCN_MANAGED Uid: 1001 RequestorUid: 1001 RequestorPkg: com.qti.dpmserviceapp UnderlyingNetworks: Null] ], requested=false}
  {NetworkRequest [ REQUEST id=145, [ Capabilities: INTERNET&NOT_RESTRICTED&TRUSTED&NOT_VCN_MANAGED Uid: 10279 RequestorUid: 10279 RequestorPkg: com.whatsapp UnderlyingNetworks: Null] ], requested=false}
  {NetworkRequest [ REQUEST id=147, [ Capabilities: INTERNET&NOT_RESTRICTED&TRUSTED&NOT_VCN_MANAGED Uid: 10083 RequestorUid: 1000 RequestorPkg: android UnderlyingNetworks: Null] ], requested=false}
  {NetworkRequest [ REQUEST id=152, [ Capabilities: INTERNET&NOT_RESTRICTED&TRUSTED&NOT_VCN_MANAGED Uid: 10129 RequestorUid: 10129 RequestorPkg: com.google.android.gms UnderlyingNetworks: Null] ], requested=false}
  {NetworkRequest [ REQUEST id=158, [ Capabilities: INTERNET&NOT_RESTRICTED&TRUSTED&NOT_VCN_MANAGED Uid: 10129 RequestorUid: 10129 RequestorPkg: com.google.android.gms UnderlyingNetworks: Null] ], requested=false}
  {NetworkRequest [ REQUEST id=160, [ Capabilities: INTERNET&NOT_RESTRICTED&TRUSTED&NOT_VCN_MANAGED Uid: 10279 RequestorUid: 10279 RequestorPkg: com.whatsapp UnderlyingNetworks: Null] ], requested=false}
  {NetworkRequest [ REQUEST id=170, [ Capabilities: INTERNET&NOT_RESTRICTED&TRUSTED&NOT_VCN_MANAGED Uid: 10129 RequestorUid: 10129 RequestorPkg: com.google.android.gms UnderlyingNetworks: Null] ], requested=false}
  {NetworkRequest [ REQUEST id=174, [ Capabilities: INTERNET&NOT_RESTRICTED&TRUSTED&NOT_VCN_MANAGED Uid: 10206 RequestorUid: 1000 RequestorPkg: android UnderlyingNetworks: Null] ], requested=false}
  {NetworkRequest [ REQUEST id=177, [ Capabilities: INTERNET&NOT_RESTRICTED&TRUSTED&NOT_VCN_MANAGED Uid: 10129 RequestorUid: 10129 RequestorPkg: com.google.android.gms UnderlyingNetworks: Null] ], requested=false}
  {NetworkRequest [ REQUEST id=181, [ Capabilities: INTERNET&NOT_RESTRICTED&TRUSTED&NOT_VCN_MANAGED Uid: 99910129 RequestorUid: 99910129 RequestorPkg: com.google.android.gms UnderlyingNetworks: Null] ], requested=false}
  {NetworkRequest [ REQUEST id=186, [ Capabilities: INTERNET&NOT_RESTRICTED&TRUSTED&NOT_VCN_MANAGED Uid: 10129 RequestorUid: 10129 RequestorPkg: com.google.android.gms UnderlyingNetworks: Null] ], requested=false}
  {NetworkRequest [ REQUEST id=188, [ Capabilities: INTERNET&NOT_RESTRICTED&TRUSTED&NOT_VCN_MANAGED Uid: 10129 RequestorUid: 10129 RequestorPkg: com.google.android.gms UnderlyingNetworks: Null] ], requested=false}
  {NetworkRequest [ REQUEST id=191, [ Capabilities: INTERNET&NOT_RESTRICTED&TRUSTED&NOT_VCN_MANAGED Uid: 10129 RequestorUid: 10129 RequestorPkg: com.google.android.gms UnderlyingNetworks: Null] ], requested=false}
  {NetworkRequest [ REQUEST id=193, [ Capabilities: INTERNET&NOT_RESTRICTED&TRUSTED&NOT_VCN_MANAGED Uid: 10174 RequestorUid: 1000 RequestorPkg: android UnderlyingNetworks: Null] ], requested=false}
  {NetworkRequest [ REQUEST id=195, [ Capabilities: INTERNET&NOT_RESTRICTED&TRUSTED&NOT_VCN_MANAGED Uid: 10283 RequestorUid: 10283 RequestorPkg: com.tencent.mm UnderlyingNetworks: Null] ], requested=false}
  {NetworkRequest [ REQUEST id=200, [ Capabilities: INTERNET&NOT_RESTRICTED&TRUSTED&NOT_VCN_MANAGED Uid: 10283 RequestorUid: 10283 RequestorPkg: com.tencent.mm UnderlyingNetworks: Null] ], requested=false}
  {NetworkRequest [ REQUEST id=208, [ Capabilities: INTERNET&NOT_RESTRICTED&TRUSTED&NOT_VCN_MANAGED Uid: 99910136 RequestorUid: 1000 RequestorPkg: android UnderlyingNetworks: Null] ], requested=false}
  {NetworkRequest [ REQUEST id=210, [ Capabilities: INTERNET&NOT_RESTRICTED&TRUSTED&NOT_VCN_MANAGED Uid: 10260 RequestorUid: 1000 RequestorPkg: android UnderlyingNetworks: Null] ], requested=false}
  {NetworkRequest [ REQUEST id=213, [ Capabilities: INTERNET&NOT_RESTRICTED&TRUSTED&NOT_VCN_MANAGED Uid: 99910129 RequestorUid: 99910129 RequestorPkg: com.google.android.gms UnderlyingNetworks: Null] ], requested=false}
  {NetworkRequest [ REQUEST id=215, [ Capabilities: INTERNET&NOT_RESTRICTED&TRUSTED&NOT_VCN_MANAGED Uid: 99910129 RequestorUid: 99910129 RequestorPkg: com.google.android.gms UnderlyingNetworks: Null] ], requested=false}
  {NetworkRequest [ REQUEST id=218, [ Capabilities: INTERNET&NOT_RESTRICTED&TRUSTED&NOT_VCN_MANAGED Uid: 99910129 RequestorUid: 99910129 RequestorPkg: com.google.android.gms UnderlyingNetworks: Null] ], requested=false}
  {NetworkRequest [ REQUEST id=221, [ Capabilities: INTERNET&NOT_RESTRICTED&TRUSTED&NOT_VCN_MANAGED Uid: 99910129 RequestorUid: 99910129 RequestorPkg: com.google.android.gms UnderlyingNetworks: Null] ], requested=false}
  {NetworkRequest [ REQUEST id=224, [ Capabilities: INTERNET&NOT_RESTRICTED&TRUSTED&NOT_VCN_MANAGED Uid: 99910129 RequestorUid: 99910129 RequestorPkg: com.google.android.gms UnderlyingNetworks: Null] ], requested=false}
  {NetworkRequest [ REQUEST id=226, [ Capabilities: INTERNET&NOT_RESTRICTED&TRUSTED&NOT_VCN_MANAGED Uid: 99910129 RequestorUid: 99910129 RequestorPkg: com.google.android.gms UnderlyingNetworks: Null] ], requested=false}
  {NetworkRequest [ REQUEST id=227, [ Capabilities: NOT_RESTRICTED&TRUSTED&NOT_VPN&NOT_VCN_MANAGED Uid: 10283 RequestorUid: 10283 RequestorPkg: com.tencent.mm UnderlyingNetworks: Null] ], requested=false}
  {NetworkRequest [ REQUEST id=228, [ Capabilities: NOT_RESTRICTED&TRUSTED&NOT_VPN&NOT_VCN_MANAGED Uid: 10283 RequestorUid: 10283 RequestorPkg: com.tencent.mm UnderlyingNetworks: Null] ], requested=false}
  {NetworkRequest [ REQUEST id=230, [ Capabilities: INTERNET&NOT_RESTRICTED&TRUSTED&NOT_VCN_MANAGED Uid: 10283 RequestorUid: 10283 RequestorPkg: com.tencent.mm UnderlyingNetworks: Null] ], requested=false}
  {NetworkRequest [ REQUEST id=233, [ Capabilities: INTERNET&NOT_RESTRICTED&TRUSTED&NOT_VCN_MANAGED Uid: 10283 RequestorUid: 10283 RequestorPkg: com.tencent.mm UnderlyingNetworks: Null] ], requested=false}
  {NetworkRequest [ REQUEST id=238, [ Capabilities: INTERNET&NOT_RESTRICTED&TRUSTED&NOT_VCN_MANAGED Uid: 10283 RequestorUid: 10283 RequestorPkg: com.tencent.mm UnderlyingNetworks: Null] ], requested=false}
  {NetworkRequest [ REQUEST id=240, [ Capabilities: INTERNET&NOT_RESTRICTED&TRUSTED&NOT_VCN_MANAGED Uid: 10127 RequestorUid: 10127 RequestorPkg: com.miui.gallery UnderlyingNetworks: Null] ], requested=false}
  {NetworkRequest [ REQUEST id=243, [ Capabilities: INTERNET&NOT_RESTRICTED&TRUSTED&NOT_VCN_MANAGED Uid: 10127 RequestorUid: 1000 RequestorPkg: android UnderlyingNetworks: Null] ], requested=false}
  {NetworkRequest [ REQUEST id=246, [ Capabilities: INTERNET&NOT_RESTRICTED&TRUSTED&NOT_VCN_MANAGED Uid: 10188 RequestorUid: 10188 RequestorPkg: com.milink.service UnderlyingNetworks: Null] ], requested=false}
  {NetworkRequest [ REQUEST id=249, [ Capabilities: INTERNET&NOT_RESTRICTED&TRUSTED&NOT_VCN_MANAGED Uid: 1027 RequestorUid: 1027 RequestorPkg: com.miui.tsmclient UnderlyingNetworks: Null] ], requested=false}
  {NetworkRequest [ REQUEST id=253, [ Capabilities: INTERNET&NOT_RESTRICTED&TRUSTED&NOT_VCN_MANAGED Uid: 10276 RequestorUid: 1000 RequestorPkg: android UnderlyingNetworks: Null] ], requested=false}
  {NetworkRequest [ REQUEST id=256, [ Capabilities: INTERNET&NOT_RESTRICTED&TRUSTED&NOT_VCN_MANAGED Uid: 10243 RequestorUid: 10243 RequestorPkg: org.telegram.messenger UnderlyingNetworks: Null] ], requested=false}
  {NetworkRequest [ REQUEST id=258, [ Capabilities: INTERNET&NOT_RESTRICTED&TRUSTED&NOT_VCN_MANAGED Uid: 10128 RequestorUid: 10128 RequestorPkg: com.android.vending UnderlyingNetworks: Null] ], requested=false}
  {NetworkRequest [ REQUEST id=261, [ Capabilities: INTERNET&NOT_RESTRICTED&TRUSTED&NOT_VCN_MANAGED Uid: 10128 RequestorUid: 10128 RequestorPkg: com.android.vending UnderlyingNetworks: Null] ], requested=false}
  {NetworkRequest [ REQUEST id=263, [ Capabilities: INTERNET&NOT_RESTRICTED&TRUSTED&NOT_VCN_MANAGED Uid: 10128 RequestorUid: 10128 RequestorPkg: com.android.vending UnderlyingNetworks: Null] ], requested=false}
  {NetworkRequest [ REQUEST id=267, [ Capabilities: INTERNET&NOT_RESTRICTED&TRUSTED&NOT_VCN_MANAGED Uid: 10128 RequestorUid: 10128 RequestorPkg: com.android.vending UnderlyingNetworks: Null] ], requested=false}
  {NetworkRequest [ REQUEST id=273, [ Capabilities: INTERNET&NOT_RESTRICTED&TRUSTED&NOT_VCN_MANAGED Uid: 10281 RequestorUid: 10281 RequestorPkg: com.google.android.apps.messaging UnderlyingNetworks: Null] ], requested=false}
  {NetworkRequest [ REQUEST id=288, [ Capabilities: INTERNET&NOT_RESTRICTED&TRUSTED&NOT_VCN_MANAGED Uid: 10281 RequestorUid: 10281 RequestorPkg: com.google.android.apps.messaging UnderlyingNetworks: Null] ], requested=false}
  {NetworkRequest [ REQUEST id=290, [ Capabilities: INTERNET&NOT_RESTRICTED&TRUSTED&NOT_VCN_MANAGED Uid: 10234 RequestorUid: 1000 RequestorPkg: android UnderlyingNetworks: Null] ], requested=false}
  {NetworkRequest [ REQUEST id=306, [ Capabilities: INTERNET&NOT_RESTRICTED&TRUSTED&NOT_VCN_MANAGED Uid: 10292 RequestorUid: 10292 RequestorPkg: com.autonavi.minimap UnderlyingNetworks: Null] ], requested=false}
  {NetworkRequest [ REQUEST id=308, [ Transports: WIFI Capabilities: INTERNET&NOT_RESTRICTED&TRUSTED&NOT_VPN&NOT_VCN_MANAGED Uid: 10292 RequestorUid: 10292 RequestorPkg: com.autonavi.minimap UnderlyingNetworks: Null] ], requested=false}
  {NetworkRequest [ REQUEST id=311, [ Capabilities: INTERNET&NOT_RESTRICTED&TRUSTED&NOT_VCN_MANAGED Uid: 10292 RequestorUid: 10292 RequestorPkg: com.autonavi.minimap UnderlyingNetworks: Null] ], requested=false}
  {NetworkRequest [ REQUEST id=312, [ Transports: WIFI Capabilities: INTERNET&NOT_RESTRICTED&TRUSTED&NOT_VPN&NOT_VCN_MANAGED Uid: 10292 RequestorUid: 10292 RequestorPkg: com.autonavi.minimap UnderlyingNetworks: Null] ], requested=false}
  {NetworkRequest [ REQUEST id=321, [ Capabilities: INTERNET&NOT_RESTRICTED&TRUSTED&NOT_VCN_MANAGED Uid: 10276 RequestorUid: 10276 RequestorPkg: com.google.android.dialer UnderlyingNetworks: Null] ], requested=false}
  {NetworkRequest [ REQUEST id=331, [ Capabilities: INTERNET&NOT_RESTRICTED&TRUSTED&NOT_VCN_MANAGED Uid: 10128 RequestorUid: 10128 RequestorPkg: com.android.vending UnderlyingNetworks: Null] ], requested=false}
Dump of MultiInternetWifiNetworkFactory
2026-09-17T22:27:14.675531 - handleScreenStateChanged: screenOn=true
2026-09-17T22:27:14.675758 - startConnectivityScan: screenOn=true wifiState=unknown scanImmediately=false wifiEnabled=false mAutoJoinEnabled=false mAutoJoinEnabledExternal=true mSpecificNetworkRequestInProgress=false mTrustedConnectionAllowed=false
2026-09-17T22:27:15.517955 - Set WiFi enabled
2026-09-17T22:27:15.518113 - Stopping WifiConnectivityManager
2026-09-17T22:27:18.381449 - handleConnectionStateChanged: state=disconnected
2026-09-17T22:27:18.381686 - scheduleWatchdogTimer
2026-09-17T22:27:18.383163 - startConnectivityScan: screenOn=true wifiState=disconnected scanImmediately=true wifiEnabled=true mAutoJoinEnabled=false mAutoJoinEnabledExternal=true mSpecificNetworkRequestInProgress=false mTrustedConnectionAllowed=false
2026-09-17T22:27:21.316647 - setTrustedConnectionAllowed: allowed=true
2026-09-17T22:27:21.316676 - Starting up WifiConnectivityManager
2026-09-17T22:27:21.324467 - startConnectivityScan: screenOn=true wifiState=disconnected scanImmediately=true wifiEnabled=true mAutoJoinEnabled=true mAutoJoinEnabledExternal=true mSpecificNetworkRequestInProgress=false mTrustedConnectionAllowed=true
2026-09-17T22:27:21.327925 - schedulePeriodicScanTimer intervalMs 20000
2026-09-17T22:27:22.173161 - AllSingleScanListener onResults: start network selection
2026-09-17T22:27:22.174286 - Networks filtered out due to invalid SSID: e6:60:4d:b7:06:21 / 
2026-09-17T22:27:22.174309 - Networks filtered out due to low signal strength: CMCC-111111:70:42:d3:d3:5c:b3(2.4GHz)-82 / CMCC-pX6r:4c:77:66:40:88:dd(2.4GHz)-83 / DHome:e4:60:4d:97:06:21(2.4GHz)-82 / 
2026-09-17T22:27:22.175168 - About to run SavedNetworkNominator :
2026-09-17T22:27:22.182073 - About to run NetworkSuggestionNominator :
2026-09-17T22:27:22.182261 - did not see any matching auto-join enabled network suggestions.
2026-09-17T22:27:22.182452 - updateNetworkSelectionCombo networkSelectionCombo: 1
2026-09-17T22:27:22.182934 - removeAutoUpgradeSecurityParamsIfNecessary: SSID: "Xiaomiwf_5G" baseSecurityType: 2 upgradableSecurityType: 4 isLegacyNetworkInRange: true isUpgradableTypeOnlyInRange: false isAutoUpgradeEnabled: true
2026-09-17T22:27:22.183001 - Remove upgradable security type 4 for the network.
2026-09-17T22:27:22.185164 - removeAutoUpgradeSecurityParamsIfNecessary: SSID: "Xiaomiwf_5G" baseSecurityType: 0 upgradableSecurityType: 6 isLegacyNetworkInRange: false isUpgradableTypeOnlyInRange: false isAutoUpgradeEnabled: true
2026-09-17T22:27:22.185384 - removeAutoUpgradeSecurityParamsIfNecessary: SSID: "Xiaomiwf_5G" baseSecurityType: 3 upgradableSecurityType: 9 isLegacyNetworkInRange: false isUpgradableTypeOnlyInRange: false isAutoUpgradeEnabled: true
2026-09-17T22:27:22.186323 - Candidate { config = 2, bssid = 46:df:65:72:bd:c3, freq = 5765, channelWidth = 2, rssi = -29, Mbps = 390, nominator = 0, pInternet = 50, saved, trusted, secure }
2026-09-17T22:27:22.186373 - Candidate { config = 2, bssid = cc:d8:43:8b:a4:d3, freq = 5220, channelWidth = 3, rssi = -72, Mbps = 158, nominator = 0, pInternet = 50, saved, trusted, secure }
2026-09-17T22:27:22.187102 - BubbleFunScorer_v2 would choose 2 score 88.57217906865222+/-0.1480063020264768 expid 42598152
2026-09-17T22:27:22.187143 - CompatibilityScorer would choose 2 score 231.971+/-10.0 expid 42504592
2026-09-17T22:27:22.200585 - ScoreCardBasedScorer would choose 2 score 212.0+/-10.0 expid 42902385
2026-09-17T22:27:22.200728 - ThroughputScorer chooses 2 score 3707.971+/-10.0 expid 42330058
2026-09-17T22:27:22.200899 - AllSingleScanListener:  WNS candidate-"Xiaomiwf_5G"
2026-09-17T22:27:22.201020 - connectToNetwork(ConcreteClientModeManager{id=13454 iface=wlan0 role=ROLE_CLIENT_PRIMARY}): Connect to "Xiaomiwf_5G" : any from Disconnected
2026-09-17T22:27:22.201052 - noteConnectionAttempt: timeMillis=20378
2026-09-17T22:27:22.288523 - handleConnectionStateChanged: state=transitioning
2026-09-17T22:27:22.288544 - startConnectivityScan: screenOn=true wifiState=transitioning scanImmediately=false wifiEnabled=true mAutoJoinEnabled=true mAutoJoinEnabledExternal=true mSpecificNetworkRequestInProgress=false mTrustedConnectionAllowed=true
2026-09-17T22:27:22.288556 - cancelPeriodicScanTimer
2026-09-17T22:27:22.891415 - forceConnectivityScan in request of WorkSource{1010}
2026-09-17T22:27:22.966719 - SingleScanListener onFailure: reason: -1 description: Scan failed
2026-09-17T22:27:22.966744 - scheduleDelayedSingleScan
2026-09-17T22:27:23.141041 - handleConnectionStateChanged: state=connected
2026-09-17T22:27:23.141422 - startConnectivityScan: screenOn=true wifiState=connected scanImmediately=false wifiEnabled=true mAutoJoinEnabled=true mAutoJoinEnabledExternal=true mSpecificNetworkRequestInProgress=false mTrustedConnectionAllowed=true
2026-09-17T22:27:23.141482 - Last periodic single scan started 1817ms ago, defer this new scan request.
2026-09-17T22:27:23.141803 - schedulePeriodicScanTimer intervalMs 18183
2026-09-17T22:27:23.625979 - forceConnectivityScan in request of WorkSource{1010}
2026-09-17T22:27:25.777139 - AllSingleScanListener onResults: start network selection
2026-09-17T22:27:25.777828 - wlan0: Too short since last network selection: 3577 ms. Skip network selection.
2026-09-17T22:27:25.777877 - AllSingleScanListener:  No candidates
2026-09-17T22:27:41.340664 - Current connected network: 2
2026-09-17T22:27:41.342830 - No partial scan because firmware roaming is supported.
2026-09-17T22:27:41.343047 - schedulePeriodicScanTimer intervalMs 20000
2026-09-17T22:27:44.922456 - AllSingleScanListener onResults: start network selection
2026-09-17T22:27:44.923049 - Current connected network: 2
2026-09-17T22:27:44.923165 - wlan0: Current connected network already sufficient. Skip network selection.
2026-09-17T22:27:44.923204 - AllSingleScanListener:  No candidates
2026-09-17T22:28:01.344470 - Current connected network: 2
2026-09-17T22:28:01.344874 - No partial scan because firmware roaming is supported.
2026-09-17T22:28:01.345853 - schedulePeriodicScanTimer intervalMs 40000
2026-09-17T22:28:41.352435 - Current connected network: 2
2026-09-17T22:28:41.352724 - No partial scan because firmware roaming is supported.
2026-09-17T22:28:41.354821 - schedulePeriodicScanTimer intervalMs 80000
2026-09-17T22:28:44.207542 - forceConnectivityScan in request of WorkSource{1010}
2026-09-17T22:28:46.213143 - AllSingleScanListener onResults: start network selection
2026-09-17T22:28:46.213925 - Current connected network: 2
2026-09-17T22:28:46.214051 - wlan0: Current connected network already sufficient. Skip network selection.
2026-09-17T22:28:46.214131 - AllSingleScanListener:  No candidates
2026-09-17T22:29:45.825094 - handleConnectionStateChanged: state=transitioning
2026-09-17T22:29:45.825152 - startConnectivityScan: screenOn=true wifiState=transitioning scanImmediately=false wifiEnabled=true mAutoJoinEnabled=true mAutoJoinEnabledExternal=true mSpecificNetworkRequestInProgress=false mTrustedConnectionAllowed=true
2026-09-17T22:29:45.825165 - cancelPeriodicScanTimer
2026-09-17T22:29:45.884519 - Set WiFi disabled
2026-09-17T22:29:45.886265 - Stopping WifiConnectivityManager
2026-09-17T22:29:47.668423 - Set auto join enabled
2026-09-17T22:29:47.825796 - Set WiFi enabled
2026-09-17T22:29:47.825848 - Starting up WifiConnectivityManager
2026-09-17T22:29:47.903419 - handleConnectionStateChanged: state=disconnected
2026-09-17T22:29:47.903446 - scheduleWatchdogTimer
2026-09-17T22:29:47.903924 - startConnectivityScan: screenOn=true wifiState=disconnected scanImmediately=true wifiEnabled=true mAutoJoinEnabled=true mAutoJoinEnabledExternal=true mSpecificNetworkRequestInProgress=false mTrustedConnectionAllowed=true
2026-09-17T22:29:47.906545 - schedulePeriodicScanTimer intervalMs 20000
2026-09-17T22:29:48.840593 - AllSingleScanListener onResults: start network selection
2026-09-17T22:29:48.842794 - Networks filtered out due to invalid SSID: ce:d8:43:5b:a4:d2 / 4e:77:66:40:88:dd / e6:60:4d:b7:06:21 / 
2026-09-17T22:29:48.842838 - Networks filtered out due to low signal strength: Xiaomiwf_5G:cc:d8:43:8b:a4:d3(5GHz)-85 / CMCC-pX6r:4c:77:66:40:88:dd(2.4GHz)-81 / TP-LINK_1D76:24:5a:5f:3e:1d:76(2.4GHz)-83 / CMCC-FtYC:f8:73:1a:0b:51:00(2.4GHz)-81 / 
2026-09-17T22:29:48.843264 - About to run SavedNetworkNominator :
2026-09-17T22:29:48.844430 - About to run NetworkSuggestionNominator :
2026-09-17T22:29:48.844690 - did not see any matching auto-join enabled network suggestions.
2026-09-17T22:29:48.844854 - updateNetworkSelectionCombo networkSelectionCombo: 1
2026-09-17T22:29:48.845352 - removeAutoUpgradeSecurityParamsIfNecessary: SSID: "Xiaomiwf_5G" baseSecurityType: 2 upgradableSecurityType: 4 isLegacyNetworkInRange: true isUpgradableTypeOnlyInRange: false isAutoUpgradeEnabled: true
2026-09-17T22:29:48.845417 - Remove upgradable security type 4 for the network.
2026-09-17T22:29:48.845766 - removeAutoUpgradeSecurityParamsIfNecessary: SSID: "Xiaomiwf_5G" baseSecurityType: 0 upgradableSecurityType: 6 isLegacyNetworkInRange: false isUpgradableTypeOnlyInRange: false isAutoUpgradeEnabled: true
2026-09-17T22:29:48.846075 - removeAutoUpgradeSecurityParamsIfNecessary: SSID: "Xiaomiwf_5G" baseSecurityType: 3 upgradableSecurityType: 9 isLegacyNetworkInRange: false isUpgradableTypeOnlyInRange: false isAutoUpgradeEnabled: true
2026-09-17T22:29:48.846284 - Candidate { config = 2, bssid = 46:df:65:72:bd:c3, freq = 5765, channelWidth = 2, rssi = -43, Mbps = 1035, nominator = 0, pInternet = 96, saved, trusted, secure }
2026-09-17T22:29:48.846336 - BubbleFunScorer_v2 would choose 2 score 87.44217783874552+/-0.6001951510705741 expid 42598152
2026-09-17T22:29:48.846362 - CompatibilityScorer would choose 2 score 231.957+/-10.0 expid 42504592
2026-09-17T22:29:48.846561 - ScoreCardBasedScorer would choose 2 score 212.0+/-10.0 expid 42902385
2026-09-17T22:29:48.846694 - ThroughputScorer chooses 2 score 3834.957+/-10.0 expid 42330058
2026-09-17T22:29:48.846811 - AllSingleScanListener:  WNS candidate-"Xiaomiwf_5G"
2026-09-17T22:29:48.846868 - connectToNetwork(ConcreteClientModeManager{id=165848 iface=wlan0 role=ROLE_CLIENT_PRIMARY}): Connect to "Xiaomiwf_5G" : any from Disconnected
2026-09-17T22:29:48.846886 - noteConnectionAttempt: timeMillis=167024
2026-09-17T22:29:48.927208 - handleConnectionStateChanged: state=transitioning
2026-09-17T22:29:48.927243 - startConnectivityScan: screenOn=true wifiState=transitioning scanImmediately=false wifiEnabled=true mAutoJoinEnabled=true mAutoJoinEnabledExternal=true mSpecificNetworkRequestInProgress=false mTrustedConnectionAllowed=true
2026-09-17T22:29:48.927248 - cancelPeriodicScanTimer
2026-09-17T22:29:49.440495 - handleConnectionStateChanged: state=connected
2026-09-17T22:29:49.440726 - startConnectivityScan: screenOn=true wifiState=connected scanImmediately=false wifiEnabled=true mAutoJoinEnabled=true mAutoJoinEnabledExternal=true mSpecificNetworkRequestInProgress=false mTrustedConnectionAllowed=true
2026-09-17T22:29:49.440749 - Last periodic single scan started 1537ms ago, defer this new scan request.
2026-09-17T22:29:49.440878 - schedulePeriodicScanTimer intervalMs 18463
2026-09-17T22:30:07.905072 - Current connected network: 2
2026-09-17T22:30:07.905202 - No partial scan because firmware roaming is supported.
2026-09-17T22:30:07.905414 - schedulePeriodicScanTimer intervalMs 20000
2026-09-17T22:30:27.904969 - Current connected network: 2
2026-09-17T22:30:27.905051 - No partial scan because firmware roaming is supported.
2026-09-17T22:30:27.905213 - schedulePeriodicScanTimer intervalMs 40000
2026-09-17T22:30:45.233712 - AllSingleScanListener onResults: start network selection
2026-09-17T22:30:45.234070 - Current connected network: 2
2026-09-17T22:30:45.234167 - wlan0: Current connected network already sufficient. Skip network selection.
2026-09-17T22:30:45.234198 - AllSingleScanListener:  No candidates
2026-09-17T22:30:50.206224 - AllSingleScanListener onResults: start network selection
2026-09-17T22:30:50.206732 - Current connected network: 2
2026-09-17T22:30:50.206837 - wlan0: Current connected network already sufficient. Skip network selection.
2026-09-17T22:30:50.206863 - AllSingleScanListener:  No candidates
2026-09-17T22:31:07.905311 - Current connected network: 2
2026-09-17T22:31:07.905500 - No partial scan because firmware roaming is supported.
2026-09-17T22:31:07.905781 - schedulePeriodicScanTimer intervalMs 80000
2026-09-17T22:32:27.907939 - Current connected network: 2
2026-09-17T22:32:27.908057 - No partial scan because firmware roaming is supported.
2026-09-17T22:32:27.908267 - schedulePeriodicScanTimer intervalMs 160000
2026-09-17T22:35:07.910536 - Current connected network: 2
2026-09-17T22:35:07.910817 - No partial scan because firmware roaming is supported.
2026-09-17T22:35:07.911027 - schedulePeriodicScanTimer intervalMs 160000
2026-09-17T22:37:12.296998 - forceConnectivityScan in request of WorkSource{1010}
2026-09-17T22:37:14.149513 - AllSingleScanListener onResults: start network selection
2026-09-17T22:37:14.150015 - Current connected network: 2
2026-09-17T22:37:14.150114 - wlan0: Current connected network already sufficient. Skip network selection.
2026-09-17T22:37:14.150153 - AllSingleScanListener:  No candidates
2026-09-17T22:37:47.912375 - Current connected network: 2
2026-09-17T22:37:47.912445 - No partial scan because firmware roaming is supported.
2026-09-17T22:37:47.912598 - schedulePeriodicScanTimer intervalMs 160000
2026-09-17T22:38:31.012861 - AllSingleScanListener onResults: start network selection
2026-09-17T22:38:31.013669 - Current connected network: 2
2026-09-17T22:38:31.013946 - wlan0: Current connected network already sufficient. Skip network selection.
2026-09-17T22:38:31.014045 - AllSingleScanListener:  No candidates
2026-09-17T22:39:24.019278 - forceConnectivityScan in request of WorkSource{1010}
2026-09-17T22:39:25.832905 - AllSingleScanListener onResults: start network selection
2026-09-17T22:39:25.833456 - Current connected network: 2
2026-09-17T22:39:25.833563 - wlan0: Current connected network already sufficient. Skip network selection.
2026-09-17T22:39:25.833601 - AllSingleScanListener:  No candidates
2026-09-17T22:40:27.915170 - Current connected network: 2
2026-09-17T22:40:27.915283 - No partial scan because firmware roaming is supported.
2026-09-17T22:40:27.915449 - schedulePeriodicScanTimer intervalMs 160000
2026-09-17T22:43:07.915647 - Current connected network: 2
2026-09-17T22:43:07.915771 - No partial scan because firmware roaming is supported.
2026-09-17T22:43:07.915996 - schedulePeriodicScanTimer intervalMs 160000
Dump of MultiInternetManager
WifiMultiInternet: mStaConcurrencyMultiInternetMode 0
Wlan Wake Reasons: totalCmdEventWake 0 totalDriverFwLocalWake 0 totalRxDataWake 0 rxUnicast 0 rxMulticast 0 rxBroadcast 0 icmp 0 icmp6 0 icmp6Ra 0 icmp6Na 0 icmp6Ns 0 ipv4RxMulticast 0 ipv6Multicast 0 otherRxMulticast 0

Dump of WifiConfigManager
WifiConfigManager - Log Begin ----
2026-09-17T22:27:15.269463 - clearInternalData: Clearing all internal data
2026-09-17T22:27:20.544933 - onCellularConnectivityChanged:0
WifiConfigManager - Log End ----
WifiConfigManager - Configured networks Begin ----
ID: 0 SSID: "DESKTOP-AEM47RS 5918" PROVIDER-NAME: null BSSID: null FQDN: null HOME-PROVIDER-NETWORK: false PRIO: 0 HIDDEN: false PMF: false CarrierId: -1 SubscriptionId: -1 SubscriptionGroup: null
 NetworkSelectionStatus NETWORK_SELECTION_ENABLED
 hasEverConnected: true
 hasNeverDetectedCaptivePortal: true
 mCandidateSecurityParams: null mLastUsedSecurityParams: null validatedInternetAccess shared trusted
 macRandomizationSetting: 3
 mRandomizedMacAddress: 2a:3c:1e:a7:a6:e4
 randomizedMacExpirationTimeMs: <none>
 randomizedMacLastModifiedTimeMs: <none>
 deletionPriority: 0
 KeyMgmt: WPA_PSK Protocols: WPA RSN
 AuthAlgorithms:
 PairwiseCiphers: TKIP CCMP
 GroupCiphers: WEP40 WEP104 TKIP CCMP
 GroupMgmtCiphers:
 SuiteBCiphers:
 PSK/SAE: *
SecurityParams List:
Security Parameters:
 Type: 2
 Enabled: true
 KeyMgmt: WPA_PSK
 Protocols: WPA RSN
 AuthAlgorithms:
 PairwiseCiphers: TKIP CCMP
 GroupCiphers: WEP40 WEP104 TKIP CCMP
 GroupMgmtCiphers:
 SuiteBCiphers:
 RequirePmf: false
 IsAddedByAutoUpgrade: false
 IsSaeH2eOnlyMode: false
 IsSaePkOnlyMode: false
Security Parameters:
 Type: 4
 Enabled: true
 KeyMgmt: SAE
 Protocols: RSN
 AuthAlgorithms:
 PairwiseCiphers: CCMP GCMP_256 GCMP_128
 GroupCiphers: CCMP GCMP_256 GCMP_128
 GroupMgmtCiphers:
 SuiteBCiphers:
 RequirePmf: true
 IsAddedByAutoUpgrade: true
 IsSaeH2eOnlyMode: false
 IsSaePkOnlyMode: false

Enterprise config:
 ocsp: 0
 trust_on_first_use: false
 user_approve_no_ca_cert: false
 selected_rcoi: 0
IP config:
IP assignment: DHCP
Proxy settings: NONE
 cuid=1000 cname=android.uid.system:1000 luid=1000 lname=android.uid.system:1000 lcuid=1000 allowAutojoin=true noInternetAccessExpected=false mostRecentlyConnected=false 
lastConnected: 09-17 16:45:03.411 

numRebootsSinceLastUse: 4
recentFailure: Association Rejection code: 0, last update time: 0
bssidAllowlist unset
IsDppConfigurator: true

ID: 1 SSID: "Tongji" PROVIDER-NAME: null BSSID: null FQDN: null HOME-PROVIDER-NETWORK: false PRIO: 0 HIDDEN: false PMF: false CarrierId: -1 SubscriptionId: -1 SubscriptionGroup: null
 NetworkSelectionStatus NETWORK_SELECTION_ENABLED
 connect choice: "DESKTOP-AEM47RS 5918"WPA_PSK connect choice rssi: -42 hasEverConnected: true
 hasNeverDetectedCaptivePortal: true
 mCandidateSecurityParams: null mLastUsedSecurityParams: null validatedInternetAccess shared trusted
 macRandomizationSetting: 3
 mRandomizedMacAddress: de:43:8a:e2:c6:8b
 randomizedMacExpirationTimeMs: <none>
 randomizedMacLastModifiedTimeMs: <none>
 deletionPriority: 0
 KeyMgmt: WPA_PSK Protocols: WPA RSN
 AuthAlgorithms:
 PairwiseCiphers: TKIP CCMP
 GroupCiphers: WEP40 WEP104 TKIP CCMP
 GroupMgmtCiphers:
 SuiteBCiphers:
 PSK/SAE: *
SecurityParams List:
Security Parameters:
 Type: 2
 Enabled: true
 KeyMgmt: WPA_PSK
 Protocols: WPA RSN
 AuthAlgorithms:
 PairwiseCiphers: TKIP CCMP
 GroupCiphers: WEP40 WEP104 TKIP CCMP
 GroupMgmtCiphers:
 SuiteBCiphers:
 RequirePmf: false
 IsAddedByAutoUpgrade: false
 IsSaeH2eOnlyMode: false
 IsSaePkOnlyMode: false
Security Parameters:
 Type: 4
 Enabled: true
 KeyMgmt: SAE
 Protocols: RSN
 AuthAlgorithms:
 PairwiseCiphers: CCMP GCMP_256 GCMP_128
 GroupCiphers: CCMP GCMP_256 GCMP_128
 GroupMgmtCiphers:
 SuiteBCiphers:
 RequirePmf: true
 IsAddedByAutoUpgrade: true
 IsSaeH2eOnlyMode: false
 IsSaePkOnlyMode: false

Enterprise config:
 ocsp: 0
 trust_on_first_use: false
 user_approve_no_ca_cert: false
 selected_rcoi: 0
IP config:
IP assignment: DHCP
Proxy settings: NONE
 cuid=1000 cname=android.uid.system:1000 luid=1000 lname=android.uid.system:1000 lcuid=1000 allowAutojoin=false noInternetAccessExpected=false mostRecentlyConnected=false 
lastConnected: 09-16 08:18:16.405 

numRebootsSinceLastUse: 11
recentFailure: Association Rejection code: 0, last update time: 0
bssidAllowlist unset
IsDppConfigurator: true

* ID: 2 SSID: "Xiaomiwf_5G" PROVIDER-NAME: null BSSID: null FQDN: null HOME-PROVIDER-NETWORK: false PRIO: 0 HIDDEN: false PMF: false CarrierId: -1 SubscriptionId: -1 SubscriptionGroup: null
 NetworkSelectionStatus NETWORK_SELECTION_ENABLED
 hasEverConnected: true
 hasNeverDetectedCaptivePortal: true
 mCandidateSecurityParams: Security Parameters:
 Type: 2
 Enabled: true
 KeyMgmt: WPA_PSK
 Protocols: WPA RSN
 AuthAlgorithms:
 PairwiseCiphers: TKIP CCMP
 GroupCiphers: WEP40 WEP104 TKIP CCMP
 GroupMgmtCiphers:
 SuiteBCiphers:
 RequirePmf: false
 IsAddedByAutoUpgrade: false
 IsSaeH2eOnlyMode: false
 IsSaePkOnlyMode: false
 mLastUsedSecurityParams: Security Parameters:
 Type: 2
 Enabled: true
 KeyMgmt: WPA_PSK
 Protocols: WPA RSN
 AuthAlgorithms:
 PairwiseCiphers: TKIP CCMP
 GroupCiphers: WEP40 WEP104 TKIP CCMP
 GroupMgmtCiphers:
 SuiteBCiphers:
 RequirePmf: false
 IsAddedByAutoUpgrade: false
 IsSaeH2eOnlyMode: false
 IsSaePkOnlyMode: false
 numAssociation 2
 validatedInternetAccess shared trusted
 macRandomizationSetting: 3
 mRandomizedMacAddress: be:d7:26:c8:36:d8
 randomizedMacExpirationTimeMs: 09-18 22:29:49.412
 randomizedMacLastModifiedTimeMs: <none>
 deletionPriority: 0
 KeyMgmt: WPA_PSK Protocols: WPA RSN
 AuthAlgorithms:
 PairwiseCiphers: TKIP CCMP
 GroupCiphers: WEP40 WEP104 TKIP CCMP
 GroupMgmtCiphers:
 SuiteBCiphers:
 PSK/SAE: *
SecurityParams List:
Security Parameters:
 Type: 2
 Enabled: true
 KeyMgmt: WPA_PSK
 Protocols: WPA RSN
 AuthAlgorithms:
 PairwiseCiphers: TKIP CCMP
 GroupCiphers: WEP40 WEP104 TKIP CCMP
 GroupMgmtCiphers:
 SuiteBCiphers:
 RequirePmf: false
 IsAddedByAutoUpgrade: false
 IsSaeH2eOnlyMode: false
 IsSaePkOnlyMode: false
Security Parameters:
 Type: 4
 Enabled: true
 KeyMgmt: SAE
 Protocols: RSN
 AuthAlgorithms:
 PairwiseCiphers: CCMP GCMP_256 GCMP_128
 GroupCiphers: CCMP GCMP_256 GCMP_128
 GroupMgmtCiphers:
 SuiteBCiphers:
 RequirePmf: true
 IsAddedByAutoUpgrade: true
 IsSaeH2eOnlyMode: false
 IsSaePkOnlyMode: false

Enterprise config:
 ocsp: 0
 trust_on_first_use: false
 user_approve_no_ca_cert: false
 selected_rcoi: 0
IP config:
IP assignment: DHCP
Proxy settings: NONE
 cuid=1000 cname=android.uid.system:1000 luid=1000 lname=android.uid.system:1000 lcuid=1000 allowAutojoin=true noInternetAccessExpected=false mostRecentlyConnected=true 
lastConnected: 09-17 22:29:49.440 

numRebootsSinceLastUse: 0
recentFailure: Association Rejection code: 0, last update time: 0
bssidAllowlist unset
IsDppConfigurator: true

ID: 3 SSID: "ZZJJ" PROVIDER-NAME: null BSSID: null FQDN: null HOME-PROVIDER-NETWORK: false PRIO: 0 HIDDEN: false PMF: false CarrierId: -1 SubscriptionId: -1 SubscriptionGroup: null
 NetworkSelectionStatus NETWORK_SELECTION_ENABLED
 connect choice: "Tongji"WPA_PSK connect choice rssi: -71 hasEverConnected: true
 hasNeverDetectedCaptivePortal: true
 mCandidateSecurityParams: null mLastUsedSecurityParams: null validatedInternetAccess shared trusted
 macRandomizationSetting: 3
 mRandomizedMacAddress: 6e:cd:a3:07:9d:d1
 randomizedMacExpirationTimeMs: <none>
 randomizedMacLastModifiedTimeMs: <none>
 deletionPriority: 0
 KeyMgmt: WPA_PSK Protocols: WPA RSN
 AuthAlgorithms:
 PairwiseCiphers: TKIP CCMP
 GroupCiphers: WEP40 WEP104 TKIP CCMP
 GroupMgmtCiphers:
 SuiteBCiphers:
 PSK/SAE: *
SecurityParams List:
Security Parameters:
 Type: 2
 Enabled: true
 KeyMgmt: WPA_PSK
 Protocols: WPA RSN
 AuthAlgorithms:
 PairwiseCiphers: TKIP CCMP
 GroupCiphers: WEP40 WEP104 TKIP CCMP
 GroupMgmtCiphers:
 SuiteBCiphers:
 RequirePmf: false
 IsAddedByAutoUpgrade: false
 IsSaeH2eOnlyMode: false
 IsSaePkOnlyMode: false
Security Parameters:
 Type: 4
 Enabled: true
 KeyMgmt: SAE
 Protocols: RSN
 AuthAlgorithms:
 PairwiseCiphers: CCMP GCMP_256 GCMP_128
 GroupCiphers: CCMP GCMP_256 GCMP_128
 GroupMgmtCiphers:
 SuiteBCiphers:
 RequirePmf: true
 IsAddedByAutoUpgrade: true
 IsSaeH2eOnlyMode: false
 IsSaePkOnlyMode: false

Enterprise config:
 ocsp: 0
 trust_on_first_use: false
 user_approve_no_ca_cert: false
 selected_rcoi: 0
IP config:
IP assignment: DHCP
Proxy settings: NONE
 cuid=1000 cname=android.uid.system:1000 luid=1000 lname=android.uid.system:1000 lcuid=1000 allowAutojoin=true noInternetAccessExpected=false mostRecentlyConnected=false 
lastConnected: 09-15 15:19:20.953 

numRebootsSinceLastUse: 14
recentFailure: Association Rejection code: 0, last update time: 0
bssidAllowlist unset
IsDppConfigurator: true

WifiConfigManager - Configured networks End ----
WifiConfigManager - ConfigurationMap Begin ----
mPerId={0=ID: 0 SSID: "DESKTOP-AEM47RS 5918" PROVIDER-NAME: null BSSID: null FQDN: null HOME-PROVIDER-NETWORK: false PRIO: 0 HIDDEN: false PMF: false CarrierId: -1 SubscriptionId: -1 SubscriptionGroup: null
 NetworkSelectionStatus NETWORK_SELECTION_ENABLED
 hasEverConnected: true
 hasNeverDetectedCaptivePortal: true
 mCandidateSecurityParams: null mLastUsedSecurityParams: null validatedInternetAccess shared trusted
 macRandomizationSetting: 3
 mRandomizedMacAddress: 2a:3c:1e:a7:a6:e4
 randomizedMacExpirationTimeMs: <none>
 randomizedMacLastModifiedTimeMs: <none>
 deletionPriority: 0
 KeyMgmt: WPA_PSK Protocols: WPA RSN
 AuthAlgorithms:
 PairwiseCiphers: TKIP CCMP
 GroupCiphers: WEP40 WEP104 TKIP CCMP
 GroupMgmtCiphers:
 SuiteBCiphers:
 PSK/SAE: *
SecurityParams List:
Security Parameters:
 Type: 2
 Enabled: true
 KeyMgmt: WPA_PSK
 Protocols: WPA RSN
 AuthAlgorithms:
 PairwiseCiphers: TKIP CCMP
 GroupCiphers: WEP40 WEP104 TKIP CCMP
 GroupMgmtCiphers:
 SuiteBCiphers:
 RequirePmf: false
 IsAddedByAutoUpgrade: false
 IsSaeH2eOnlyMode: false
 IsSaePkOnlyMode: false
Security Parameters:
 Type: 4
 Enabled: true
 KeyMgmt: SAE
 Protocols: RSN
 AuthAlgorithms:
 PairwiseCiphers: CCMP GCMP_256 GCMP_128
 GroupCiphers: CCMP GCMP_256 GCMP_128
 GroupMgmtCiphers:
 SuiteBCiphers:
 RequirePmf: true
 IsAddedByAutoUpgrade: true
 IsSaeH2eOnlyMode: false
 IsSaePkOnlyMode: false

Enterprise config:
 ocsp: 0
 trust_on_first_use: false
 user_approve_no_ca_cert: false
 selected_rcoi: 0
IP config:
IP assignment: DHCP
Proxy settings: NONE
 cuid=1000 cname=android.uid.system:1000 luid=1000 lname=android.uid.system:1000 lcuid=1000 allowAutojoin=true noInternetAccessExpected=false mostRecentlyConnected=false 
lastConnected: 09-17 16:45:03.411 

numRebootsSinceLastUse: 4
recentFailure: Association Rejection code: 0, last update time: 0
bssidAllowlist unset
IsDppConfigurator: true
, 1=ID: 1 SSID: "Tongji" PROVIDER-NAME: null BSSID: null FQDN: null HOME-PROVIDER-NETWORK: false PRIO: 0 HIDDEN: false PMF: false CarrierId: -1 SubscriptionId: -1 SubscriptionGroup: null
 NetworkSelectionStatus NETWORK_SELECTION_ENABLED
 connect choice: "DESKTOP-AEM47RS 5918"WPA_PSK connect choice rssi: -42 hasEverConnected: true
 hasNeverDetectedCaptivePortal: true
 mCandidateSecurityParams: null mLastUsedSecurityParams: null validatedInternetAccess shared trusted
 macRandomizationSetting: 3
 mRandomizedMacAddress: de:43:8a:e2:c6:8b
 randomizedMacExpirationTimeMs: <none>
 randomizedMacLastModifiedTimeMs: <none>
 deletionPriority: 0
 KeyMgmt: WPA_PSK Protocols: WPA RSN
 AuthAlgorithms:
 PairwiseCiphers: TKIP CCMP
 GroupCiphers: WEP40 WEP104 TKIP CCMP
 GroupMgmtCiphers:
 SuiteBCiphers:
 PSK/SAE: *
SecurityParams List:
Security Parameters:
 Type: 2
 Enabled: true
 KeyMgmt: WPA_PSK
 Protocols: WPA RSN
 AuthAlgorithms:
 PairwiseCiphers: TKIP CCMP
 GroupCiphers: WEP40 WEP104 TKIP CCMP
 GroupMgmtCiphers:
 SuiteBCiphers:
 RequirePmf: false
 IsAddedByAutoUpgrade: false
 IsSaeH2eOnlyMode: false
 IsSaePkOnlyMode: false
Security Parameters:
 Type: 4
 Enabled: true
 KeyMgmt: SAE
 Protocols: RSN
 AuthAlgorithms:
 PairwiseCiphers: CCMP GCMP_256 GCMP_128
 GroupCiphers: CCMP GCMP_256 GCMP_128
 GroupMgmtCiphers:
 SuiteBCiphers:
 RequirePmf: true
 IsAddedByAutoUpgrade: true
 IsSaeH2eOnlyMode: false
 IsSaePkOnlyMode: false

Enterprise config:
 ocsp: 0
 trust_on_first_use: false
 user_approve_no_ca_cert: false
 selected_rcoi: 0
IP config:
IP assignment: DHCP
Proxy settings: NONE
 cuid=1000 cname=android.uid.system:1000 luid=1000 lname=android.uid.system:1000 lcuid=1000 allowAutojoin=false noInternetAccessExpected=false mostRecentlyConnected=false 
lastConnected: 09-16 08:18:16.405 

numRebootsSinceLastUse: 11
recentFailure: Association Rejection code: 0, last update time: 0
bssidAllowlist unset
IsDppConfigurator: true
, 2=* ID: 2 SSID: "Xiaomiwf_5G" PROVIDER-NAME: null BSSID: null FQDN: null HOME-PROVIDER-NETWORK: false PRIO: 0 HIDDEN: false PMF: false CarrierId: -1 SubscriptionId: -1 SubscriptionGroup: null
 NetworkSelectionStatus NETWORK_SELECTION_ENABLED
 hasEverConnected: true
 hasNeverDetectedCaptivePortal: true
 mCandidateSecurityParams: Security Parameters:
 Type: 2
 Enabled: true
 KeyMgmt: WPA_PSK
 Protocols: WPA RSN
 AuthAlgorithms:
 PairwiseCiphers: TKIP CCMP
 GroupCiphers: WEP40 WEP104 TKIP CCMP
 GroupMgmtCiphers:
 SuiteBCiphers:
 RequirePmf: false
 IsAddedByAutoUpgrade: false
 IsSaeH2eOnlyMode: false
 IsSaePkOnlyMode: false
 mLastUsedSecurityParams: Security Parameters:
 Type: 2
 Enabled: true
 KeyMgmt: WPA_PSK
 Protocols: WPA RSN
 AuthAlgorithms:
 PairwiseCiphers: TKIP CCMP
 GroupCiphers: WEP40 WEP104 TKIP CCMP
 GroupMgmtCiphers:
 SuiteBCiphers:
 RequirePmf: false
 IsAddedByAutoUpgrade: false
 IsSaeH2eOnlyMode: false
 IsSaePkOnlyMode: false
 numAssociation 2
 validatedInternetAccess shared trusted
 macRandomizationSetting: 3
 mRandomizedMacAddress: be:d7:26:c8:36:d8
 randomizedMacExpirationTimeMs: 09-18 22:29:49.412
 randomizedMacLastModifiedTimeMs: <none>
 deletionPriority: 0
 KeyMgmt: WPA_PSK Protocols: WPA RSN
 AuthAlgorithms:
 PairwiseCiphers: TKIP CCMP
 GroupCiphers: WEP40 WEP104 TKIP CCMP
 GroupMgmtCiphers:
 SuiteBCiphers:
 PSK/SAE: *
SecurityParams List:
Security Parameters:
 Type: 2
 Enabled: true
 KeyMgmt: WPA_PSK
 Protocols: WPA RSN
 AuthAlgorithms:
 PairwiseCiphers: TKIP CCMP
 GroupCiphers: WEP40 WEP104 TKIP CCMP
 GroupMgmtCiphers:
 SuiteBCiphers:
 RequirePmf: false
 IsAddedByAutoUpgrade: false
 IsSaeH2eOnlyMode: false
 IsSaePkOnlyMode: false
Security Parameters:
 Type: 4
 Enabled: true
 KeyMgmt: SAE
 Protocols: RSN
 AuthAlgorithms:
 PairwiseCiphers: CCMP GCMP_256 GCMP_128
 GroupCiphers: CCMP GCMP_256 GCMP_128
 GroupMgmtCiphers:
 SuiteBCiphers:
 RequirePmf: true
 IsAddedByAutoUpgrade: true
 IsSaeH2eOnlyMode: false
 IsSaePkOnlyMode: false

Enterprise config:
 ocsp: 0
 trust_on_first_use: false
 user_approve_no_ca_cert: false
 selected_rcoi: 0
IP config:
IP assignment: DHCP
Proxy settings: NONE
 cuid=1000 cname=android.uid.system:1000 luid=1000 lname=android.uid.system:1000 lcuid=1000 allowAutojoin=true noInternetAccessExpected=false mostRecentlyConnected=true 
lastConnected: 09-17 22:29:49.440 

numRebootsSinceLastUse: 0
recentFailure: Association Rejection code: 0, last update time: 0
bssidAllowlist unset
IsDppConfigurator: true
, 3=ID: 3 SSID: "ZZJJ" PROVIDER-NAME: null BSSID: null FQDN: null HOME-PROVIDER-NETWORK: false PRIO: 0 HIDDEN: false PMF: false CarrierId: -1 SubscriptionId: -1 SubscriptionGroup: null
 NetworkSelectionStatus NETWORK_SELECTION_ENABLED
 connect choice: "Tongji"WPA_PSK connect choice rssi: -71 hasEverConnected: true
 hasNeverDetectedCaptivePortal: true
 mCandidateSecurityParams: null mLastUsedSecurityParams: null validatedInternetAccess shared trusted
 macRandomizationSetting: 3
 mRandomizedMacAddress: 6e:cd:a3:07:9d:d1
 randomizedMacExpirationTimeMs: <none>
 randomizedMacLastModifiedTimeMs: <none>
 deletionPriority: 0
 KeyMgmt: WPA_PSK Protocols: WPA RSN
 AuthAlgorithms:
 PairwiseCiphers: TKIP CCMP
 GroupCiphers: WEP40 WEP104 TKIP CCMP
 GroupMgmtCiphers:
 SuiteBCiphers:
 PSK/SAE: *
SecurityParams List:
Security Parameters:
 Type: 2
 Enabled: true
 KeyMgmt: WPA_PSK
 Protocols: WPA RSN
 AuthAlgorithms:
 PairwiseCiphers: TKIP CCMP
 GroupCiphers: WEP40 WEP104 TKIP CCMP
 GroupMgmtCiphers:
 SuiteBCiphers:
 RequirePmf: false
 IsAddedByAutoUpgrade: false
 IsSaeH2eOnlyMode: false
 IsSaePkOnlyMode: false
Security Parameters:
 Type: 4
 Enabled: true
 KeyMgmt: SAE
 Protocols: RSN
 AuthAlgorithms:
 PairwiseCiphers: CCMP GCMP_256 GCMP_128
 GroupCiphers: CCMP GCMP_256 GCMP_128
 GroupMgmtCiphers:
 SuiteBCiphers:
 RequirePmf: true
 IsAddedByAutoUpgrade: true
 IsSaeH2eOnlyMode: false
 IsSaePkOnlyMode: false

Enterprise config:
 ocsp: 0
 trust_on_first_use: false
 user_approve_no_ca_cert: false
 selected_rcoi: 0
IP config:
IP assignment: DHCP
Proxy settings: NONE
 cuid=1000 cname=android.uid.system:1000 luid=1000 lname=android.uid.system:1000 lcuid=1000 allowAutojoin=true noInternetAccessExpected=false mostRecentlyConnected=false 
lastConnected: 09-15 15:19:20.953 

numRebootsSinceLastUse: 14
recentFailure: Association Rejection code: 0, last update time: 0
bssidAllowlist unset
IsDppConfigurator: true
}
mPerIDForCurrentUser={0=ID: 0 SSID: "DESKTOP-AEM47RS 5918" PROVIDER-NAME: null BSSID: null FQDN: null HOME-PROVIDER-NETWORK: false PRIO: 0 HIDDEN: false PMF: false CarrierId: -1 SubscriptionId: -1 SubscriptionGroup: null
 NetworkSelectionStatus NETWORK_SELECTION_ENABLED
 hasEverConnected: true
 hasNeverDetectedCaptivePortal: true
 mCandidateSecurityParams: null mLastUsedSecurityParams: null validatedInternetAccess shared trusted
 macRandomizationSetting: 3
 mRandomizedMacAddress: 2a:3c:1e:a7:a6:e4
 randomizedMacExpirationTimeMs: <none>
 randomizedMacLastModifiedTimeMs: <none>
 deletionPriority: 0
 KeyMgmt: WPA_PSK Protocols: WPA RSN
 AuthAlgorithms:
 PairwiseCiphers: TKIP CCMP
 GroupCiphers: WEP40 WEP104 TKIP CCMP
 GroupMgmtCiphers:
 SuiteBCiphers:
 PSK/SAE: *
SecurityParams List:
Security Parameters:
 Type: 2
 Enabled: true
 KeyMgmt: WPA_PSK
 Protocols: WPA RSN
 AuthAlgorithms:
 PairwiseCiphers: TKIP CCMP
 GroupCiphers: WEP40 WEP104 TKIP CCMP
 GroupMgmtCiphers:
 SuiteBCiphers:
 RequirePmf: false
 IsAddedByAutoUpgrade: false
 IsSaeH2eOnlyMode: false
 IsSaePkOnlyMode: false
Security Parameters:
 Type: 4
 Enabled: true
 KeyMgmt: SAE
 Protocols: RSN
 AuthAlgorithms:
 PairwiseCiphers: CCMP GCMP_256 GCMP_128
 GroupCiphers: CCMP GCMP_256 GCMP_128
 GroupMgmtCiphers:
 SuiteBCiphers:
 RequirePmf: true
 IsAddedByAutoUpgrade: true
 IsSaeH2eOnlyMode: false
 IsSaePkOnlyMode: false

Enterprise config:
 ocsp: 0
 trust_on_first_use: false
 user_approve_no_ca_cert: false
 selected_rcoi: 0
IP config:
IP assignment: DHCP
Proxy settings: NONE
 cuid=1000 cname=android.uid.system:1000 luid=1000 lname=android.uid.system:1000 lcuid=1000 allowAutojoin=true noInternetAccessExpected=false mostRecentlyConnected=false 
lastConnected: 09-17 16:45:03.411 

numRebootsSinceLastUse: 4
recentFailure: Association Rejection code: 0, last update time: 0
bssidAllowlist unset
IsDppConfigurator: true
, 1=ID: 1 SSID: "Tongji" PROVIDER-NAME: null BSSID: null FQDN: null HOME-PROVIDER-NETWORK: false PRIO: 0 HIDDEN: false PMF: false CarrierId: -1 SubscriptionId: -1 SubscriptionGroup: null
 NetworkSelectionStatus NETWORK_SELECTION_ENABLED
 connect choice: "DESKTOP-AEM47RS 5918"WPA_PSK connect choice rssi: -42 hasEverConnected: true
 hasNeverDetectedCaptivePortal: true
 mCandidateSecurityParams: null mLastUsedSecurityParams: null validatedInternetAccess shared trusted
 macRandomizationSetting: 3
 mRandomizedMacAddress: de:43:8a:e2:c6:8b
 randomizedMacExpirationTimeMs: <none>
 randomizedMacLastModifiedTimeMs: <none>
 deletionPriority: 0
 KeyMgmt: WPA_PSK Protocols: WPA RSN
 AuthAlgorithms:
 PairwiseCiphers: TKIP CCMP
 GroupCiphers: WEP40 WEP104 TKIP CCMP
 GroupMgmtCiphers:
 SuiteBCiphers:
 PSK/SAE: *
SecurityParams List:
Security Parameters:
 Type: 2
 Enabled: true
 KeyMgmt: WPA_PSK
 Protocols: WPA RSN
 AuthAlgorithms:
 PairwiseCiphers: TKIP CCMP
 GroupCiphers: WEP40 WEP104 TKIP CCMP
 GroupMgmtCiphers:
 SuiteBCiphers:
 RequirePmf: false
 IsAddedByAutoUpgrade: false
 IsSaeH2eOnlyMode: false
 IsSaePkOnlyMode: false
Security Parameters:
 Type: 4
 Enabled: true
 KeyMgmt: SAE
 Protocols: RSN
 AuthAlgorithms:
 PairwiseCiphers: CCMP GCMP_256 GCMP_128
 GroupCiphers: CCMP GCMP_256 GCMP_128
 GroupMgmtCiphers:
 SuiteBCiphers:
 RequirePmf: true
 IsAddedByAutoUpgrade: true
 IsSaeH2eOnlyMode: false
 IsSaePkOnlyMode: false

Enterprise config:
 ocsp: 0
 trust_on_first_use: false
 user_approve_no_ca_cert: false
 selected_rcoi: 0
IP config:
IP assignment: DHCP
Proxy settings: NONE
 cuid=1000 cname=android.uid.system:1000 luid=1000 lname=android.uid.system:1000 lcuid=1000 allowAutojoin=false noInternetAccessExpected=false mostRecentlyConnected=false 
lastConnected: 09-16 08:18:16.405 

numRebootsSinceLastUse: 11
recentFailure: Association Rejection code: 0, last update time: 0
bssidAllowlist unset
IsDppConfigurator: true
, 2=* ID: 2 SSID: "Xiaomiwf_5G" PROVIDER-NAME: null BSSID: null FQDN: null HOME-PROVIDER-NETWORK: false PRIO: 0 HIDDEN: false PMF: false CarrierId: -1 SubscriptionId: -1 SubscriptionGroup: null
 NetworkSelectionStatus NETWORK_SELECTION_ENABLED
 hasEverConnected: true
 hasNeverDetectedCaptivePortal: true
 mCandidateSecurityParams: Security Parameters:
 Type: 2
 Enabled: true
 KeyMgmt: WPA_PSK
 Protocols: WPA RSN
 AuthAlgorithms:
 PairwiseCiphers: TKIP CCMP
 GroupCiphers: WEP40 WEP104 TKIP CCMP
 GroupMgmtCiphers:
 SuiteBCiphers:
 RequirePmf: false
 IsAddedByAutoUpgrade: false
 IsSaeH2eOnlyMode: false
 IsSaePkOnlyMode: false
 mLastUsedSecurityParams: Security Parameters:
 Type: 2
 Enabled: true
 KeyMgmt: WPA_PSK
 Protocols: WPA RSN
 AuthAlgorithms:
 PairwiseCiphers: TKIP CCMP
 GroupCiphers: WEP40 WEP104 TKIP CCMP
 GroupMgmtCiphers:
 SuiteBCiphers:
 RequirePmf: false
 IsAddedByAutoUpgrade: false
 IsSaeH2eOnlyMode: false
 IsSaePkOnlyMode: false
 numAssociation 2
 validatedInternetAccess shared trusted
 macRandomizationSetting: 3
 mRandomizedMacAddress: be:d7:26:c8:36:d8
 randomizedMacExpirationTimeMs: 09-18 22:29:49.412
 randomizedMacLastModifiedTimeMs: <none>
 deletionPriority: 0
 KeyMgmt: WPA_PSK Protocols: WPA RSN
 AuthAlgorithms:
 PairwiseCiphers: TKIP CCMP
 GroupCiphers: WEP40 WEP104 TKIP CCMP
 GroupMgmtCiphers:
 SuiteBCiphers:
 PSK/SAE: *
SecurityParams List:
Security Parameters:
 Type: 2
 Enabled: true
 KeyMgmt: WPA_PSK
 Protocols: WPA RSN
 AuthAlgorithms:
 PairwiseCiphers: TKIP CCMP
 GroupCiphers: WEP40 WEP104 TKIP CCMP
 GroupMgmtCiphers:
 SuiteBCiphers:
 RequirePmf: false
 IsAddedByAutoUpgrade: false
 IsSaeH2eOnlyMode: false
 IsSaePkOnlyMode: false
Security Parameters:
 Type: 4
 Enabled: true
 KeyMgmt: SAE
 Protocols: RSN
 AuthAlgorithms:
 PairwiseCiphers: CCMP GCMP_256 GCMP_128
 GroupCiphers: CCMP GCMP_256 GCMP_128
 GroupMgmtCiphers:
 SuiteBCiphers:
 RequirePmf: true
 IsAddedByAutoUpgrade: true
 IsSaeH2eOnlyMode: false
 IsSaePkOnlyMode: false

Enterprise config:
 ocsp: 0
 trust_on_first_use: false
 user_approve_no_ca_cert: false
 selected_rcoi: 0
IP config:
IP assignment: DHCP
Proxy settings: NONE
 cuid=1000 cname=android.uid.system:1000 luid=1000 lname=android.uid.system:1000 lcuid=1000 allowAutojoin=true noInternetAccessExpected=false mostRecentlyConnected=true 
lastConnected: 09-17 22:29:49.440 

numRebootsSinceLastUse: 0
recentFailure: Association Rejection code: 0, last update time: 0
bssidAllowlist unset
IsDppConfigurator: true
, 3=ID: 3 SSID: "ZZJJ" PROVIDER-NAME: null BSSID: null FQDN: null HOME-PROVIDER-NETWORK: false PRIO: 0 HIDDEN: false PMF: false CarrierId: -1 SubscriptionId: -1 SubscriptionGroup: null
 NetworkSelectionStatus NETWORK_SELECTION_ENABLED
 connect choice: "Tongji"WPA_PSK connect choice rssi: -71 hasEverConnected: true
 hasNeverDetectedCaptivePortal: true
 mCandidateSecurityParams: null mLastUsedSecurityParams: null validatedInternetAccess shared trusted
 macRandomizationSetting: 3
 mRandomizedMacAddress: 6e:cd:a3:07:9d:d1
 randomizedMacExpirationTimeMs: <none>
 randomizedMacLastModifiedTimeMs: <none>
 deletionPriority: 0
 KeyMgmt: WPA_PSK Protocols: WPA RSN
 AuthAlgorithms:
 PairwiseCiphers: TKIP CCMP
 GroupCiphers: WEP40 WEP104 TKIP CCMP
 GroupMgmtCiphers:
 SuiteBCiphers:
 PSK/SAE: *
SecurityParams List:
Security Parameters:
 Type: 2
 Enabled: true
 KeyMgmt: WPA_PSK
 Protocols: WPA RSN
 AuthAlgorithms:
 PairwiseCiphers: TKIP CCMP
 GroupCiphers: WEP40 WEP104 TKIP CCMP
 GroupMgmtCiphers:
 SuiteBCiphers:
 RequirePmf: false
 IsAddedByAutoUpgrade: false
 IsSaeH2eOnlyMode: false
 IsSaePkOnlyMode: false
Security Parameters:
 Type: 4
 Enabled: true
 KeyMgmt: SAE
 Protocols: RSN
 AuthAlgorithms:
 PairwiseCiphers: CCMP GCMP_256 GCMP_128
 GroupCiphers: CCMP GCMP_256 GCMP_128
 GroupMgmtCiphers:
 SuiteBCiphers:
 RequirePmf: true
 IsAddedByAutoUpgrade: true
 IsSaeH2eOnlyMode: false
 IsSaePkOnlyMode: false

Enterprise config:
 ocsp: 0
 trust_on_first_use: false
 user_approve_no_ca_cert: false
 selected_rcoi: 0
IP config:
IP assignment: DHCP
Proxy settings: NONE
 cuid=1000 cname=android.uid.system:1000 luid=1000 lname=android.uid.system:1000 lcuid=1000 allowAutojoin=true noInternetAccessExpected=false mostRecentlyConnected=false 
lastConnected: 09-15 15:19:20.953 

numRebootsSinceLastUse: 14
recentFailure: Association Rejection code: 0, last update time: 0
bssidAllowlist unset
IsDppConfigurator: true
}
mScanResultMatchInfoMapForCurrentUser={ScanResultMatchInfo: SSID: "DESKTOP-AEM47RS 5918", from scan result: false, SecurityParams List:Security Parameters:
 Type: 2
 Enabled: true
 KeyMgmt: WPA_PSK
 Protocols: WPA RSN
 AuthAlgorithms:
 PairwiseCiphers: TKIP CCMP
 GroupCiphers: WEP40 WEP104 TKIP CCMP
 GroupMgmtCiphers:
 SuiteBCiphers:
 RequirePmf: false
 IsAddedByAutoUpgrade: false
 IsSaeH2eOnlyMode: false
 IsSaePkOnlyMode: false
Security Parameters:
 Type: 4
 Enabled: true
 KeyMgmt: SAE
 Protocols: RSN
 AuthAlgorithms:
 PairwiseCiphers: CCMP GCMP_256 GCMP_128
 GroupCiphers: CCMP GCMP_256 GCMP_128
 GroupMgmtCiphers:
 SuiteBCiphers:
 RequirePmf: true
 IsAddedByAutoUpgrade: true
 IsSaeH2eOnlyMode: false
 IsSaePkOnlyMode: false
=ID: 0 SSID: "DESKTOP-AEM47RS 5918" PROVIDER-NAME: null BSSID: null FQDN: null HOME-PROVIDER-NETWORK: false PRIO: 0 HIDDEN: false PMF: false CarrierId: -1 SubscriptionId: -1 SubscriptionGroup: null
 NetworkSelectionStatus NETWORK_SELECTION_ENABLED
 hasEverConnected: true
 hasNeverDetectedCaptivePortal: true
 mCandidateSecurityParams: null mLastUsedSecurityParams: null validatedInternetAccess shared trusted
 macRandomizationSetting: 3
 mRandomizedMacAddress: 2a:3c:1e:a7:a6:e4
 randomizedMacExpirationTimeMs: <none>
 randomizedMacLastModifiedTimeMs: <none>
 deletionPriority: 0
 KeyMgmt: WPA_PSK Protocols: WPA RSN
 AuthAlgorithms:
 PairwiseCiphers: TKIP CCMP
 GroupCiphers: WEP40 WEP104 TKIP CCMP
 GroupMgmtCiphers:
 SuiteBCiphers:
 PSK/SAE: *
SecurityParams List:
Security Parameters:
 Type: 2
 Enabled: true
 KeyMgmt: WPA_PSK
 Protocols: WPA RSN
 AuthAlgorithms:
 PairwiseCiphers: TKIP CCMP
 GroupCiphers: WEP40 WEP104 TKIP CCMP
 GroupMgmtCiphers:
 SuiteBCiphers:
 RequirePmf: false
 IsAddedByAutoUpgrade: false
 IsSaeH2eOnlyMode: false
 IsSaePkOnlyMode: false
Security Parameters:
 Type: 4
 Enabled: true
 KeyMgmt: SAE
 Protocols: RSN
 AuthAlgorithms:
 PairwiseCiphers: CCMP GCMP_256 GCMP_128
 GroupCiphers: CCMP GCMP_256 GCMP_128
 GroupMgmtCiphers:
 SuiteBCiphers:
 RequirePmf: true
 IsAddedByAutoUpgrade: true
 IsSaeH2eOnlyMode: false
 IsSaePkOnlyMode: false

Enterprise config:
 ocsp: 0
 trust_on_first_use: false
 user_approve_no_ca_cert: false
 selected_rcoi: 0
IP config:
IP assignment: DHCP
Proxy settings: NONE
 cuid=1000 cname=android.uid.system:1000 luid=1000 lname=android.uid.system:1000 lcuid=1000 allowAutojoin=true noInternetAccessExpected=false mostRecentlyConnected=false 
lastConnected: 09-17 16:45:03.411 

numRebootsSinceLastUse: 4
recentFailure: Association Rejection code: 0, last update time: 0
bssidAllowlist unset
IsDppConfigurator: true
, ScanResultMatchInfo: SSID: "Xiaomiwf_5G", from scan result: false, SecurityParams List:Security Parameters:
 Type: 2
 Enabled: true
 KeyMgmt: WPA_PSK
 Protocols: WPA RSN
 AuthAlgorithms:
 PairwiseCiphers: TKIP CCMP
 GroupCiphers: WEP40 WEP104 TKIP CCMP
 GroupMgmtCiphers:
 SuiteBCiphers:
 RequirePmf: false
 IsAddedByAutoUpgrade: false
 IsSaeH2eOnlyMode: false
 IsSaePkOnlyMode: false
Security Parameters:
 Type: 4
 Enabled: true
 KeyMgmt: SAE
 Protocols: RSN
 AuthAlgorithms:
 PairwiseCiphers: CCMP GCMP_256 GCMP_128
 GroupCiphers: CCMP GCMP_256 GCMP_128
 GroupMgmtCiphers:
 SuiteBCiphers:
 RequirePmf: true
 IsAddedByAutoUpgrade: true
 IsSaeH2eOnlyMode: false
 IsSaePkOnlyMode: false
=* ID: 2 SSID: "Xiaomiwf_5G" PROVIDER-NAME: null BSSID: null FQDN: null HOME-PROVIDER-NETWORK: false PRIO: 0 HIDDEN: false PMF: false CarrierId: -1 SubscriptionId: -1 SubscriptionGroup: null
 NetworkSelectionStatus NETWORK_SELECTION_ENABLED
 hasEverConnected: true
 hasNeverDetectedCaptivePortal: true
 mCandidateSecurityParams: Security Parameters:
 Type: 2
 Enabled: true
 KeyMgmt: WPA_PSK
 Protocols: WPA RSN
 AuthAlgorithms:
 PairwiseCiphers: TKIP CCMP
 GroupCiphers: WEP40 WEP104 TKIP CCMP
 GroupMgmtCiphers:
 SuiteBCiphers:
 RequirePmf: false
 IsAddedByAutoUpgrade: false
 IsSaeH2eOnlyMode: false
 IsSaePkOnlyMode: false
 mLastUsedSecurityParams: Security Parameters:
 Type: 2
 Enabled: true
 KeyMgmt: WPA_PSK
 Protocols: WPA RSN
 AuthAlgorithms:
 PairwiseCiphers: TKIP CCMP
 GroupCiphers: WEP40 WEP104 TKIP CCMP
 GroupMgmtCiphers:
 SuiteBCiphers:
 RequirePmf: false
 IsAddedByAutoUpgrade: false
 IsSaeH2eOnlyMode: false
 IsSaePkOnlyMode: false
 numAssociation 2
 validatedInternetAccess shared trusted
 macRandomizationSetting: 3
 mRandomizedMacAddress: be:d7:26:c8:36:d8
 randomizedMacExpirationTimeMs: 09-18 22:29:49.412
 randomizedMacLastModifiedTimeMs: <none>
 deletionPriority: 0
 KeyMgmt: WPA_PSK Protocols: WPA RSN
 AuthAlgorithms:
 PairwiseCiphers: TKIP CCMP
 GroupCiphers: WEP40 WEP104 TKIP CCMP
 GroupMgmtCiphers:
 SuiteBCiphers:
 PSK/SAE: *
SecurityParams List:
Security Parameters:
 Type: 2
 Enabled: true
 KeyMgmt: WPA_PSK
 Protocols: WPA RSN
 AuthAlgorithms:
 PairwiseCiphers: TKIP CCMP
 GroupCiphers: WEP40 WEP104 TKIP CCMP
 GroupMgmtCiphers:
 SuiteBCiphers:
 RequirePmf: false
 IsAddedByAutoUpgrade: false
 IsSaeH2eOnlyMode: false
 IsSaePkOnlyMode: false
Security Parameters:
 Type: 4
 Enabled: true
 KeyMgmt: SAE
 Protocols: RSN
 AuthAlgorithms:
 PairwiseCiphers: CCMP GCMP_256 GCMP_128
 GroupCiphers: CCMP GCMP_256 GCMP_128
 GroupMgmtCiphers:
 SuiteBCiphers:
 RequirePmf: true
 IsAddedByAutoUpgrade: true
 IsSaeH2eOnlyMode: false
 IsSaePkOnlyMode: false

Enterprise config:
 ocsp: 0
 trust_on_first_use: false
 user_approve_no_ca_cert: false
 selected_rcoi: 0
IP config:
IP assignment: DHCP
Proxy settings: NONE
 cuid=1000 cname=android.uid.system:1000 luid=1000 lname=android.uid.system:1000 lcuid=1000 allowAutojoin=true noInternetAccessExpected=false mostRecentlyConnected=true 
lastConnected: 09-17 22:29:49.440 

numRebootsSinceLastUse: 0
recentFailure: Association Rejection code: 0, last update time: 0
bssidAllowlist unset
IsDppConfigurator: true
, ScanResultMatchInfo: SSID: "Tongji", from scan result: false, SecurityParams List:Security Parameters:
 Type: 2
 Enabled: true
 KeyMgmt: WPA_PSK
 Protocols: WPA RSN
 AuthAlgorithms:
 PairwiseCiphers: TKIP CCMP
 GroupCiphers: WEP40 WEP104 TKIP CCMP
 GroupMgmtCiphers:
 SuiteBCiphers:
 RequirePmf: false
 IsAddedByAutoUpgrade: false
 IsSaeH2eOnlyMode: false
 IsSaePkOnlyMode: false
Security Parameters:
 Type: 4
 Enabled: true
 KeyMgmt: SAE
 Protocols: RSN
 AuthAlgorithms:
 PairwiseCiphers: CCMP GCMP_256 GCMP_128
 GroupCiphers: CCMP GCMP_256 GCMP_128
 GroupMgmtCiphers:
 SuiteBCiphers:
 RequirePmf: true
 IsAddedByAutoUpgrade: true
 IsSaeH2eOnlyMode: false
 IsSaePkOnlyMode: false
=ID: 1 SSID: "Tongji" PROVIDER-NAME: null BSSID: null FQDN: null HOME-PROVIDER-NETWORK: false PRIO: 0 HIDDEN: false PMF: false CarrierId: -1 SubscriptionId: -1 SubscriptionGroup: null
 NetworkSelectionStatus NETWORK_SELECTION_ENABLED
 connect choice: "DESKTOP-AEM47RS 5918"WPA_PSK connect choice rssi: -42 hasEverConnected: true
 hasNeverDetectedCaptivePortal: true
 mCandidateSecurityParams: null mLastUsedSecurityParams: null validatedInternetAccess shared trusted
 macRandomizationSetting: 3
 mRandomizedMacAddress: de:43:8a:e2:c6:8b
 randomizedMacExpirationTimeMs: <none>
 randomizedMacLastModifiedTimeMs: <none>
 deletionPriority: 0
 KeyMgmt: WPA_PSK Protocols: WPA RSN
 AuthAlgorithms:
 PairwiseCiphers: TKIP CCMP
 GroupCiphers: WEP40 WEP104 TKIP CCMP
 GroupMgmtCiphers:
 SuiteBCiphers:
 PSK/SAE: *
SecurityParams List:
Security Parameters:
 Type: 2
 Enabled: true
 KeyMgmt: WPA_PSK
 Protocols: WPA RSN
 AuthAlgorithms:
 PairwiseCiphers: TKIP CCMP
 GroupCiphers: WEP40 WEP104 TKIP CCMP
 GroupMgmtCiphers:
 SuiteBCiphers:
 RequirePmf: false
 IsAddedByAutoUpgrade: false
 IsSaeH2eOnlyMode: false
 IsSaePkOnlyMode: false
Security Parameters:
 Type: 4
 Enabled: true
 KeyMgmt: SAE
 Protocols: RSN
 AuthAlgorithms:
 PairwiseCiphers: CCMP GCMP_256 GCMP_128
 GroupCiphers: CCMP GCMP_256 GCMP_128
 GroupMgmtCiphers:
 SuiteBCiphers:
 RequirePmf: true
 IsAddedByAutoUpgrade: true
 IsSaeH2eOnlyMode: false
 IsSaePkOnlyMode: false

Enterprise config:
 ocsp: 0
 trust_on_first_use: false
 user_approve_no_ca_cert: false
 selected_rcoi: 0
IP config:
IP assignment: DHCP
Proxy settings: NONE
 cuid=1000 cname=android.uid.system:1000 luid=1000 lname=android.uid.system:1000 lcuid=1000 allowAutojoin=false noInternetAccessExpected=false mostRecentlyConnected=false 
lastConnected: 09-16 08:18:16.405 

numRebootsSinceLastUse: 11
recentFailure: Association Rejection code: 0, last update time: 0
bssidAllowlist unset
IsDppConfigurator: true
, ScanResultMatchInfo: SSID: "ZZJJ", from scan result: false, SecurityParams List:Security Parameters:
 Type: 2
 Enabled: true
 KeyMgmt: WPA_PSK
 Protocols: WPA RSN
 AuthAlgorithms:
 PairwiseCiphers: TKIP CCMP
 GroupCiphers: WEP40 WEP104 TKIP CCMP
 GroupMgmtCiphers:
 SuiteBCiphers:
 RequirePmf: false
 IsAddedByAutoUpgrade: false
 IsSaeH2eOnlyMode: false
 IsSaePkOnlyMode: false
Security Parameters:
 Type: 4
 Enabled: true
 KeyMgmt: SAE
 Protocols: RSN
 AuthAlgorithms:
 PairwiseCiphers: CCMP GCMP_256 GCMP_128
 GroupCiphers: CCMP GCMP_256 GCMP_128
 GroupMgmtCiphers:
 SuiteBCiphers:
 RequirePmf: true
 IsAddedByAutoUpgrade: true
 IsSaeH2eOnlyMode: false
 IsSaePkOnlyMode: false
=ID: 3 SSID: "ZZJJ" PROVIDER-NAME: null BSSID: null FQDN: null HOME-PROVIDER-NETWORK: false PRIO: 0 HIDDEN: false PMF: false CarrierId: -1 SubscriptionId: -1 SubscriptionGroup: null
 NetworkSelectionStatus NETWORK_SELECTION_ENABLED
 connect choice: "Tongji"WPA_PSK connect choice rssi: -71 hasEverConnected: true
 hasNeverDetectedCaptivePortal: true
 mCandidateSecurityParams: null mLastUsedSecurityParams: null validatedInternetAccess shared trusted
 macRandomizationSetting: 3
 mRandomizedMacAddress: 6e:cd:a3:07:9d:d1
 randomizedMacExpirationTimeMs: <none>
 randomizedMacLastModifiedTimeMs: <none>
 deletionPriority: 0
 KeyMgmt: WPA_PSK Protocols: WPA RSN
 AuthAlgorithms:
 PairwiseCiphers: TKIP CCMP
 GroupCiphers: WEP40 WEP104 TKIP CCMP
 GroupMgmtCiphers:
 SuiteBCiphers:
 PSK/SAE: *
SecurityParams List:
Security Parameters:
 Type: 2
 Enabled: true
 KeyMgmt: WPA_PSK
 Protocols: WPA RSN
 AuthAlgorithms:
 PairwiseCiphers: TKIP CCMP
 GroupCiphers: WEP40 WEP104 TKIP CCMP
 GroupMgmtCiphers:
 SuiteBCiphers:
 RequirePmf: false
 IsAddedByAutoUpgrade: false
 IsSaeH2eOnlyMode: false
 IsSaePkOnlyMode: false
Security Parameters:
 Type: 4
 Enabled: true
 KeyMgmt: SAE
 Protocols: RSN
 AuthAlgorithms:
 PairwiseCiphers: CCMP GCMP_256 GCMP_128
 GroupCiphers: CCMP GCMP_256 GCMP_128
 GroupMgmtCiphers:
 SuiteBCiphers:
 RequirePmf: true
 IsAddedByAutoUpgrade: true
 IsSaeH2eOnlyMode: false
 IsSaePkOnlyMode: false

Enterprise config:
 ocsp: 0
 trust_on_first_use: false
 user_approve_no_ca_cert: false
 selected_rcoi: 0
IP config:
IP assignment: DHCP
Proxy settings: NONE
 cuid=1000 cname=android.uid.system:1000 luid=1000 lname=android.uid.system:1000 lcuid=1000 allowAutojoin=true noInternetAccessExpected=false mostRecentlyConnected=false 
lastConnected: 09-15 15:19:20.953 

numRebootsSinceLastUse: 14
recentFailure: Association Rejection code: 0, last update time: 0
bssidAllowlist unset
IsDppConfigurator: true
}
mCurrentUserId=0
WifiConfigManager - ConfigurationMap End ----
WifiConfigManager - Next network ID to be allocated 4
WifiConfigManager - Last selected network ID -1
WifiConfigManager - PNO scan frequency culling enabled = true
WifiConfigManager - PNO scan recency sorting enabled = true
Dump of WifiConfigStore
WifiConfigStore - Store File Begin ----
Name: /data/misc/apexdata/com.android.wifi/WifiConfigStore.xml, File Id: 0, Credentials encrypted: false
Name: /data/misc/apexdata/com.android.wifi/WifiConfigStoreSoftAp.xml, File Id: 1, Credentials encrypted: false
Name: /data/misc_ce/0/apexdata/com.android.wifi/WifiConfigStore.xml, File Id: 2, Credentials encrypted: false
Name: /data/misc_ce/0/apexdata/com.android.wifi/WifiConfigStoreNetworkSuggestions.xml, File Id: 3, Credentials encrypted: false
WifiConfigStore - Store Data Begin ----
StoreData => Name: WifiCarrierInfoStoreManagerDataStores, File Id: 0, File Name: WifiConfigStore.xml
StoreData => Name: ImsiPrivacyProtectionExemptionMap, File Id: 2, File Name: WifiConfigStore.xml
StoreData => Name: NetworkList, File Id: 0, File Name: WifiConfigStore.xml
StoreData => Name: NetworkList, File Id: 2, File Name: WifiConfigStore.xml
StoreData => Name: MacAddressMap, File Id: 0, File Name: WifiConfigStore.xml
StoreData => Name: ConnectedFreqListMap, File Id: 0, File Name: WifiConfigStore.xml
StoreData => Name: Settings, File Id: 0, File Name: WifiConfigStore.xml
StoreData => Name: NetworkSuggestionMap, File Id: 3, File Name: WifiConfigStoreNetworkSuggestions.xml
StoreData => Name: PasspointConfigData, File Id: 2, File Name: WifiConfigStore.xml
StoreData => Name: PasspointConfigData, File Id: 0, File Name: WifiConfigStore.xml
StoreData => Name: OpenNetworkNotifierBlacklistConfigData, File Id: 2, File Name: WifiConfigStore.xml
StoreData => Name: NetworkRequestMap, File Id: 2, File Name: WifiConfigStore.xml
StoreData => Name: SoftAp, File Id: 1, File Name: WifiConfigStoreSoftAp.xml
StoreData => Name: WakeupConfigStoreData, File Id: 2, File Name: WifiConfigStore.xml
WifiConfigStore - Store Data End ----
WifiCarrierInfoManager: 
mImsiEncryptionInfoAvailable={}
mImsiPrivacyProtectionExemptionMap={}
mMergedCarrierNetworkOffloadMap={}
mSubIdToSimInfoSparseArray={}
mActiveSubInfos=[{id=1 iccId=898611240[****] simSlotIndex=0 carrierId=2237 displayName=中国电信 carrierName=null nameSource=1 iconTint=-16746133 mNumber=[****] dataRoaming=0 iconBitmap=null mcc=460 mnc=11 countryIso=cn isEmbedded=false nativeAccessRules=null cardString=898611240[****] cardId=1 portIndex=0 isOpportunistic=false groupUUID=null isGroupDisabled=false profileClass=-1 ehplmns=[] hplmns=[] subscriptionType=0 groupOwner=null carrierConfigAccessRules=null areUiccApplicationsEnabled=true usageSetting=0}, {id=11 iccId=894410004[****] simSlotIndex=1 carrierId=28 displayName=voxi carrierName=null nameSource=2 iconTint=-16746133 mNumber=[****] dataRoaming=0 iconBitmap=null mcc=234 mnc=15 countryIso=gb isEmbedded=false nativeAccessRules=null cardString=894410004[****] cardId=0 portIndex=0 isOpportunistic=false groupUUID=null isGroupDisabled=false profileClass=-1 ehplmns=[] hplmns=[] subscriptionType=0 groupOwner=null carrierConfigAccessRules=null areUiccApplicationsEnabled=true usageSetting=0}]
mCachedCarrierConfigPerSubId={1=PersistableBundle[{imsvoice.voice_on_default_bearer_supported_bool=false, remove_modify_call_capability=false, imsss.ut_transport_type_int=1, carrier_volte_provisioned_bool=false, support_cdma_1x_voice_calls_bool=true, support_ss_over_cdma_bool=false, disable_charge_indication_bool=false, ims.sip_timer_t4_millis_int=17000, config_call_forwarding_CFNRc_visibility_bool=true, support_tdscdma_bool=false, config_video_supp_service=false, httpSocketTimeout=60000, allowed_initial_attach_apn_types_string_array=[ia, default, mms, dun], disable_supplementary_services_in_airplane_mode_bool=false, call_barring_default_service_class_int=1, call_redirection_service_component_name_string=null, carrier_wfc_supports_wifi_only_bool=false, carrier_default_actions_on_default_network_available_string_array=[false: 7, true: 8], imsvoice.minimum_session_expires_timer_sec_int=90, iwlan_handover_policy_string_array=[source=GERAN|UTRAN|EUTRAN|NGRAN|IWLAN, target=GERAN|UTRAN|EUTRAN|NGRAN|IWLAN, type=allowed], operator_selection_expand_bool=true, disable_cdma_activation_code_bool=false, simplified_network_settings_bool=false, imsemergency.emergency_registration_timer_millis_int=10000, call_forwarding_when_unanswered_supported_bool=true, imsvt.h264_payload_description_bundle=PersistableBundle[mParcelledData.dataSize=168], config_cota_carrier_customize_for_stk_feature=false, support_tdscdma_roaming_networks_string_array=null, opportunistic.5g_data_switch_hysteresis_time_long=2000, ims.sip_timer_d_millis_int=130000, gps.lpp_profile=15, call_barring_visibility_bool=true, gba_mode_int=1, ims.registration_subscribe_expiry_timer_sec_int=600000, gps.es_extension_sec=0, enable_apps_string_array=null, 5g_icon_display_secondary_grace_period_string=, carrier_default_wfc_ims_roaming_enabled_bool=false, cdma_nonroaming_networks_string_array=null, imsss.ut_as_server_fqdn_string=, signal_strength_nr_nsa_use_lte_as_primary_bool=true, 5g_ultra_wideband_icon_nsa_band_mode=2147483647, aliasMinChars=2, fdn_number_length_limit_int=20, support_ims_call_forwarding_while_roaming_bool=true, wfc_data_spn_format_idx_int=0, hide_sim_lock_settings_bool=false, drop_video_call_when_answering_audio_call_bool=false, data_stall_recovery_timers_long_array=[180000, 180000, 180000, 180000], config_auto_retry_cfu_bool=true, opportunistic_esim_download_via_wifi_only_bool=false, imsss.xcap_over_ut_supported_rats_int_array=[3, 5], ci_action_on_sys_update_bool=false, carrier_certificate_string_array=[], convert_cdma_caller_id_mmi_codes_while_roaming_on_3gpp_bool=false, support_enhanced_call_blocking_bool=true, iwlan.ike_rekey_hard_timer_in_sec=14400, vvm_port_number_int=0, carrier_default_wfc_ims_enabled_bool=false, iwlan.ike_session_encryption_aes_ctr_key_size_int_array=[128, 192, 256], dial_string_replace_string_array=null, opportunistic_network_entry_threshold_bandwidth_int=1024, opportunistic_network_data_switch_exit_hysteresis_time_long=3000, imsss.use_csfb_on_xcap_over_ut_failure_bool=true, gsm_nonroaming_networks_string_array=null, carrier_video_crs_supported_bool=true, imsserviceentitlement.ims_provisioning_bool=false, wifi.avoid_5ghz_softap_for_laa_bool=false, hide_ims_apn_bool=true, vvm_destination_number_string=, unmetered_nr_sa_mmwave_bool=false, ims.ipsec_encryption_algorithms_int_array=[0, 1, 2], opportunistic.5g_backoff_time_long=10000, enable_cross_sim_calling_on_opportunistic_data_bool=false, vonr_setting_visibility_bool=true, imssms.sms_over_ims_supported_bool=true, dtmf_type_enabled_bool=false, ims.sip_timer_f_millis_int=128000, allow_video_calling_fallback_bool=true, nr_advanced_threshold_bandwidth_khz_int=0, config_volte_on_by_default_after_ota=false, opportunistic.5g_ping_pong_time_long=60000, config_ims_package_override_string=null, data_stall_recovery_should_skip_bool_array=[false, false, true, false, false], only_auto_select_in_home_network=false, iwlan.supported_prf_algorithms_int_array=[2, 4, 5, 6, 7], show_data_connected_roaming_notification=false, 5g_ultra_wideband_icon_sib2_value=2147483647, gps.es_supl_data_plane_only_roaming_plmn_string_array=null, imsserviceentitlement.fcm_sender_id_string=, smsToMmsTextThreshold=-1, imsvt.video_as_bandwidth_kbps_int=960, opportunistic.exit_threshold_ss_rsrp_int_bundle=PersistableBundle[EMPTY_PARCEL], config_smsc_no_need_show_international_number=false, inflate_signal_strength_bool=false, config_wifi_disconnect_delay_for_vowifi_detach=false, force_home_network_bool=false, spdi_override_string_array=null, show_wfc_location_privacy_policy_bool=false, imsemergency.refresh_geolocation_timeout_millis_int=5000, imsvt.video_rtp_dscp_int=40, gps.supl_es=1, enableSMSDeliveryReports=true, iwlan.natt_keep_alive_timer_sec_int=20, cellular_usage_setting_int=-1, config_cota_carrier_customize_for_call_feature=false, missed_incoming_call_sms_originator_string_array=[], missed_incoming_call_sms_pattern_string_array=[], opportunistic.entry_threshold_ss_rsrp_int_bundle=PersistableBundle[EMPTY_PARCEL], auto_retry_enabled_bool=false, ims.enable_presence_capability_exchange_bool=false, transmit_static_image=false, opportunistic_network_entry_threshold_rssnr_int=5, play_call_recording_tone_bool=false, unmetered_nr_nsa_sub6_bool=false, imsss.ut_terminal_based_services_int_array=[], carrier_force_disable_etws_cmas_test_bool=false, call_waiting_service_class_int=1, allow_emergency_video_calls_bool=false, support_add_conference_participants_bool=false, csp_enabled_bool=false, default_sim_call_manager_string=, 5g_ultra_wideband_icon_sa_band_mode=2147483647, config_support_change_and_cancel_cb=true, ims.ipv4_sip_mtu_size_cellular_int=1500, ims.ims_pdn_enabled_in_no_vops_support_int_array=[], carrier_app_required_during_setup_bool=false, ims.sip_timer_h_millis_int=128000, call_forwarding_blocks_while_roaming_string_array=null, emergency_notification_delay_int=-1, support_video_conference_call_bool=true, ims_dtmf_tone_delay_int=0, wifi.hotspot_maximum_client_count=0, carrier_vt_tty_support_bool=false, iwlan.supported_child_session_encryption_algorithms_int_array=[12], ims.registration_expiry_timer_sec_int=600000, carrier_wwan_disallowed_apn_types_string_array=[], ims.request_uri_type_int=0, ims.supported_rats_int_array=[6, 3, 5], imsvoice.amrwb_payload_description_bundle=PersistableBundle[mParcelledData.dataSize=160], show_signal_strength_in_sim_status_bool=true, imsvt.video_rs_bandwidth_bps_int=8000, hide_xcap_apn_bool=true, carrier_sa_mode_available_bool=false, imsvt.video_qos_precondition_supported_bool=true, apn_hide_rule_strings_array=[type, ], gba_ua_security_protocol_int=65536, data_rapid_notification_bool=true, display_no_data_notification_on_permanent_failure_bool=false, config_hide_dun_apn=false, carrier_instant_lettering_escaped_chars_string=, carrier_default_wfc_ims_roaming_mode_int=2, bsf.bsf_transport_type_int=1, hide_enable_2g_bool=true, config_vonr_on_by_defalut_bool=false, config_ims_mmtel_package_override_string=null, editable_wfc_mode_bool=true, imsvoice.audio_rr_bandwidth_bps_int=2000, imsvoice.audio_rtp_inactivity_timer_millis_int=20000, support_direct_fdn_dialing_bool=false, multi_apn_array_for_same_gid=[52FF:mms,supl,hipri,default,fota:SA:nrphone, 52FF:mms,supl,hipri,default,fota:NSA:nxtgenphone, 52FF:mms,supl,hipri,default,fota:LTE:nxtgenphone, 52FF:mms,supl,hipri,default,fota:TD_SCDMA:nxtgenphone, 52FF:mms,supl,hipri,default,fota:UMTS:nxtgenphone, 52FF:mms,supl,hipri,default,fota:GSM:nxtgenphone, 52FF:mms,supl,hipri,default,fota:HDR:nxtgenphone, 52FF:mms,supl,hipri,default,fota:1xRTT:nxtgenphone, 53FF:mms,supl,hipri,default,fota:SA:enhancedphone, 53FF:mms,supl,hipri,default,fota:NSA:enhancedphone, 53FF:mms,supl,hipri,default,fota:LTE:nxtgenphone, 53FF:mms,supl,hipri,default,fota:TD_SCDMA:nxtgenphone, 53FF:mms,supl,hipri,default,fota:UMTS:nxtgenphone, 53FF:mms,supl,hipri,default,fota:GSM:nxtgenphone, 53FF:mms,supl,hipri,default,fota:HDR:nxtgenphone, 53FF:mms,supl,hipri,default,fota:1xRTT:nxtgenphone], carrier_ut_provisioning_required_bool=false, imsvoice.conference_subscribe_type_int=1, iwlan.diffie_hellman_groups_int_array=[2, 5, 14], treat_downgraded_video_calls_as_video_calls_bool=false, vowifi_call_quality=false, apn_default_values_strings_array=PersistableBundle[mParcelledData.dataSize=116], wifi_calls_can_be_hd_audio=true, support_downgrade_vt_to_audio_bool=true, wifi.suggestion_ssid_list_with_mac_randomization_disabled=[], allow_merging_rtt_calls_bool=false, cdma_enhanced_roaming_indicator_for_home_network_int_array=[1], notify_handover_video_from_lte_to_wifi_bool=false, ims.sip_timer_j_millis_int=128000, use_otasp_for_provisioning_bool=false, always_play_remote_hold_tone_bool=false, opportunistic_network_data_switch_hysteresis_time_long=10000, telephony_data_handover_retry_rules_string_array=[retry_interval=1000|2000|4000|8000|16000, maximum_retries=5], ping_test_before_data_switch_bool=true, esim_download_retry_backoff_timer_sec_int=60, maxMessageTextSize=-1, duration_blocking_disabled_after_emergency_int=7200, default_vm_number_roaming_and_ims_unregistered_string=, imsvoice.srvcc_type_int_array=[0, 1, 2, 3], carrier_metered_roaming_apn_types_strings=[default, mms, dun, supl], config_disable_ss_over_wfc_when_airplane_enabled=false, rtt_supported_while_roaming_bool=false, additional_settings_call_waiting_visibility_bool=true, carrier_ussd_method_int=0, show_video_call_charges_alert_dialog_bool=false, carrier_network_service_wlan_package_override_string=, ims.enable_presence_publish_bool=false, supports_sdp_negotiation_of_d2d_rtp_header_extensions_bool=false, show_apn_setting_cdma_bool=true, use_usim_bool=false, carrier_instant_lettering_length_limit_int=64, carrier_parse_number_on_forward_call_bool=true, operator_name_filter_pattern_string=, opportunistic_carrier_ids_int_array=[0], iwlan.ike_local_id_type_int=3, data_switch_validation_min_gap_long=86400000, carrier_instant_lettering_invalid_chars_string=, editable_wfc_when_airplane_mode_on=true, carrier_setup_app_string=, editable_wfc_roaming_mode_bool=false, supportMmsContentDisposition=true, unmetered_nr_sa_sub6_bool=false, support_manage_ims_conference_call_bool=true, supports_call_composer_bool=false, 5g_nr_ssrsrp_thresholds_int_array=[-110, -90, -80, -65], opportunistic_network_exit_threshold_rssnr_int=1, allow_non_emergency_calls_in_ecm_bool=true, allow_cdma_eri_bool=false, opportunistic.5g_data_switch_exit_hysteresis_time_long_bundle=PersistableBundle[EMPTY_PARCEL], carrier_data_service_wlan_package_override_string=, show_carrier_data_icon_pattern_string=, allow_hold_call_during_emergency_bool=false, use_rcs_presence_bool=false, opportunistic.entry_threshold_ss_rsrp_int=-111, call_forwarding_when_busy_supported_bool=true, config_telephony_use_own_number_for_voicemail_bool=false, cdma_dtmf_tone_delay_int=100, editable_voicemail_number_bool=false, carrier_data_call_apn_retry_after_disconnect_long=100, filtered_cnap_names_string_array=null, hide_wfc_mode_option_in_roaming=false, enabledTransID=false, aliasEnabled=false, imsemergency.emergency_qos_precondition_supported_bool=true, config_miui_sms_sa_fallback_optimization=false, imsrtt.text_qos_precondition_supported_bool=true, imsss.ut_supported_when_roaming_bool=true, carrier_supports_opp_data_auto_provisioning_bool=false, imsvoice.session_expires_timer_sec_int=1800, bandwidth_string_array=[GPRS:24,24, EDGE:70,18, UMTS:115,115, CDMA:14,14, 1xRTT:30,30, EvDo_0:750,48, EvDo_A:950,550, HSDPA:4300,620, HSUPA:4300,1800, HSPA:4300,1800, EvDo_B:1500,550, eHRPD:750,48, iDEN:14,14, LTE:30000,15000, HSPA+:13000,3400, GSM:24,24, TD_SCDMA:115,115, LTE_CA:30000,15000, NR_NSA:47000,18000, NR_NSA_MMWAVE:145000,60000, NR_SA:145000,60000, NR_SA_MMWAVE:145000,60000], vvm_disabled_capabilities_string_array=null, config_wifi_signal_weak_disconnect_vowifi_call=false, show_4g_for_lte_data_icon_bool=false, check_pricing_with_carrier_data_roaming_bool=false, ims.rcs_feature_tag_allowed_string_array=[+g.3gpp.icsi-ref="urn%3Aurn-7%3A3gpp-service.ims.icsi.oma.cpm.msg", +g.3gpp.icsi-ref="urn%3Aurn-7%3A3gpp-service.ims.icsi.oma.cpm.largemsg", +g.3gpp.icsi-ref="urn%3Aurn-7%3A3gpp-service.ims.icsi.oma.cpm.deferred", +g.gsma.rcs.cpm.pager-large, +g.3gpp.icsi-ref="urn%3Aurn-7%3A3gpp-service.ims.icsi.oma.cpm.session", +g.3gpp.icsi-ref="urn%3Aurn-7%3A3gpp-service.ims.icsi.oma.cpm.filetransfer", +g.3gpp.iari-ref="urn%3Aurn-7%3A3gpp-application.ims.iari.rcs.fthttp", +g.3gpp.iari-ref="urn%3Aurn-7%3A3gpp-application.ims.iari.rcs.ftsms", +g.3gpp.iari-ref="urn%3Aurn-7%3A3gpp-service.ims.icsi.gsma.callcomposer", +g.gsma.callcomposer, +g.3gpp.icsi-ref="urn%3Aurn-7%3A3gpp-service.ims.icsi.gsma.callunanswered", +g.3gpp.icsi-ref="urn%3Aurn-7%3A3gpp-service.ims.icsi.gsma.sharedmap", +g.3gpp.icsi-ref="urn%3Aurn-7%3A3gpp-service.ims.icsi.gsma.sharedsketch", +g.3gpp.iari-ref="urn%3Aurn-7%3A3gpp-application.ims.iari.rcs.geopush", +g.3gpp.iari-ref="urn%3Aurn-7%3A3gpp-application.ims.iari.rcs.geosms", +g.3gpp.iari-ref="urn%3Aurn-7%3A3gpp-application.ims.iari.rcs.chatbot", +g.3gpp.iari-ref="urn%3Aurn-7%3A3gpp-application.ims.iari.rcs.chatbot.sa", +g.gsma.rcs.botversion="#=1,#=2", +g.gsma.rcs.cpimext], call_barring_supports_deactivate_all_bool=true, ims_conference_size_limit_int=5, carrier_volte_globalization_enable=false, imsss.ut_as_server_port_int=80, apn.settings_default_protocol_string=, identify_high_definition_calls_in_call_log_bool=false, ims.enable_presence_group_subscribe_bool=false, call_barring_supports_password_change_bool=true, imsvoice.multiendpoint_supported_bool=false, config_miui_sms_optimization=false, supportHttpCharsetHeader=false, config_show_wifi_call_subscription_displayname=true, allow_hold_video_call_bool=false, ascii_7_bit_support_for_long_message=true, allow_video_call_in_low_battery=true, mtk_vt_over_wifi_check_volte_enable_bool=true, ims.sip_server_port_number_int=5060, ims.wifi_off_deferring_time_millis_int=4000, iwlan.supported_integrity_algorithms_int_array=[5, 2, 12, 13, 14], carrier_wlan_disallowed_apn_types_string_array=[], vvm_prefetch_bool=true, hide_enhanced_4g_lte_bool=true, carrier_stk_dialog_timout_customized=true, default_rtt_mode_int=0, volte_5g_limited_alert_dialog_bool=false, display_hd_audio_property_bool=true, ims.non_rcs_capabilities_cache_expiration_sec_int=2592000, has_in_call_noise_suppression_bool=false, enhanced_4g_lte_on_by_default_bool=true, data_limit_notification_bool=true, imssms.sms_over_ims_format_int=0, config_show_orig_dial_string_for_cdma=true, voicemail_notification_persistent_bool=false, carrier_default_actions_on_reset_string_array=[6, 8], opportunistic_network_max_backoff_time_long=60000, world_phone_bool=true, ims_reasoninfo_mapping_string_array=[1014|decline|510, 1014|call rejected by user|510], call_screening_app=, disconnect_cause_play_busytone_int_array=[4], gps.a_glonass_pos_protocol_select=0, default_vm_number_string=, 5g_ultra_wideband_icon_nsa_band_array=[], data_limit_threshold_bytes_long=-1, imsvoice.session_refresh_method_int=1, imsvt.video_rr_bandwidth_bps_int=6000, use_acs_for_rcs_bool=false, esim_max_download_retry_attempts_int=5, support_ims_conference_event_package_bool=true, allowAttachAudio=true, use_caller_id_ussd_bool=false, config_support_add_call_during_ims_call=true, show_call_blocking_disabled_notification_always_bool=false, ci_action_on_sys_update_extra_string=, rtt_upgrade_supported_for_downgraded_vt_call=true, ignore_sim_network_locked_events_bool=false, cdma_home_registered_plmn_name_override_bool=false, notify_international_call_on_wfc_bool=false, use_ip_for_calling_indicator_bool=false, iwlan.add_ke_to_child_session_rekey_bool=false, call_forwarding_map_non_number_to_voicemail_bool=false, imsss.ut_iptype_roaming_int=2, carrier_instant_lettering_available_bool=false, cdma_cw_cf_enabled_bool=true, nr_advanced_capable_pco_id_int=0, opportunistic.exit_threshold_ss_rsrq_double_bundle=PersistableBundle[EMPTY_PARCEL], data_switch_validation_timeout_long=2000, imsvoice.session_privacy_type_int=0, carrier_wfc_ims_available_bool_develop=false, show_spn_for_home_in_choose_network_setting_bool=false, lte_rsrq_thresholds_int_array=[-20, -17, -14, -11], iwlan.dpd_timer_sec_int=120, stk_disable_launch_browser_bool=false, show_ims_registration_status_bool=false, carrier_use_ims_first_for_emergency_bool=false, carrier_vt_available_bool=true, smsToMmsTextLengthThreshold=-1, display_voicemail_number_as_default_call_forwarding_number=false, config_wifi_disable_in_ecbm=false, ci_action_on_sys_update_intent_string=, bsf.bsf_server_fqdn_string=, always_show_data_rat_icon_bool=false, ascii_7_bit_support_for_long_message_bool=true, apn_priority_string_array=[enterprise:0, default:1, mms:2, supl:2, dun:2, hipri:3, fota:2, ims:2, cbs:2, ia:2, emergency:2, mcx:3, xcap:3], additional_call_setting_bool=true, config_restore_participants_presentation=false, enabled_4g_opportunistic_network_scan_bool=true, editable_voicemail_number_setting_bool=true, 5g_ultra_wideband_icon_min_bandwidth_mode=2147483647, carrier_app_no_wake_signal_config=null, hide_enabled_5g_bool=false, sms_requires_destination_number_conversion_bool=false, imsss.ut_server_based_services_int_array=[0, 1, 2, 6, 3, 4, 5, 7, 8, 9, 10, 11, 12, 13, 17, 14, 15, 16, 18, 19, 20, 21], carrier_default_actions_on_redirection_string_array=[9, 4, 1], support_swap_after_merge_bool=false, recipientLimit=2147483647, smdp_server_address_string=, imsvt.video_codec_capability_payload_types_bundle=PersistableBundle[mParcelledData.dataSize=92], config_callbarring_over_ims_no_need_password=false, format_incoming_number_to_national_for_jp_bool=false, config_set_volte_roaming_state=-1, imsserviceentitlement.show_vowifi_webview_bool=false, ims.gruu_enabled_bool=false, config_hide_pref_sms_settings=true, store_sim_pin_for_unattended_reboot_bool=true, config_power_center_5g_save_mode=true, call_waiting_over_ut_warning_bool=false, hide_digits_helper_text_on_stk_input_screen_bool=true, notify_vt_handover_to_wifi_failure_bool=false, unmetered_nr_nsa_when_roaming_bool=false, unmetered_nr_nsa_mmwave_bool=false, carrier_data_call_retry_network_requested_max_count_int=3, carrier_supports_caller_id_vertical_service_codes_bool=false, 5g_watchdog_time_ms_long=3600000, gsm_dtmf_tone_delay_int=0, imsvoice.ringback_timer_millis_int=90000, show_onscreen_dial_button_bool=true, imssms.sms_csfb_retry_on_failure_bool=true, uaProfTagName=x-wap-profile, sim_network_unlock_allow_dismiss_bool=true, config_enable_video_crbt=true, hide_preset_apn_details_bool=false, cdma_3waycall_flash_delay_int=0, config_update_service_status=false, carrier_settings_activity_component_name_string=, carrier_default_wfc_ims_mode_int=1, iwlan.child_session_aes_cbc_key_size_int_array=[128, 192, 256], call_forwarding_visibility_bool=true, carrier_5g_switch_available_bool=true, unmetered_nr_nsa_bool=false, enable_eap_method_prefix_bool=false, force_imei_bool=false, carrier_wfc_ims_available_bool=true, 5g_ultra_wideband_icon_sa_band_array=[], enable_nr_advanced_for_roaming_bool=true, display_call_strength_indicator_bool=true, imsss.ut_iptype_home_int=2, aliasMaxChars=48, imsvoice.audio_codec_capability_payload_types_bundle=PersistableBundle[mParcelledData.dataSize=388], opportunistic.5g_data_switch_hysteresis_time_long_bundle=PersistableBundle[EMPTY_PARCEL], hide_preferred_network_type_bool=false, support_emergency_sms_over_ims_bool=false, cdma_roaming_networks_string_array=null, supports_device_to_device_communication_using_dtmf_bool=false, imsss.network_initiated_ussd_over_ims_supported_bool=true, maxImageHeight=480, iwlan.supports_eap_aka_fast_reauth_bool=false, imsemergency.retry_emergency_on_ims_pdn_bool=false, gsm_roaming_networks_string_array=null, show_static_image_ui=false, imsrtt.text_rs_bandwidth_bps_int=100, opportunistic_network_ping_pong_time_long=60000, ims.publish_service_desc_feature_tag_map_override_string_array=[], gps.persist_lpp_mode_bool=true, show_video_quality_ui=false, data_warning_threshold_bytes_long=-1, supports_device_to_device_communication_using_rtp_bool=false, roaming_operator_string_array=null, unmetered_network_types_string_array=[NR_NSA, NR_NSA_MMWAVE, NR_SA, NR_SA_MMWAVE], lte_endc_using_user_data_for_rrc_detection_bool=false, ims.ims_single_registration_required_bool=false, gps.es_supl_control_plane_support_int=0, wfc_flight_mode_spn_format_idx_int=-1, imsrtt.text_on_default_bearer_supported_bool=false, iwlan.epdg_pco_id_ipv4_int=0, iwlan.epdg_pco_id_ipv6_int=0, limited_sim_function_notification_for_dsds_bool=false, ims.rcs_requires_provisioning_bundle=PersistableBundle[EMPTY_PARCEL], show_video_quality_toast=true, enableMMSDeliveryReports=false, carrier_vvm_package_name_string=, disable_voice_barring_notification_bool=false, world_mode_enabled_bool=false, parameters_use_for_5g_nr_signal_bar_int=1, gsm_rssi_thresholds_int_array=[-107, -103, -97, -89], config_editable_wfc_when_calling=true, config_hide_vt_callforward_option=true, carrier_default_data_roaming_enabled_bool=false, imsvoice.audio_as_bandwidth_kbps_int=41, config_customize_for_operator_vowifi_feature=false, ratchet_rat_families=[1,2, 7,8,12, 3,11,9,10,15], opportunistic.exit_threshold_ss_rsrq_double=-18.5, config_cota_carrier_customize_for_mute_ringer_feature=false, ims.keep_pdn_up_in_no_vops_bool=false, ims.rcs_bulk_capability_exchange_bool=false, carrier_volte_available_bool=true, lte_rssnr_thresholds_int_array=[-3, 1, 5, 13], wfc_operator_error_codes_string_array=null, iwlan.supported_ike_session_encryption_algorithms_int_array=[12], allow_local_dtmf_tones_bool=true, ims.phone_context_domain_name_string=, imsi_carrier_public_key_wlan_string=null, ims.ipsec_authentication_algorithms_int_array=[0, 1], support_conference_call_bool=true, show_forwarded_number_bool=false, opportunistic.5g_max_backoff_time_long=60000, gba_ua_security_organization_int=1, ims.geolocation_pidf_in_sip_register_support_int_array=[2], opportunistic.entry_threshold_ss_rsrq_double_bundle=PersistableBundle[EMPTY_PARCEL], ignore_rtt_mode_setting_bool=false, wifi.avoid_5ghz_wifi_direct_for_laa_bool=false, config_wfc_disable_sa=false, iwlan.epdg_authentication_method_int=0, carrier_supports_tethering_bool=true, support_pause_ims_video_calls_bool=false, vvm_legacy_mode_enabled_bool=false, config_enable_vt_with_mobile_data_off=true, parameters_used_for_lte_signal_bar_int=1, iwlan.ike_remote_id_type_int=2, userAgent=, imsrtt.text_as_bandwidth_kbps_int=4, enhanced_4g_lte_title_variant_bool=false, mmsCloseConnection=false, gps.supl_host=supl.qxwz.com, gps.supl_mode=3, gps.supl_port=7275, show_wifi_calling_icon_in_status_bar_bool=false, pnn_override_string_array=null, cross_sim_spn_format_int=1, support_ims_conference_call_bool=true, config_cellBroadcastAppLinks=true, allow_add_call_during_video_call=false, skip_cf_fail_to_disable_dialog_bool=false, iwlan.retransmit_timer_sec_int_array=[500, 1000, 2000, 4000, 8000], wcdma_default_signal_strength_measurement_string=rssi, config_volte_play_local_hold_tone=false, carrier_volte_provisioning_required_bool=false, use_wfc_home_network_mode_in_roaming_network_bool=false, carrier_b2c_enriched_calling_supported_bool=false, monthly_data_cycle_day_int=-1, ims.ipv6_sip_mtu_size_cellular_int=1500, ci_action_on_sys_update_extra_val_string=, carrier_disable_vice_sa_mode_bool=false, rtt_upgrade_supported_bool=false, apn_expand_bool=true, imsrtt.text_codec_capability_payload_types_bundle=PersistableBundle[mParcelledData.dataSize=144], imsi_key_availability_int=0, carrier_vvm_package_name_string_array=null, show_4g_for_3g_data_icon_bool=false, carrier_allow_turnoff_ims_bool=true, opportunistic_network_entry_threshold_rsrp_int=-108, nrarfcns_rsrp_boost_int_array=null, iwlan.ike_session_encryption_aes_cbc_key_size_int_array=[128, 192, 256], wfc_spn_use_root_locale=false, imsi_key_download_url_string=null, config_update_volte_icon=false, config_show_3g_only=false, carrier_provisioning_app_string=, allow_adding_apns_bool=true, switch_data_to_primary_if_primary_is_oos_bool=true, maxSubjectLength=40, config_support_callbarring_cancel_all_by_sequence=true, support_adhoc_conference_calls_bool=false, ims.rcs_request_forbidden_by_sip_489_bool=false, config_use_cnap_presentation=false, ehplmn_override_string_array=null, tty_supported_bool=true, support_no_reply_timer_for_cfnry_bool=true, vvm_type_string=, boosted_lte_earfcns_string_array=null, carrier_default_redirection_url_string_array=null, carrier_data_call_retry_config_strings=[default:default_randomization=2000,5000,10000,20000,40000,80000:5000,160000:5000,320000:5000,640000:5000,1280000:5000,1800000:5000, mms:default_randomization=2000,5000,10000,20000,40000,80000:5000,160000:5000,320000:5000,640000:5000,1280000:5000,1800000:5000, ims:max_retries=10, 5000, 5000, 5000, others:max_retries=3, 5000, 5000, 5000], use_call_waiting_ussd_bool=false, carrier_stk_dialog_set_cancelable=true, is_ims_conference_size_enforced_bool=false, extra_show_roaming_wfc_mode_option=false, enable_dialer_key_vibration_bool=true, opportunistic_network_entry_or_exit_hysteresis_time_long=10000, config_ecc_notification_for_wifi_calling=false, enhanced_4g_lte_title_variant_int=0, unthrottle_data_retry_when_tac_changes_bool=true, time_to_switch_back_to_primary_if_opportunistic_oos_long=60000, config_update_multiparty_state=true, network_temp_not_metered_supported_bool=true, imsvoice.session_refresher_type_int=1, gps.use_emergency_pdn_for_emergency_supl=0, imsrtt.text_rr_bandwidth_bps_int=300, read_only_apn_fields_string_array=null, mmi_two_digit_number_pattern_string_array=[], broadcast_emergency_call_state_changes_bool=false, nr_timers_reset_if_non_endc_and_rrc_idle_bool=false, network_notification_delay_int=-1, vt_upgrade_supported_for_downgraded_rtt_call=true, cdma_roaming_mode_int=-1, iwlan.mcc_mncs_string_array=[], carrier_volte_tty_supported_bool=true, show_precise_failed_cause_bool=false, gsm_cdma_calls_can_be_hd_audio=false, wfc_carrier_name_override_by_pnn_bool=false, carrier_network_service_wwan_package_override_string=, 4g_only_bool=false, video_calls_can_be_hd_audio=true, httpParams=, imsvoice.audio_inactivity_call_end_reasons_int_array=[1, 2, 3, 0], rtt_supported_bool=false, enableGroupMms=true, imsvoice.carrier_volte_roaming_available_bool=true, config_carrier_cs_retry_available=false, hide_lte_plus_data_icon_bool=true, support_emergency_dialer_shortcut_bool=true, subscription_group_uuid_string=, allow_concurrent_call_during_video_call=true, carrier_cross_sim_ims_available_bool=true, carrier_call_composer_supported_bool=false, call_barring_over_ut_warning_bool=false, restart_radio_on_pdp_fail_regular_deactivation_bool=false, rtt_auto_upgrade_bool=false, boosted_nrarfcns_string_array=null, carrier_config_applied_bool=true, imsvoice.amrnb_payload_description_bundle=PersistableBundle[mParcelledData.dataSize=160], additional_nr_advanced_bands_int_array=[], video_call_use_ext=true, carrier_ims_gba_required_bool=false, lte_enabled_bool=true, show_cdma_choices_bool=true, apn.settings_default_roaming_protocol_string=, ims.registration_event_package_supported_bool=true, carrier_provisions_wifi_merged_networks_bool=false, show_blocking_pay_phone_option_bool=false, use_rcs_sip_options_bool=false, wcdma_rscp_thresholds_int_array=[-115, -105, -95, -85], carrier_data_call_apn_delay_faster_long=3000, gps.supl_ver=0x20004, carrier_data_service_wwan_package_override_string=, wfc_spn_format_idx_int=0, voice_privacy_disable_ui_bool=false, config_support_secret_code_for_volte_and_wfc=true, use_sms_callback_mode_bool=false, lte_plus_threshold_bandwidth_khz_int=20000, carrier_settings_enable_bool=false, opl_override_opl_string_array=null, data_warning_notification_bool=true, hide_wfc_mode_option=false, local_disconnect_empty_ims_conference_bool=false, config_disable_send_sms_over_ims=false, ims.registration_retry_max_timer_millis_int=1800000, imswfc.emergency_call_over_emergency_pdn_bool=false, cdma_home_registered_plmn_name_string=, config_cota_carrier_customize_for_ussd_mode_feature=false, emailGatewayNumber=, config_common_callsettings_support_bool=true, gba_ua_tls_cipher_suite_int=0, opportunistic.exit_threshold_ss_rsrp_int=-120, mdn_is_additional_voicemail_number_bool=false, opportunistic.entry_threshold_ss_rsrq_double=-18.5, show_data_usage_toast=true, imsvoice.ringing_timer_millis_int=90000, allow_metered_network_for_cert_download_bool=false, telephony_network_capability_priorities_string_array=[eims:90, supl:80, mms:70, xcap:60, cbs:50, mcx:50, fota:50, ims:40, dun:30, enterprise:20, internet:20], imsserviceentitlement.entitlement_server_url_string=, 5g_ultra_wideband_icon_min_bandwidth_value=2147483647, ims.mmtel_requires_provisioning_bundle=PersistableBundle[EMPTY_PARCEL], call_forwarding_when_unreachable_supported_bool=true, iwlan.child_sa_rekey_soft_timer_sec_int=3600, imsemergency.emergency_over_ims_supported_rats_int_array=[3, 5], unloggable_numbers_string_array=null, 5g_nr_ssrsrq_thresholds_int_array=[-31, -19, -7, 6], carrier_supports_multianchor_conference=false, only_single_dc_allowed_int_array=[4, 7, 5, 6, 12], imsi_carrier_public_key_epdg_string=null, ims.ims_user_agent_string=#MANUFACTURER#_#MODEL#_Android#AV#_#BUILD#, default_preferred_apn_name_string=, ims.geolocation_pidf_in_sip_invite_support_int_array=[2], support_clir_network_default_bool=true, carrier_supports_ss_over_ut_bool=true, config_disable_clir_over_ut=true, always_show_emergency_alert_onoff_bool=false, iwlan.max_retries_int=3, use_custom_video_ui=false, imsss.ut_requires_ims_registration_bool=false, emergency_sms_mode_timer_ms_int=0, bsf.bsf_server_port_int=80, emergency_number_prefix_string_array=[], carrier_volte_override_wfc_provisioning_bool=false, carrier_data_call_apn_delay_default_long=20000, 5g_icon_configuration_string=connected_mmwave:5G,connected:5G,not_restricted_rrc_idle:5G,not_restricted_rrc_con:5G, imsemergency.emergency_callback_mode_supported_bool=false, default_vm_number_roaming_string=, 5g_nr_sssinr_thresholds_int_array=[-5, 5, 15, 30], carrier_allow_transfer_gsm_call_bool=false, allow_one_way_accept_video_call=true, rtt_downgrade_supported_bool=false, default_mtu_int=1500, caller_id_over_ut_warning_bool=false, imsvoice.session_timer_supported_bool=true, use_hfa_for_provisioning_bool=false, carrier_eri_file_name_string=eri.xml, imssms.sms_over_ims_supported_rats_int_array=[3, 5], carrier_hide_wfc_bool=false, opportunistic_time_to_scan_after_capability_switch_to_primary_long=120000, unmetered_nr_sa_bool=false, delay_ims_tear_down_until_call_end_bool=false, international_roaming_dial_string_replace_string_array=null, carrier_allow_deflect_ims_call_bool=false, maxMessageSize=307200, gps.nfw_proxy_apps=com.example.android.locationattribution, ignore_reset_ut_capability_bool=true, vvm_client_prefix_string=//VVM, disable_dun_apn_while_roaming_with_preset_apn_bool=false, config_ims_rcs_package_override_string=null, hide_carrier_network_settings_bool=false, gps.gps_lock=0, ims.sip_preferred_transport_int=2, imsvoice.include_caller_id_service_codes_in_sip_invite_bool=false, naiSuffix=, carrier_rcs_provisioning_required_bool=true, support_ims_conference_event_package_on_peer_bool=true, editable_enhanced_4g_lte_bool=false, carrier_metered_apn_types_strings=[default, dun, supl], non_roaming_operator_string_array=null, spn_display_condition_override_int=-1, opportunistic_network_backoff_time_long=10000, ims.rcs_request_retry_interval_millis_long=1200000, iwlan.epdg_address_priority_int_array=[1, 0], allow_merge_wifi_calls_when_vowifi_off_bool=true, vilte_data_is_metered_bool=false, spn_display_rule_use_roaming_from_service_state_bool=false, show_rtt_visibility_setting_bool=false, update_kddi_call_address=false, use_only_rsrp_for_lte_signal_bar_bool=false, show_4glte_for_lte_data_icon_bool=false, lte_rsrp_thresholds_int_array=[-128, -118, -108, -98], telephony_data_setup_retry_rules_string_array=[capabilities=eims, retry_interval=1000, maximum_retries=20, fail_causes=8|27|28|29|30|32|33|35|50|51|111|-5|-6|65537|65538|-3|2252|2253|2254, maximum_retries=0, capabilities=mms|supl|cbs, retry_interval=2000, capabilities=internet|enterprise|dun|ims|fota, retry_interval=2500|3000|5000|10000|15000|20000|40000|60000|120000|240000|600000|1200000|1800000, maximum_retries=20], rtt_supported_for_vt_bool=false, use_only_dialed_sim_ecc_list_bool=false, carrier_nr_availabilities_int_array=[1], enableMMSReadReports=false, iwlan.child_sa_rekey_hard_timer_sec_int=7200, allow_hold_in_ims_call=true, carrier_fiveg_power_saving_available_bool=true, bandwidth_nr_nsa_use_lte_value_for_uplink_bool=false, imswfc.pidf_short_code_string_array=[], prefer_2g_bool=false, show_single_operator_row_in_choose_network_setting_bool=true, is_opportunistic_subscription_bool=false, carrier_disable_sa_mode_bool=false, call_forwarding_over_ut_warning_bool=false, carrier_vowifi_tty_supported_bool=true, maxImageWidth=640, iwlan.ike_rekey_soft_timer_sec_int=7200, smart_forwarding_config_component_name_string=, config_support_call_forward_time_dialog=false, check_mobile_data_for_cf=true, show_iccid_in_sim_status_bool=false, config_show_cf_type_when_mmi=false, config_mms_allowed_on_roaming=false, lte_earfcns_rsrp_boost_int=0, call_composer_picture_server_url_string=, vonr_enabled_bool=true, carrier_promote_wfc_on_call_fail_bool=false, opportunistic_network_exit_threshold_rsrp_int=-118, vvm_ssl_enabled_bool=false, disable_filter_out_conference_host=false, iwlan.child_session_aes_ctr_key_size_int_array=[128, 192, 256], radio_restart_failure_causes_int_array=[], wfc_emergency_address_carrier_app_string=, ims.use_sip_uri_for_presence_subscribe_bool=false, imsss.ut_supported_when_ps_data_off_bool=true, call_forwarding_when_not_logged_in_supported_bool=false, support_wps_over_ims_bool=true, ims.sip_timer_t1_millis_int=2000, volte_replacement_rat_int=0, carrier_config_version_string=, ims.registration_retry_base_timer_millis_int=30000, imsvt.video_rtcp_inactivity_timer_millis_int=0, carrier_wfc_supports_ims_preferred_bool=false, imsvoice.conference_factory_uri_string=, 5g_icon_display_grace_period_string=, enable_carrier_display_name_resolver_bool=false, roaming_unmetered_network_types_string_array=[], ignore_data_enabled_changed_for_video_calls=true, iwlan.epdg_static_address_roaming_string=, allow_emergency_numbers_in_call_log_bool=true, carrier_volte_unavailable_bool=false, ims.sip_over_ipsec_enabled_bool=true, uaProfUrl=, config_hide_preview_in_vt_confcall=false, enabledMMS=true, imsvoice.audio_rtcp_inactivity_timer_millis_int=20000, opportunistic.5g_data_switch_exit_hysteresis_time_long=2000, imsvoice.mo_call_request_timeout_millis_int=5000, ims.sip_timer_t2_millis_int=16000, imsvoice.oip_source_from_header_bool=false, config_show_volte_icon_incall=false, apn_settings_default_apn_types_string_array=null, imsvoice.voice_qos_precondition_supported_bool=true, imsvoice.dedicated_bearer_wait_timer_millis_int=8000, auto_retry_failed_wifi_emergency_call=true, read_only_apn_types_string_array=[], support_3gpp_call_forwarding_while_roaming_bool=true, allow_ussd_requests_via_telephony_manager_bool=true, enabledNotifyWapMMSC=false, hide_emergency_apn_bool=true, vvm_cellular_data_required_bool=false, 5g_ultra_wideband_icon_refresh_timer_map=PersistableBundle[EMPTY_PARCEL], require_apn_filtering_with_radio_capability_bool=false, imsvt.video_rtp_inactivity_timer_millis_int=0, imsvoice.prack_supported_for_18x_bool=false, carrier_app_wake_signal_config=[com.android.carrierdefaultapp/.CarrierDefaultBroadcastReceiver:com.android.internal.telephony.CARRIER_SIGNAL_RESET], notify_handover_video_from_wifi_to_lte_bool=false, prevent_clir_activation_and_deactivation_code_bool=false, ims.sip_timer_b_millis_int=128000, hide_tty_hco_vco_with_rtt=false, show_operator_name_in_statusbar_bool=false, sendMultipartSmsAsSeparateMessages=false, require_entitlement_checks_bool=true, iwlan.epdg_static_address_string=, use_call_forwarding_ussd_bool=false, config_enable_display_14digit_imei=false, config_show_vonr_icon_in_statusbar=false, config_hide_mms_apn=false, feature_access_codes_string_array=null, imsvt.video_on_default_bearer_supported_bool=false, imsvoice.audio_rs_bandwidth_bps_int=600, sim_country_iso_override_string=cn, always_show_primary_signal_bar_in_opportunistic_network_boolean=false, rcs_config_server_url_string=, additional_settings_caller_id_visibility_bool=true, show_call_session_event_toast=true, carrier_qualified_networks_service_package_override_string=, carrier_instant_lettering_encoding_string=, carrier_allow_transfer_ims_call_bool=false, carrier_name_string=, enableMultipartSMS=true, carrier_auto_cancel_cs_notification=true, ims.sip_timer_c_millis_int=210000, carrier_name_override_bool=false}], 11=PersistableBundle[{imsvoice.voice_on_default_bearer_supported_bool=false, remove_modify_call_capability=false, imsss.ut_transport_type_int=1, carrier_volte_provisioned_bool=false, support_cdma_1x_voice_calls_bool=true, support_ss_over_cdma_bool=false, disable_charge_indication_bool=false, ims.sip_timer_t4_millis_int=17000, config_call_forwarding_CFNRc_visibility_bool=true, support_tdscdma_bool=false, config_video_supp_service=false, httpSocketTimeout=60000, allowed_initial_attach_apn_types_string_array=[ia, default, mms, dun], disable_supplementary_services_in_airplane_mode_bool=false, call_barring_default_service_class_int=1, call_redirection_service_component_name_string=null, carrier_wfc_supports_wifi_only_bool=false, carrier_default_actions_on_default_network_available_string_array=[false: 7, true: 8], imsvoice.minimum_session_expires_timer_sec_int=90, iwlan_handover_policy_string_array=[source=GERAN|UTRAN|EUTRAN|NGRAN|IWLAN, target=GERAN|UTRAN|EUTRAN|NGRAN|IWLAN, type=allowed], operator_selection_expand_bool=true, disable_cdma_activation_code_bool=false, simplified_network_settings_bool=false, imsemergency.emergency_registration_timer_millis_int=10000, call_forwarding_when_unanswered_supported_bool=true, imsvt.h264_payload_description_bundle=PersistableBundle[mParcelledData.dataSize=168], config_cota_carrier_customize_for_stk_feature=false, support_tdscdma_roaming_networks_string_array=null, opportunistic.5g_data_switch_hysteresis_time_long=2000, ims.sip_timer_d_millis_int=130000, gps.lpp_profile=2, call_barring_visibility_bool=true, gba_mode_int=1, ims.registration_subscribe_expiry_timer_sec_int=600000, gps.es_extension_sec=0, enable_apps_string_array=null, 5g_icon_display_secondary_grace_period_string=, carrier_default_wfc_ims_roaming_enabled_bool=false, cdma_nonroaming_networks_string_array=null, imsss.ut_as_server_fqdn_string=, signal_strength_nr_nsa_use_lte_as_primary_bool=true, 5g_ultra_wideband_icon_nsa_band_mode=2147483647, aliasMinChars=2, fdn_number_length_limit_int=20, support_ims_call_forwarding_while_roaming_bool=true, wfc_data_spn_format_idx_int=0, hide_sim_lock_settings_bool=false, drop_video_call_when_answering_audio_call_bool=false, data_stall_recovery_timers_long_array=[180000, 180000, 180000, 180000], opportunistic_esim_download_via_wifi_only_bool=false, imsss.xcap_over_ut_supported_rats_int_array=[3, 5], ci_action_on_sys_update_bool=false, carrier_certificate_string_array=[], convert_cdma_caller_id_mmi_codes_while_roaming_on_3gpp_bool=false, support_enhanced_call_blocking_bool=true, iwlan.ike_rekey_hard_timer_in_sec=14400, vvm_port_number_int=0, carrier_default_wfc_ims_enabled_bool=false, iwlan.ike_session_encryption_aes_ctr_key_size_int_array=[128, 192, 256], dial_string_replace_string_array=null, opportunistic_network_entry_threshold_bandwidth_int=1024, opportunistic_network_data_switch_exit_hysteresis_time_long=3000, imsss.use_csfb_on_xcap_over_ut_failure_bool=true, gsm_nonroaming_networks_string_array=null, imsserviceentitlement.ims_provisioning_bool=false, wifi.avoid_5ghz_softap_for_laa_bool=false, hide_ims_apn_bool=true, vvm_destination_number_string=, unmetered_nr_sa_mmwave_bool=false, ims.ipsec_encryption_algorithms_int_array=[0, 1, 2], opportunistic.5g_backoff_time_long=10000, enable_cross_sim_calling_on_opportunistic_data_bool=false, vonr_setting_visibility_bool=true, imssms.sms_over_ims_supported_bool=true, dtmf_type_enabled_bool=false, ims.sip_timer_f_millis_int=128000, allow_video_calling_fallback_bool=true, nr_advanced_threshold_bandwidth_khz_int=0, config_volte_on_by_default_after_ota=false, opportunistic.5g_ping_pong_time_long=60000, config_ims_package_override_string=null, data_stall_recovery_should_skip_bool_array=[false, false, true, false, false], only_auto_select_in_home_network=false, iwlan.supported_prf_algorithms_int_array=[2, 4, 5, 6, 7], show_data_connected_roaming_notification=false, 5g_ultra_wideband_icon_sib2_value=2147483647, gps.es_supl_data_plane_only_roaming_plmn_string_array=null, imsserviceentitlement.fcm_sender_id_string=, smsToMmsTextThreshold=10, imsvt.video_as_bandwidth_kbps_int=960, opportunistic.exit_threshold_ss_rsrp_int_bundle=PersistableBundle[EMPTY_PARCEL], config_smsc_no_need_show_international_number=true, inflate_signal_strength_bool=false, config_wifi_disconnect_delay_for_vowifi_detach=false, force_home_network_bool=false, spdi_override_string_array=null, show_wfc_location_privacy_policy_bool=false, imsemergency.refresh_geolocation_timeout_millis_int=5000, imsvt.video_rtp_dscp_int=40, gps.supl_es=1, enableSMSDeliveryReports=true, iwlan.natt_keep_alive_timer_sec_int=20, cellular_usage_setting_int=-1, config_cota_carrier_customize_for_call_feature=true, missed_incoming_call_sms_originator_string_array=[], missed_incoming_call_sms_pattern_string_array=[], opportunistic.entry_threshold_ss_rsrp_int_bundle=PersistableBundle[EMPTY_PARCEL], auto_retry_enabled_bool=false, ims.enable_presence_capability_exchange_bool=false, transmit_static_image=false, opportunistic_network_entry_threshold_rssnr_int=5, play_call_recording_tone_bool=false, unmetered_nr_nsa_sub6_bool=false, imsss.ut_terminal_based_services_int_array=[], carrier_force_disable_etws_cmas_test_bool=false, call_waiting_service_class_int=1, allow_emergency_video_calls_bool=false, support_add_conference_participants_bool=false, csp_enabled_bool=false, default_sim_call_manager_string=, 5g_ultra_wideband_icon_sa_band_mode=2147483647, config_support_change_and_cancel_cb=false, ims.ipv4_sip_mtu_size_cellular_int=1500, ims.ims_pdn_enabled_in_no_vops_support_int_array=[], carrier_app_required_during_setup_bool=false, ims.sip_timer_h_millis_int=128000, call_forwarding_blocks_while_roaming_string_array=null, emergency_notification_delay_int=-1, support_video_conference_call_bool=true, ims_dtmf_tone_delay_int=0, wifi.hotspot_maximum_client_count=0, carrier_vt_tty_support_bool=false, iwlan.supported_child_session_encryption_algorithms_int_array=[12], ims.registration_expiry_timer_sec_int=600000, carrier_wwan_disallowed_apn_types_string_array=[], ims.request_uri_type_int=0, ims.supported_rats_int_array=[6, 3, 5], imsvoice.amrwb_payload_description_bundle=PersistableBundle[mParcelledData.dataSize=160], show_signal_strength_in_sim_status_bool=true, imsvt.video_rs_bandwidth_bps_int=8000, hide_xcap_apn_bool=true, carrier_sa_mode_available_bool=false, imsvt.video_qos_precondition_supported_bool=true, gba_ua_security_protocol_int=65536, data_rapid_notification_bool=true, display_no_data_notification_on_permanent_failure_bool=false, config_hide_dun_apn=false, carrier_instant_lettering_escaped_chars_string=, carrier_default_wfc_ims_roaming_mode_int=2, bsf.bsf_transport_type_int=1, hide_enable_2g_bool=true, config_vonr_on_by_defalut_bool=false, config_ims_mmtel_package_override_string=null, editable_wfc_mode_bool=true, imsvoice.audio_rr_bandwidth_bps_int=2000, imsvoice.audio_rtp_inactivity_timer_millis_int=20000, support_direct_fdn_dialing_bool=false, multi_apn_array_for_same_gid=[52FF:mms,supl,hipri,default,fota:SA:nrphone, 52FF:mms,supl,hipri,default,fota:NSA:nxtgenphone, 52FF:mms,supl,hipri,default,fota:LTE:nxtgenphone, 52FF:mms,supl,hipri,default,fota:TD_SCDMA:nxtgenphone, 52FF:mms,supl,hipri,default,fota:UMTS:nxtgenphone, 52FF:mms,supl,hipri,default,fota:GSM:nxtgenphone, 52FF:mms,supl,hipri,default,fota:HDR:nxtgenphone, 52FF:mms,supl,hipri,default,fota:1xRTT:nxtgenphone, 53FF:mms,supl,hipri,default,fota:SA:enhancedphone, 53FF:mms,supl,hipri,default,fota:NSA:enhancedphone, 53FF:mms,supl,hipri,default,fota:LTE:nxtgenphone, 53FF:mms,supl,hipri,default,fota:TD_SCDMA:nxtgenphone, 53FF:mms,supl,hipri,default,fota:UMTS:nxtgenphone, 53FF:mms,supl,hipri,default,fota:GSM:nxtgenphone, 53FF:mms,supl,hipri,default,fota:HDR:nxtgenphone, 53FF:mms,supl,hipri,default,fota:1xRTT:nxtgenphone], carrier_ut_provisioning_required_bool=false, imsvoice.conference_subscribe_type_int=1, iwlan.diffie_hellman_groups_int_array=[2, 5, 14], treat_downgraded_video_calls_as_video_calls_bool=false, vowifi_call_quality=false, apn_default_values_strings_array=PersistableBundle[mParcelledData.dataSize=116], wifi_calls_can_be_hd_audio=true, support_downgrade_vt_to_audio_bool=true, wifi.suggestion_ssid_list_with_mac_randomization_disabled=[], allow_merging_rtt_calls_bool=false, cdma_enhanced_roaming_indicator_for_home_network_int_array=[1], notify_handover_video_from_lte_to_wifi_bool=false, ims.sip_timer_j_millis_int=128000, use_otasp_for_provisioning_bool=false, always_play_remote_hold_tone_bool=false, opportunistic_network_data_switch_hysteresis_time_long=10000, telephony_data_handover_retry_rules_string_array=[retry_interval=1000|2000|4000|8000|16000, maximum_retries=5], ping_test_before_data_switch_bool=true, esim_download_retry_backoff_timer_sec_int=60, maxMessageTextSize=-1, duration_blocking_disabled_after_emergency_int=7200, default_vm_number_roaming_and_ims_unregistered_string=, imsvoice.srvcc_type_int_array=[0, 1, 2, 3], carrier_metered_roaming_apn_types_strings=[default, mms, dun, supl], config_disable_ss_over_wfc_when_airplane_enabled=false, rtt_supported_while_roaming_bool=false, additional_settings_call_waiting_visibility_bool=true, carrier_ussd_method_int=0, show_video_call_charges_alert_dialog_bool=false, carrier_network_service_wlan_package_override_string=, ims.enable_presence_publish_bool=false, supports_sdp_negotiation_of_d2d_rtp_header_extensions_bool=false, show_apn_setting_cdma_bool=true, use_usim_bool=false, carrier_instant_lettering_length_limit_int=64, operator_name_filter_pattern_string=, opportunistic_carrier_ids_int_array=[0], iwlan.ike_local_id_type_int=3, data_switch_validation_min_gap_long=86400000, carrier_instant_lettering_invalid_chars_string=, editable_wfc_when_airplane_mode_on=true, carrier_setup_app_string=, editable_wfc_roaming_mode_bool=false, supportMmsContentDisposition=true, unmetered_nr_sa_sub6_bool=false, support_manage_ims_conference_call_bool=true, supports_call_composer_bool=false, 5g_nr_ssrsrp_thresholds_int_array=[-110, -90, -80, -65], opportunistic_network_exit_threshold_rssnr_int=1, allow_non_emergency_calls_in_ecm_bool=true, allow_cdma_eri_bool=false, opportunistic.5g_data_switch_exit_hysteresis_time_long_bundle=PersistableBundle[EMPTY_PARCEL], carrier_data_service_wlan_package_override_string=, show_carrier_data_icon_pattern_string=, allow_hold_call_during_emergency_bool=true, use_rcs_presence_bool=false, opportunistic.entry_threshold_ss_rsrp_int=-111, call_forwarding_when_busy_supported_bool=true, config_telephony_use_own_number_for_voicemail_bool=false, cdma_dtmf_tone_delay_int=100, editable_voicemail_number_bool=false, carrier_data_call_apn_retry_after_disconnect_long=100, filtered_cnap_names_string_array=null, hide_wfc_mode_option_in_roaming=false, enabledTransID=false, aliasEnabled=false, imsemergency.emergency_qos_precondition_supported_bool=true, config_miui_sms_sa_fallback_optimization=false, imsrtt.text_qos_precondition_supported_bool=true, imsss.ut_supported_when_roaming_bool=true, carrier_supports_opp_data_auto_provisioning_bool=false, imsvoice.session_expires_timer_sec_int=1800, bandwidth_string_array=[GPRS:24,24, EDGE:70,18, UMTS:115,115, CDMA:14,14, 1xRTT:30,30, EvDo_0:750,48, EvDo_A:950,550, HSDPA:4300,620, HSUPA:4300,1800, HSPA:4300,1800, EvDo_B:1500,550, eHRPD:750,48, iDEN:14,14, LTE:30000,15000, HSPA+:13000,3400, GSM:24,24, TD_SCDMA:115,115, LTE_CA:30000,15000, NR_NSA:47000,18000, NR_NSA_MMWAVE:145000,60000, NR_SA:145000,60000, NR_SA_MMWAVE:145000,60000], vvm_disabled_capabilities_string_array=null, config_wifi_signal_weak_disconnect_vowifi_call=false, show_4g_for_lte_data_icon_bool=true, check_pricing_with_carrier_data_roaming_bool=false, ims.rcs_feature_tag_allowed_string_array=[+g.3gpp.icsi-ref="urn%3Aurn-7%3A3gpp-service.ims.icsi.oma.cpm.msg", +g.3gpp.icsi-ref="urn%3Aurn-7%3A3gpp-service.ims.icsi.oma.cpm.largemsg", +g.3gpp.icsi-ref="urn%3Aurn-7%3A3gpp-service.ims.icsi.oma.cpm.deferred", +g.gsma.rcs.cpm.pager-large, +g.3gpp.icsi-ref="urn%3Aurn-7%3A3gpp-service.ims.icsi.oma.cpm.session", +g.3gpp.icsi-ref="urn%3Aurn-7%3A3gpp-service.ims.icsi.oma.cpm.filetransfer", +g.3gpp.iari-ref="urn%3Aurn-7%3A3gpp-application.ims.iari.rcs.fthttp", +g.3gpp.iari-ref="urn%3Aurn-7%3A3gpp-application.ims.iari.rcs.ftsms", +g.3gpp.iari-ref="urn%3Aurn-7%3A3gpp-service.ims.icsi.gsma.callcomposer", +g.gsma.callcomposer, +g.3gpp.icsi-ref="urn%3Aurn-7%3A3gpp-service.ims.icsi.gsma.callunanswered", +g.3gpp.icsi-ref="urn%3Aurn-7%3A3gpp-service.ims.icsi.gsma.sharedmap", +g.3gpp.icsi-ref="urn%3Aurn-7%3A3gpp-service.ims.icsi.gsma.sharedsketch", +g.3gpp.iari-ref="urn%3Aurn-7%3A3gpp-application.ims.iari.rcs.geopush", +g.3gpp.iari-ref="urn%3Aurn-7%3A3gpp-application.ims.iari.rcs.geosms", +g.3gpp.iari-ref="urn%3Aurn-7%3A3gpp-application.ims.iari.rcs.chatbot", +g.3gpp.iari-ref="urn%3Aurn-7%3A3gpp-application.ims.iari.rcs.chatbot.sa", +g.gsma.rcs.botversion="#=1,#=2", +g.gsma.rcs.cpimext], call_barring_supports_deactivate_all_bool=true, ims_conference_size_limit_int=5, carrier_volte_globalization_enable=false, imsss.ut_as_server_port_int=80, apn.settings_default_protocol_string=, identify_high_definition_calls_in_call_log_bool=false, ims.enable_presence_group_subscribe_bool=false, call_barring_supports_password_change_bool=true, imsvoice.multiendpoint_supported_bool=false, config_miui_sms_optimization=false, supportHttpCharsetHeader=false, config_show_wifi_call_subscription_displayname=true, allow_hold_video_call_bool=true, allow_video_call_in_low_battery=true, mtk_vt_over_wifi_check_volte_enable_bool=true, ims.sip_server_port_number_int=5060, ims.wifi_off_deferring_time_millis_int=4000, iwlan.supported_integrity_algorithms_int_array=[5, 2, 12, 13, 14], carrier_wlan_disallowed_apn_types_string_array=[], vvm_prefetch_bool=true, hide_enhanced_4g_lte_bool=true, config_nr_display_rule=0, default_rtt_mode_int=0, volte_5g_limited_alert_dialog_bool=false, display_hd_audio_property_bool=true, ims.non_rcs_capabilities_cache_expiration_sec_int=2592000, has_in_call_noise_suppression_bool=false, enhanced_4g_lte_on_by_default_bool=false, data_limit_notification_bool=true, imssms.sms_over_ims_format_int=0, config_show_orig_dial_string_for_cdma=false, voicemail_notification_persistent_bool=true, carrier_default_actions_on_reset_string_array=[6, 8], opportunistic_network_max_backoff_time_long=60000, world_phone_bool=true, ims_reasoninfo_mapping_string_array=[332|Q.850;cause=21|510], call_screening_app=, disconnect_cause_play_busytone_int_array=[4], gps.a_glonass_pos_protocol_select=0, default_vm_number_string=121, 5g_ultra_wideband_icon_nsa_band_array=[], data_limit_threshold_bytes_long=-1, imsvoice.session_refresh_method_int=1, imsvt.video_rr_bandwidth_bps_int=6000, use_acs_for_rcs_bool=false, esim_max_download_retry_attempts_int=5, support_ims_conference_event_package_bool=true, allowAttachAudio=true, use_caller_id_ussd_bool=false, config_support_add_call_during_ims_call=true, show_call_blocking_disabled_notification_always_bool=false, ci_action_on_sys_update_extra_string=, rtt_upgrade_supported_for_downgraded_vt_call=true, ignore_sim_network_locked_events_bool=false, cdma_home_registered_plmn_name_override_bool=false, notify_international_call_on_wfc_bool=false, use_ip_for_calling_indicator_bool=false, iwlan.add_ke_to_child_session_rekey_bool=false, call_forwarding_map_non_number_to_voicemail_bool=false, imsss.ut_iptype_roaming_int=2, carrier_instant_lettering_available_bool=false, cdma_cw_cf_enabled_bool=false, nr_advanced_capable_pco_id_int=0, opportunistic.exit_threshold_ss_rsrq_double_bundle=PersistableBundle[EMPTY_PARCEL], data_switch_validation_timeout_long=2000, imsvoice.session_privacy_type_int=0, carrier_wfc_ims_available_bool_develop=false, show_spn_for_home_in_choose_network_setting_bool=false, lte_rsrq_thresholds_int_array=[-20, -17, -14, -11], iwlan.dpd_timer_sec_int=120, stk_disable_launch_browser_bool=false, show_ims_registration_status_bool=false, carrier_use_ims_first_for_emergency_bool=false, carrier_vt_available_bool=false, smsToMmsTextLengthThreshold=-1, display_voicemail_number_as_default_call_forwarding_number=false, config_wifi_disable_in_ecbm=false, ci_action_on_sys_update_intent_string=, bsf.bsf_server_fqdn_string=, always_show_data_rat_icon_bool=false, ascii_7_bit_support_for_long_message_bool=false, apn_priority_string_array=[enterprise:0, default:1, mms:2, supl:2, dun:2, hipri:3, fota:2, ims:2, cbs:2, ia:2, emergency:2, mcx:3, xcap:3], additional_call_setting_bool=true, config_restore_participants_presentation=false, enabled_4g_opportunistic_network_scan_bool=true, editable_voicemail_number_setting_bool=true, 5g_ultra_wideband_icon_min_bandwidth_mode=2147483647, carrier_app_no_wake_signal_config=null, hide_enabled_5g_bool=true, sms_requires_destination_number_conversion_bool=false, imsss.ut_server_based_services_int_array=[0, 1, 2, 6, 3, 4, 5, 7, 8, 9, 10, 11, 12, 13, 17, 14, 15, 16, 18, 19, 20, 21], carrier_default_actions_on_redirection_string_array=[9, 4, 1], support_swap_after_merge_bool=true, recipientLimit=2147483647, smdp_server_address_string=, imsvt.video_codec_capability_payload_types_bundle=PersistableBundle[mParcelledData.dataSize=92], config_callbarring_over_ims_no_need_password=false, format_incoming_number_to_national_for_jp_bool=false, config_set_volte_roaming_state=-1, imsserviceentitlement.show_vowifi_webview_bool=false, ims.gruu_enabled_bool=false, config_hide_pref_sms_settings=true, store_sim_pin_for_unattended_reboot_bool=true, config_power_center_5g_save_mode=false, call_waiting_over_ut_warning_bool=false, hide_digits_helper_text_on_stk_input_screen_bool=true, notify_vt_handover_to_wifi_failure_bool=false, unmetered_nr_nsa_when_roaming_bool=false, unmetered_nr_nsa_mmwave_bool=false, carrier_data_call_retry_network_requested_max_count_int=3, carrier_supports_caller_id_vertical_service_codes_bool=false, 5g_watchdog_time_ms_long=3600000, gsm_dtmf_tone_delay_int=0, imsvoice.ringback_timer_millis_int=90000, show_onscreen_dial_button_bool=true, imssms.sms_csfb_retry_on_failure_bool=true, uaProfTagName=x-wap-profile, sim_network_unlock_allow_dismiss_bool=true, hide_preset_apn_details_bool=false, cdma_3waycall_flash_delay_int=0, config_update_service_status=false, carrier_settings_activity_component_name_string=, carrier_default_wfc_ims_mode_int=1, iwlan.child_session_aes_cbc_key_size_int_array=[128, 192, 256], call_forwarding_visibility_bool=true, carrier_5g_switch_available_bool=true, unmetered_nr_nsa_bool=false, enable_eap_method_prefix_bool=false, force_imei_bool=false, carrier_wfc_ims_available_bool=true, 5g_ultra_wideband_icon_sa_band_array=[], enable_nr_advanced_for_roaming_bool=true, display_call_strength_indicator_bool=true, imsss.ut_iptype_home_int=2, aliasMaxChars=48, imsvoice.audio_codec_capability_payload_types_bundle=PersistableBundle[mParcelledData.dataSize=388], opportunistic.5g_data_switch_hysteresis_time_long_bundle=PersistableBundle[EMPTY_PARCEL], hide_preferred_network_type_bool=false, support_emergency_sms_over_ims_bool=false, cdma_roaming_networks_string_array=null, config_support_callbarring_over_ims=false, supports_device_to_device_communication_using_dtmf_bool=false, imsss.network_initiated_ussd_over_ims_supported_bool=true, maxImageHeight=480, iwlan.supports_eap_aka_fast_reauth_bool=false, imsemergency.retry_emergency_on_ims_pdn_bool=false, gsm_roaming_networks_string_array=null, show_static_image_ui=false, imsrtt.text_rs_bandwidth_bps_int=100, opportunistic_network_ping_pong_time_long=60000, ims.publish_service_desc_feature_tag_map_override_string_array=[], gps.persist_lpp_mode_bool=true, show_video_quality_ui=false, data_warning_threshold_bytes_long=-1, supports_device_to_device_communication_using_rtp_bool=false, roaming_operator_string_array=null, unmetered_network_types_string_array=[NR_NSA, NR_NSA_MMWAVE, NR_SA, NR_SA_MMWAVE], lte_endc_using_user_data_for_rrc_detection_bool=false, ims.ims_single_registration_required_bool=false, gps.es_supl_control_plane_support_int=0, wfc_flight_mode_spn_format_idx_int=-1, imsrtt.text_on_default_bearer_supported_bool=false, iwlan.epdg_pco_id_ipv4_int=0, iwlan.epdg_pco_id_ipv6_int=0, limited_sim_function_notification_for_dsds_bool=false, ims.rcs_requires_provisioning_bundle=PersistableBundle[EMPTY_PARCEL], show_video_quality_toast=true, enableMMSDeliveryReports=false, carrier_vvm_package_name_string=, disable_voice_barring_notification_bool=false, world_mode_enabled_bool=false, parameters_use_for_5g_nr_signal_bar_int=1, gsm_rssi_thresholds_int_array=[-107, -103, -97, -89], config_editable_wfc_when_calling=true, carrier_default_data_roaming_enabled_bool=false, imsvoice.audio_as_bandwidth_kbps_int=41, config_customize_for_operator_vowifi_feature=false, ratchet_rat_families=[1,2, 7,8,12, 3,11,9,10,15], opportunistic.exit_threshold_ss_rsrq_double=-18.5, config_cota_carrier_customize_for_mute_ringer_feature=false, ims.keep_pdn_up_in_no_vops_bool=false, ims.rcs_bulk_capability_exchange_bool=false, carrier_volte_available_bool=true, lte_rssnr_thresholds_int_array=[-3, 1, 5, 13], wfc_operator_error_codes_string_array=null, iwlan.supported_ike_session_encryption_algorithms_int_array=[12], allow_local_dtmf_tones_bool=true, ims.phone_context_domain_name_string=, imsi_carrier_public_key_wlan_string=null, ims.ipsec_authentication_algorithms_int_array=[0, 1], support_conference_call_bool=true, show_forwarded_number_bool=false, opportunistic.5g_max_backoff_time_long=60000, gba_ua_security_organization_int=1, ims.geolocation_pidf_in_sip_register_support_int_array=[2], opportunistic.entry_threshold_ss_rsrq_double_bundle=PersistableBundle[EMPTY_PARCEL], ignore_rtt_mode_setting_bool=false, wifi.avoid_5ghz_wifi_direct_for_laa_bool=false, config_wfc_disable_sa=false, iwlan.epdg_authentication_method_int=0, carrier_supports_tethering_bool=true, support_pause_ims_video_calls_bool=false, vvm_legacy_mode_enabled_bool=false, config_enable_vt_with_mobile_data_off=true, parameters_used_for_lte_signal_bar_int=1, iwlan.ike_remote_id_type_int=2, userAgent=, imsrtt.text_as_bandwidth_kbps_int=4, enhanced_4g_lte_title_variant_bool=false, mmsCloseConnection=false, gps.supl_host=supl.vodafone.com, gps.supl_mode=1, gps.supl_port=7275, show_wifi_calling_icon_in_status_bar_bool=false, pnn_override_string_array=null, cross_sim_spn_format_int=1, support_ims_conference_call_bool=true, config_cellBroadcastAppLinks=true, allow_add_call_during_video_call=true, skip_cf_fail_to_disable_dialog_bool=false, iwlan.retransmit_timer_sec_int_array=[500, 1000, 2000, 4000, 8000], wcdma_default_signal_strength_measurement_string=rssi, config_volte_play_local_hold_tone=false, carrier_volte_provisioning_required_bool=false, use_wfc_home_network_mode_in_roaming_network_bool=false, carrier_b2c_enriched_calling_supported_bool=false, monthly_data_cycle_day_int=-1, ims.ipv6_sip_mtu_size_cellular_int=1500, ci_action_on_sys_update_extra_val_string=, carrier_disable_vice_sa_mode_bool=true, rtt_upgrade_supported_bool=false, apn_expand_bool=true, imsrtt.text_codec_capability_payload_types_bundle=PersistableBundle[mParcelledData.dataSize=144], imsi_key_availability_int=0, carrier_vvm_package_name_string_array=null, show_4g_for_3g_data_icon_bool=false, carrier_allow_turnoff_ims_bool=true, opportunistic_network_entry_threshold_rsrp_int=-108, nrarfcns_rsrp_boost_int_array=null, iwlan.ike_session_encryption_aes_cbc_key_size_int_array=[128, 192, 256], wfc_spn_use_root_locale=false, imsi_key_download_url_string=null, config_update_volte_icon=false, config_show_3g_only=false, carrier_provisioning_app_string=, allow_adding_apns_bool=false, switch_data_to_primary_if_primary_is_oos_bool=true, maxSubjectLength=40, config_support_callbarring_cancel_all_by_sequence=true, support_adhoc_conference_calls_bool=false, ims.rcs_request_forbidden_by_sip_489_bool=false, config_use_cnap_presentation=false, ehplmn_override_string_array=null, tty_supported_bool=true, support_no_reply_timer_for_cfnry_bool=true, vvm_type_string=, boosted_lte_earfcns_string_array=null, carrier_default_redirection_url_string_array=null, carrier_data_call_retry_config_strings=[default:default_randomization=2000,5000,10000,20000,40000,80000:5000,160000:5000,320000:5000,640000:5000,1280000:5000,1800000:5000, mms:default_randomization=2000,5000,10000,20000,40000,80000:5000,160000:5000,320000:5000,640000:5000,1280000:5000,1800000:5000, ims:max_retries=10, 5000, 5000, 5000, others:max_retries=3, 5000, 5000, 5000], use_call_waiting_ussd_bool=false, is_ims_conference_size_enforced_bool=false, extra_show_roaming_wfc_mode_option=false, enable_dialer_key_vibration_bool=true, opportunistic_network_entry_or_exit_hysteresis_time_long=10000, config_ecc_notification_for_wifi_calling=true, enhanced_4g_lte_title_variant_int=0, unthrottle_data_retry_when_tac_changes_bool=true, time_to_switch_back_to_primary_if_opportunistic_oos_long=60000, config_update_multiparty_state=true, network_temp_not_metered_supported_bool=true, imsvoice.session_refresher_type_int=1, gps.use_emergency_pdn_for_emergency_supl=1, imsrtt.text_rr_bandwidth_bps_int=300, read_only_apn_fields_string_array=null, mmi_two_digit_number_pattern_string_array=[], broadcast_emergency_call_state_changes_bool=false, nr_timers_reset_if_non_endc_and_rrc_idle_bool=false, network_notification_delay_int=-1, vt_upgrade_supported_for_downgraded_rtt_call=true, cdma_roaming_mode_int=-1, iwlan.mcc_mncs_string_array=[], carrier_volte_tty_supported_bool=true, show_precise_failed_cause_bool=false, gsm_cdma_calls_can_be_hd_audio=true, wfc_carrier_name_override_by_pnn_bool=false, carrier_network_service_wwan_package_override_string=, 4g_only_bool=false, video_calls_can_be_hd_audio=true, httpParams=, imsvoice.audio_inactivity_call_end_reasons_int_array=[1, 2, 3, 0], rtt_supported_bool=false, enableGroupMms=true, imsvoice.carrier_volte_roaming_available_bool=true, config_carrier_cs_retry_available=false, hide_lte_plus_data_icon_bool=true, support_emergency_dialer_shortcut_bool=true, subscription_group_uuid_string=, allow_concurrent_call_during_video_call=true, carrier_cross_sim_ims_available_bool=true, carrier_call_composer_supported_bool=false, call_barring_over_ut_warning_bool=false, restart_radio_on_pdp_fail_regular_deactivation_bool=false, rtt_auto_upgrade_bool=false, boosted_nrarfcns_string_array=null, carrier_config_applied_bool=true, imsvoice.amrnb_payload_description_bundle=PersistableBundle[mParcelledData.dataSize=160], additional_nr_advanced_bands_int_array=[], video_call_use_ext=true, carrier_ims_gba_required_bool=false, lte_enabled_bool=true, show_cdma_choices_bool=true, apn.settings_default_roaming_protocol_string=, ims.registration_event_package_supported_bool=true, carrier_provisions_wifi_merged_networks_bool=false, show_blocking_pay_phone_option_bool=false, use_rcs_sip_options_bool=false, wcdma_rscp_thresholds_int_array=[-115, -105, -95, -85], carrier_data_call_apn_delay_faster_long=3000, gps.supl_ver=0x20000, carrier_data_service_wwan_package_override_string=, wfc_spn_format_idx_int=1, voice_privacy_disable_ui_bool=false, config_support_secret_code_for_volte_and_wfc=true, use_sms_callback_mode_bool=false, lte_plus_threshold_bandwidth_khz_int=20000, carrier_settings_enable_bool=false, opl_override_opl_string_array=null, data_warning_notification_bool=true, hide_wfc_mode_option=false, local_disconnect_empty_ims_conference_bool=false, config_disable_send_sms_over_ims=false, ims.registration_retry_max_timer_millis_int=1800000, imswfc.emergency_call_over_emergency_pdn_bool=false, cdma_home_registered_plmn_name_string=, config_cota_carrier_customize_for_ussd_mode_feature=true, emailGatewayNumber=, gba_ua_tls_cipher_suite_int=0, opportunistic.exit_threshold_ss_rsrp_int=-120, mdn_is_additional_voicemail_number_bool=false, opportunistic.entry_threshold_ss_rsrq_double=-18.5, show_data_usage_toast=true, imsvoice.ringing_timer_millis_int=90000, allow_metered_network_for_cert_download_bool=false, telephony_network_capability_priorities_string_array=[eims:90, supl:80, mms:70, xcap:70, cbs:50, mcx:50, fota:50, ims:40, dun:30, enterprise:20, internet:20], imsserviceentitlement.entitlement_server_url_string=, 5g_ultra_wideband_icon_min_bandwidth_value=2147483647, ims.mmtel_requires_provisioning_bundle=PersistableBundle[EMPTY_PARCEL], call_forwarding_when_unreachable_supported_bool=true, iwlan.child_sa_rekey_soft_timer_sec_int=3600, imsemergency.emergency_over_ims_supported_rats_int_array=[3, 5], unloggable_numbers_string_array=null, 5g_nr_ssrsrq_thresholds_int_array=[-31, -19, -7, 6], carrier_supports_multianchor_conference=false, only_single_dc_allowed_int_array=[4, 7, 5, 6, 12], imsi_carrier_public_key_epdg_string=null, ims.ims_user_agent_string=#MANUFACTURER#_#MODEL#_Android#AV#_#BUILD#, default_preferred_apn_name_string=, ims.geolocation_pidf_in_sip_invite_support_int_array=[2], support_clir_network_default_bool=true, carrier_supports_ss_over_ut_bool=false, always_show_emergency_alert_onoff_bool=false, iwlan.max_retries_int=3, use_custom_video_ui=false, imsss.ut_requires_ims_registration_bool=false, emergency_sms_mode_timer_ms_int=0, bsf.bsf_server_port_int=80, emergency_number_prefix_string_array=[], carrier_volte_override_wfc_provisioning_bool=false, carrier_data_call_apn_delay_default_long=20000, 5g_icon_configuration_string=connected_mmwave:5G,connected:5G,not_restricted_rrc_idle:5G,not_restricted_rrc_con:5G, imsemergency.emergency_callback_mode_supported_bool=false, default_vm_number_roaming_string=, 5g_nr_sssinr_thresholds_int_array=[-5, 5, 15, 30], carrier_allow_transfer_gsm_call_bool=false, allow_one_way_accept_video_call=true, rtt_downgrade_supported_bool=false, default_mtu_int=1358, caller_id_over_ut_warning_bool=false, imsvoice.session_timer_supported_bool=true, use_hfa_for_provisioning_bool=false, carrier_eri_file_name_string=eri.xml, imssms.sms_over_ims_supported_rats_int_array=[3, 5], carrier_hide_wfc_bool=false, opportunistic_time_to_scan_after_capability_switch_to_primary_long=120000, unmetered_nr_sa_bool=false, delay_ims_tear_down_until_call_end_bool=false, international_roaming_dial_string_replace_string_array=null, carrier_allow_deflect_ims_call_bool=false, maxMessageSize=307200, gps.nfw_proxy_apps=com.example.android.locationattribution, ignore_reset_ut_capability_bool=false, vvm_client_prefix_string=//VVM, disable_dun_apn_while_roaming_with_preset_apn_bool=false, config_ims_rcs_package_override_string=null, hide_carrier_network_settings_bool=false, gps.gps_lock=0, ims.sip_preferred_transport_int=2, imsvoice.include_caller_id_service_codes_in_sip_invite_bool=false, naiSuffix=, carrier_rcs_provisioning_required_bool=true, support_ims_conference_event_package_on_peer_bool=true, editable_enhanced_4g_lte_bool=false, carrier_metered_apn_types_strings=[default, mms, dun, supl], non_roaming_operator_string_array=null, spn_display_condition_override_int=-1, opportunistic_network_backoff_time_long=10000, ims.rcs_request_retry_interval_millis_long=1200000, iwlan.epdg_address_priority_int_array=[1, 0], allow_merge_wifi_calls_when_vowifi_off_bool=true, vilte_data_is_metered_bool=false, spn_display_rule_use_roaming_from_service_state_bool=false, show_rtt_visibility_setting_bool=false, update_kddi_call_address=false, use_only_rsrp_for_lte_signal_bar_bool=false, show_4glte_for_lte_data_icon_bool=false, lte_rsrp_thresholds_int_array=[-128, -118, -108, -98], telephony_data_setup_retry_rules_string_array=[capabilities=eims, retry_interval=1000, maximum_retries=20, fail_causes=8|27|28|29|30|32|33|35|50|51|111|-5|-6|65537|65538|-3|2252|2253|2254, maximum_retries=0, capabilities=mms|supl|cbs, retry_interval=2000, capabilities=internet|enterprise|dun|ims|fota, retry_interval=2500|3000|5000|10000|15000|20000|40000|60000|120000|240000|600000|1200000|1800000, maximum_retries=20], rtt_supported_for_vt_bool=false, use_only_dialed_sim_ecc_list_bool=false, carrier_nr_availabilities_int_array=[1, 2], enableMMSReadReports=false, iwlan.child_sa_rekey_hard_timer_sec_int=7200, allow_hold_in_ims_call=true, carrier_fiveg_power_saving_available_bool=false, bandwidth_nr_nsa_use_lte_value_for_uplink_bool=false, imswfc.pidf_short_code_string_array=[], prefer_2g_bool=false, show_single_operator_row_in_choose_network_setting_bool=true, is_opportunistic_subscription_bool=false, carrier_disable_sa_mode_bool=true, call_forwarding_over_ut_warning_bool=false, carrier_vowifi_tty_supported_bool=true, maxImageWidth=640, iwlan.ike_rekey_soft_timer_sec_int=7200, smart_forwarding_config_component_name_string=, config_support_call_forward_time_dialog=true, show_iccid_in_sim_status_bool=false, config_show_cf_type_when_mmi=false, config_mms_allowed_on_roaming=false, lte_earfcns_rsrp_boost_int=0, call_composer_picture_server_url_string=, vonr_enabled_bool=false, carrier_promote_wfc_on_call_fail_bool=false, opportunistic_network_exit_threshold_rsrp_int=-118, vvm_ssl_enabled_bool=false, disable_filter_out_conference_host=false, iwlan.child_session_aes_ctr_key_size_int_array=[128, 192, 256], radio_restart_failure_causes_int_array=[], mtk_disable_conference_management_after_srvcc=false, wfc_emergency_address_carrier_app_string=, ims.use_sip_uri_for_presence_subscribe_bool=false, imsss.ut_supported_when_ps_data_off_bool=true, call_forwarding_when_not_logged_in_supported_bool=false, support_wps_over_ims_bool=true, ims.sip_timer_t1_millis_int=2000, volte_replacement_rat_int=0, carrier_config_version_string=, ims.registration_retry_base_timer_millis_int=30000, imsvt.video_rtcp_inactivity_timer_millis_int=0, carrier_wfc_supports_ims_preferred_bool=false, imsvoice.conference_factory_uri_string=, 5g_icon_display_grace_period_string=, enable_carrier_display_name_resolver_bool=false, roaming_unmetered_network_types_string_array=[], ignore_data_enabled_changed_for_video_calls=true, iwlan.epdg_static_address_roaming_string=, allow_emergency_numbers_in_call_log_bool=true, carrier_volte_unavailable_bool=false, ims.sip_over_ipsec_enabled_bool=true, uaProfUrl=, config_hide_preview_in_vt_confcall=false, enabledMMS=true, imsvoice.audio_rtcp_inactivity_timer_millis_int=20000, opportunistic.5g_data_switch_exit_hysteresis_time_long=2000, imsvoice.mo_call_request_timeout_millis_int=5000, ims.sip_timer_t2_millis_int=16000, imsvoice.oip_source_from_header_bool=false, apn_settings_default_apn_types_string_array=null, imsvoice.voice_qos_precondition_supported_bool=true, imsvoice.dedicated_bearer_wait_timer_millis_int=8000, auto_retry_failed_wifi_emergency_call=true, read_only_apn_types_string_array=[], support_3gpp_call_forwarding_while_roaming_bool=true, allow_ussd_requests_via_telephony_manager_bool=true, enabledNotifyWapMMSC=false, hide_emergency_apn_bool=true, vvm_cellular_data_required_bool=false, 5g_ultra_wideband_icon_refresh_timer_map=PersistableBundle[EMPTY_PARCEL], require_apn_filtering_with_radio_capability_bool=false, imsvt.video_rtp_inactivity_timer_millis_int=0, imsvoice.prack_supported_for_18x_bool=false, carrier_app_wake_signal_config=[com.android.carrierdefaultapp/.CarrierDefaultBroadcastReceiver:com.android.internal.telephony.CARRIER_SIGNAL_RESET], notify_handover_video_from_wifi_to_lte_bool=false, prevent_clir_activation_and_deactivation_code_bool=false, ims.sip_timer_b_millis_int=128000, hide_tty_hco_vco_with_rtt=false, show_operator_name_in_statusbar_bool=false, sendMultipartSmsAsSeparateMessages=false, require_entitlement_checks_bool=true, iwlan.epdg_static_address_string=, use_call_forwarding_ussd_bool=false, config_enable_display_14digit_imei=false, config_show_vonr_icon_in_statusbar=false, config_hide_mms_apn=false, feature_access_codes_string_array=[153, 132, 45], imsvt.video_on_default_bearer_supported_bool=false, imsvoice.audio_rs_bandwidth_bps_int=600, sim_country_iso_override_string=, always_show_primary_signal_bar_in_opportunistic_network_boolean=false, rcs_config_server_url_string=, additional_settings_caller_id_visibility_bool=true, show_call_session_event_toast=true, carrier_qualified_networks_service_package_override_string=, carrier_instant_lettering_encoding_string=, carrier_allow_transfer_ims_call_bool=false, carrier_name_string=, enableMultipartSMS=true, carrier_auto_cancel_cs_notification=true, ims.sip_timer_c_millis_int=210000, carrier_name_override_bool=false}]}
mCarrierPrivilegedPackagesBySimSlot=[ 
[]
[]
]
NonCarrierMergedNetworksStatusTracker - Log Begin ----
mSubscriptionId=-1
dumpTimeMs=1068623
mDisableStartTimeMs=0
mMinDisableDurationMs=0
mMaxDisableDurationMs=0
mTemporarilyDisabledNonCarrierMergedListAtStart=
NonCarrierMergedNetworksStatusTracker - Log End ----

Dump of PasspointManager
mEnabled: true
PasspointManager - Providers Begin ---
PasspointManager - Providers End ---
PasspointManager - Next provider ID to be assigned 0
Last sweep 0:06:19.433 ago.
ANQPRequestManager - Begin ---
ANQPRequestManager - End ---

Chipset information :-----------------------------------------------
FW Version is: FW:1.0.1.0.1134.11 HW:HW_VERSION=ffffffff.
Driver Version is: 5.2.022.9G
Supported Feature set: -1
--------------------------------------------------------------------
Bug dump 0
system time = 8-17 22:44:50.446
kernel time = 1068.623
reason = 7
kernel log: 

system log: 

ring-buffer = connectivity_events_rb

ring-buffer = power_events_rb

ring-buffer = firmware_prints_rb

ring-buffer = pkt_stats_rb

ring-buffer = driver_prints_rb

--------------------------------------------------------------------
Last Flush Time: {}
--------------------------------------------------------------------
No fates fetched for "Last failed connection fates"
HAL provided zero fates for "Latest fates"
No last mile log for "Last failed last-mile log"
-------------------------- Latest last-mile log ---------------------------
# tracer: nop
#
# entries-in-buffer/entries-written: 732/732   #P:8
#
#                                      _-----=> irqs-off
#                                     / _----=> need-resched
#                                    | / _---=> hardirq/softirq
#                                    || / _--=> preempt-depth
#                                    ||| /     delay
#           TASK-PID    TGID   CPU#  ||||    TIMESTAMP  FUNCTION
#              | |        |      |   ||||       |         |
           <...>-2786  (-----) [005] ....    20.467000: rdev_connect: phy0, netdev:wlan0(13), bssid: 00:00:00:00:00:00, ssid: Xiaomiwf_5G, auth type: 0, privacy: true, wpa versions: 2, flags: 0, previous bssid: 00:00:00:00:00:00
           <...>-2567  (-----) [006] ....    20.923934: netif_receive_skb: dev=wlan0 skbaddr=000000005c979a0f len=99
           <...>-2786  (-----) [002] ....    20.924949: net_dev_queue: dev=wlan0 skbaddr=0000000004dd5161 len=135
           <...>-2786  (-----) [002] ...2    20.925098: net_dev_xmit: dev=wlan0 skbaddr=0000000004dd5161 len=135 rc=0
           <...>-2567  (-----) [002] ....    20.936710: netif_receive_skb: dev=wlan0 skbaddr=000000007ee240b1 len=155
           <...>-2786  (-----) [000] ....    20.937068: net_dev_queue: dev=wlan0 skbaddr=000000008b07c163 len=113
           <...>-2786  (-----) [000] .n.2    20.937173: net_dev_xmit: dev=wlan0 skbaddr=000000008b07c163 len=113 rc=0
           <...>-2786  (-----) [000] ....    20.937425: rdev_add_key: phy0, netdev:wlan0(13), key_index: 0, pairwise: true, mac addr: 46:df:65:72:bd:c3
           <...>-2786  (-----) [007] ....    20.943302: rdev_add_key: phy0, netdev:wlan0(13), key_index: 2, pairwise: false, mac addr: 00:00:00:00:00:00
           <...>-2786  (-----) [007] ....    20.957671: rdev_set_rekey_data: phy0, netdev:wlan0(13)
           <...>-2567  (-----) [002] ....    21.001466: netif_receive_skb: dev=wlan0 skbaddr=00000000f170bd54 len=52
           <...>-82    (-----) [004] ....    21.024597: net_dev_queue: dev=wlan0 skbaddr=000000000cde727c len=86
           <...>-82    (-----) [004] ...2    21.024634: net_dev_xmit: dev=wlan0 skbaddr=000000000cde727c len=86 rc=0
           <...>-3771  (-----) [004] ..s.    21.032079: net_dev_queue: dev=wlan0 skbaddr=0000000004d925ce len=90
           <...>-3771  (-----) [004] ..s2    21.032121: net_dev_xmit: dev=wlan0 skbaddr=0000000004d925ce len=90 rc=0
           <...>-3771  (-----) [006] ....    21.146457: net_dev_queue: dev=wlan0 skbaddr=00000000c6ef9bc7 len=346
           <...>-3771  (-----) [006] ...2    21.146536: net_dev_xmit: dev=wlan0 skbaddr=00000000c6ef9bc7 len=346 rc=0
          <idle>-0     (-----) [004] ..s1    21.172082: net_dev_queue: dev=wlan0 skbaddr=00000000e277406b len=90
          <idle>-0     (-----) [004] ..s3    21.172190: net_dev_xmit: dev=wlan0 skbaddr=00000000e277406b len=90 rc=0
           <...>-2567  (-----) [002] ....    21.278040: netif_receive_skb: dev=wlan0 skbaddr=0000000027af42f3 len=52
           <...>-2567  (-----) [000] ....    21.278681: netif_receive_skb: dev=wlan0 skbaddr=000000003ffea435 len=328
           <...>-3771  (-----) [004] ....    21.281465: net_dev_queue: dev=wlan0 skbaddr=00000000e277406b len=356
           <...>-3771  (-----) [004] ...2    21.281524: net_dev_xmit: dev=wlan0 skbaddr=00000000e277406b len=356 rc=0
           <...>-2567  (-----) [003] ....    21.291098: netif_receive_skb: dev=wlan0 skbaddr=000000005d0b0dd2 len=328
           <...>-4586  (-----) [006] ....    21.307584: net_dev_queue: dev=wlan0 skbaddr=00000000770fa4e3 len=42
           <...>-4586  (-----) [006] .n.2    21.307643: net_dev_xmit: dev=wlan0 skbaddr=00000000770fa4e3 len=42 rc=0
           <...>-2567  (-----) [002] ....    21.312192: netif_receive_skb: dev=wlan0 skbaddr=0000000009714507 len=46
           <...>-2567  (-----) [003] ....    21.322043: netif_receive_skb: dev=wlan0 skbaddr=00000000bda60e84 len=332
           <...>-2567  (-----) [003] ....    21.322284: netif_receive_skb: dev=wlan0 skbaddr=000000001a167831 len=342
           <...>-4586  (-----) [002] ....    21.357917: net_dev_queue: dev=wlan0 skbaddr=00000000d9c90b56 len=42
           <...>-4586  (-----) [002] .n.2    21.358205: net_dev_xmit: dev=wlan0 skbaddr=00000000d9c90b56 len=42 rc=0
           <...>-3771  (-----) [000] ....    21.369128: net_dev_queue: dev=wlan0 skbaddr=00000000f11cd0ed len=42
           <...>-3771  (-----) [000] ...2    21.369402: net_dev_xmit: dev=wlan0 skbaddr=00000000f11cd0ed len=42 rc=0
           <...>-2567  (-----) [000] ....    21.371332: netif_receive_skb: dev=wlan0 skbaddr=000000000b6edc1f len=46
           <...>-2567  (-----) [002] ....    21.396588: netif_receive_skb: dev=wlan0 skbaddr=000000009a16d4a2 len=83
           <...>-2567  (-----) [002] ....    21.396723: netif_receive_skb: dev=wlan0 skbaddr=00000000ab6d7dff len=52
           <...>-2567  (-----) [003] ....    21.401436: netif_receive_skb: dev=wlan0 skbaddr=0000000097ab2fe0 len=52
           <...>-4586  (-----) [002] ....    21.408982: net_dev_queue: dev=wlan0 skbaddr=00000000de2148ed len=42
           <...>-4586  (-----) [002] ...2    21.409124: net_dev_xmit: dev=wlan0 skbaddr=00000000de2148ed len=42 rc=0
           <...>-2567  (-----) [003] ....    21.423310: netif_receive_skb: dev=wlan0 skbaddr=00000000d2081f76 len=46
           <...>-2567  (-----) [001] ....    21.426528: netif_receive_skb: dev=wlan0 skbaddr=00000000828ab8e7 len=28
           <...>-2567  (-----) [001] ....    21.443517: netif_receive_skb: dev=wlan0 skbaddr=000000003412f9cd len=52
           <...>-2567  (-----) [001] ....    21.444570: netif_receive_skb: dev=wlan0 skbaddr=00000000e62eed8c len=52
           <...>-2567  (-----) [002] ....    21.510587: netif_receive_skb: dev=wlan0 skbaddr=0000000034b2eea1 len=52
           <...>-2567  (-----) [002] ....    21.525509: netif_receive_skb: dev=wlan0 skbaddr=00000000c0df2531 len=46
           <...>-4586  (-----) [001] ....    21.559854: net_dev_queue: dev=wlan0 skbaddr=000000009bcdf5a5 len=42
           <...>-4586  (-----) [001] .n.2    21.560068: net_dev_xmit: dev=wlan0 skbaddr=000000009bcdf5a5 len=42 rc=0
           <...>-2567  (-----) [003] ....    21.563086: netif_receive_skb: dev=wlan0 skbaddr=0000000034e80ef1 len=46
           <...>-4619  (-----) [002] .n..    21.585510: net_dev_queue: dev=wlan0 skbaddr=000000008f280d7e len=42
           <...>-4619  (-----) [002] .n.2    21.585762: net_dev_xmit: dev=wlan0 skbaddr=000000008f280d7e len=42 rc=0
           <...>-2567  (-----) [003] ....    21.591872: netif_receive_skb: dev=wlan0 skbaddr=000000002d4b3cdf len=46
           <...>-2567  (-----) [003] ....    21.591941: net_dev_queue: dev=wlan0 skbaddr=0000000079651a74 len=78
           <...>-2567  (-----) [003] .n.2    21.592008: net_dev_xmit: dev=wlan0 skbaddr=0000000079651a74 len=78 rc=0
           <...>-2567  (-----) [003] .n..    21.592054: net_dev_queue: dev=wlan0 skbaddr=00000000ae4c63f2 len=78
           <...>-2567  (-----) [003] .n.2    21.592070: net_dev_xmit: dev=wlan0 skbaddr=00000000ae4c63f2 len=78 rc=0
           <...>-2567  (-----) [001] ....    21.594955: netif_receive_skb: dev=wlan0 skbaddr=00000000297c98f5 len=46
           <...>-3771  (-----) [002] ....    21.669693: net_dev_queue: dev=wlan0 skbaddr=000000009f64c6cc len=42
           <...>-3771  (-----) [002] ...2    21.669976: net_dev_xmit: dev=wlan0 skbaddr=000000009f64c6cc len=42 rc=0
           <...>-2567  (-----) [003] ....    21.672755: netif_receive_skb: dev=wlan0 skbaddr=00000000d124c282 len=83
           <...>-2567  (-----) [003] ....    21.672959: net_dev_queue: dev=wlan0 skbaddr=0000000070ce8a64 len=54
           <...>-2567  (-----) [003] ...2    21.673042: net_dev_xmit: dev=wlan0 skbaddr=0000000070ce8a64 len=54 rc=0
           <...>-2567  (-----) [003] ....    21.703732: netif_receive_skb: dev=wlan0 skbaddr=0000000001854c62 len=52
           <...>-2567  (-----) [003] ....    21.703938: net_dev_queue: dev=wlan0 skbaddr=0000000093e533be len=54
           <...>-2567  (-----) [003] ...2    21.704009: net_dev_xmit: dev=wlan0 skbaddr=0000000093e533be len=54 rc=0
           <...>-2567  (-----) [003] ....    21.743460: netif_receive_skb: dev=wlan0 skbaddr=0000000090f53bd7 len=52
           <...>-2567  (-----) [003] ....    21.743722: net_dev_queue: dev=wlan0 skbaddr=000000003e6b3a89 len=54
           <...>-2567  (-----) [003] ...2    21.743820: net_dev_xmit: dev=wlan0 skbaddr=000000003e6b3a89 len=54 rc=0
           <...>-3771  (-----) [002] ....    21.798553: net_dev_queue: dev=wlan0 skbaddr=00000000a0b8316c len=42
           <...>-3771  (-----) [002] .n.2    21.798700: net_dev_xmit: dev=wlan0 skbaddr=00000000a0b8316c len=42 rc=0
           <...>-4639  (-----) [007] ....    21.836397: net_dev_queue: dev=wlan0 skbaddr=0000000079da93bd len=80
           <...>-4639  (-----) [007] ...2    21.836512: net_dev_xmit: dev=wlan0 skbaddr=0000000079da93bd len=80 rc=0
           <...>-4642  (-----) [007] ....    21.838201: net_dev_queue: dev=wlan0 skbaddr=00000000fb0769d6 len=72
           <...>-4642  (-----) [007] ...2    21.838249: net_dev_xmit: dev=wlan0 skbaddr=00000000fb0769d6 len=72 rc=0
           <...>-4643  (-----) [007] ....    21.838746: net_dev_queue: dev=wlan0 skbaddr=00000000609d3a47 len=73
           <...>-4643  (-----) [007] ...2    21.838780: net_dev_xmit: dev=wlan0 skbaddr=00000000609d3a47 len=73 rc=0
           <...>-2567  (-----) [006] ....    21.923977: netif_receive_skb: dev=wlan0 skbaddr=000000001b24c1fb len=28
           <...>-2567  (-----) [006] ....    21.934747: netif_receive_skb: dev=wlan0 skbaddr=00000000b650a4ce len=122
           <...>-2567  (-----) [006] ....    21.934836: netif_receive_skb: dev=wlan0 skbaddr=00000000d8298e7e len=155
           <...>-2567  (-----) [006] ....    21.934858: netif_receive_skb: dev=wlan0 skbaddr=000000008cfb4b66 len=121
           <...>-3771  (-----) [000] ....    21.938518: net_dev_queue: dev=wlan0 skbaddr=00000000bbb3d709 len=42
           <...>-3771  (-----) [000] ...2    21.938622: net_dev_xmit: dev=wlan0 skbaddr=00000000bbb3d709 len=42 rc=0
           <...>-3070  (-----) [007] ....    21.939123: net_dev_queue: dev=wlan0 skbaddr=00000000e5f41e42 len=90
           <...>-3070  (-----) [007] ...2    21.939154: net_dev_xmit: dev=wlan0 skbaddr=00000000e5f41e42 len=90 rc=0
           <...>-2567  (-----) [003] ....    21.942979: netif_receive_skb: dev=wlan0 skbaddr=000000006410f982 len=28
           <...>-4637  (-----) [007] ....    21.975156: net_dev_queue: dev=wlan0 skbaddr=000000006335a55b len=74
           <...>-4637  (-----) [007] ...2    21.975221: net_dev_xmit: dev=wlan0 skbaddr=000000006335a55b len=74 rc=0
           <...>-2567  (-----) [004] ....    21.975834: netif_receive_skb: dev=wlan0 skbaddr=0000000048fbb9ad len=76
           <...>-4636  (-----) [007] ....    21.975837: net_dev_queue: dev=wlan0 skbaddr=00000000bf24c5b8 len=74
           <...>-4636  (-----) [007] ...2    21.975884: net_dev_xmit: dev=wlan0 skbaddr=00000000bf24c5b8 len=74 rc=0
           <...>-4638  (-----) [007] ....    21.979993: net_dev_queue: dev=wlan0 skbaddr=000000009867353c len=74
           <...>-4638  (-----) [007] ...2    21.980059: net_dev_xmit: dev=wlan0 skbaddr=000000009867353c len=74 rc=0
           <...>-2567  (-----) [005] ....    21.992480: netif_receive_skb: dev=wlan0 skbaddr=00000000be456200 len=60
           <...>-2567  (-----) [005] ...1    21.992583: net_dev_queue: dev=wlan0 skbaddr=00000000a08ca473 len=54
           <...>-2567  (-----) [005] .n.3    21.992606: net_dev_xmit: dev=wlan0 skbaddr=00000000a08ca473 len=54 rc=0
           <...>-4638  (-----) [005] ....    21.994644: net_dev_queue: dev=wlan0 skbaddr=0000000061f3794e len=571
           <...>-4638  (-----) [005] .n.2    21.994676: net_dev_xmit: dev=wlan0 skbaddr=0000000061f3794e len=571 rc=0
           <...>-2567  (-----) [004] ....    22.010669: netif_receive_skb: dev=wlan0 skbaddr=00000000795f9e18 len=52
           <...>-2567  (-----) [004] ...1    22.010765: net_dev_queue: dev=wlan0 skbaddr=000000004c220aec len=54
           <...>-2567  (-----) [004] .n.3    22.010787: net_dev_xmit: dev=wlan0 skbaddr=000000004c220aec len=54 rc=0
           <...>-4637  (-----) [005] ....    22.011436: net_dev_queue: dev=wlan0 skbaddr=000000004436e8e2 len=571
           <...>-4637  (-----) [005] ...2    22.011458: net_dev_xmit: dev=wlan0 skbaddr=000000004436e8e2 len=571 rc=0
           <...>-2567  (-----) [006] ....    22.013500: netif_receive_skb: dev=wlan0 skbaddr=00000000c46bcaeb len=52
           <...>-2567  (-----) [006] ...1    22.013592: net_dev_queue: dev=wlan0 skbaddr=000000008e1b46b0 len=54
           <...>-2567  (-----) [006] .n.3    22.013609: net_dev_xmit: dev=wlan0 skbaddr=000000008e1b46b0 len=54 rc=0
           <...>-4636  (-----) [005] ....    22.013702: net_dev_queue: dev=wlan0 skbaddr=00000000d2805884 len=272
           <...>-4636  (-----) [005] ...2    22.013722: net_dev_xmit: dev=wlan0 skbaddr=00000000d2805884 len=272 rc=0
           <...>-2567  (-----) [006] ....    22.020974: netif_receive_skb: dev=wlan0 skbaddr=000000005b7f9976 len=46
           <...>-2567  (-----) [006] ....    22.024985: netif_receive_skb: dev=wlan0 skbaddr=000000001dfa53fb len=1492
           <...>-2567  (-----) [006] ...1    22.025051: net_dev_queue: dev=wlan0 skbaddr=0000000080a49f38 len=54
           <...>-2567  (-----) [006] .n.3    22.025071: net_dev_xmit: dev=wlan0 skbaddr=0000000080a49f38 len=54 rc=0
           <...>-2567  (-----) [006] ....    22.025104: netif_receive_skb: dev=wlan0 skbaddr=000000002a1f13c8 len=1492
           <...>-2567  (-----) [006] ...1    22.025118: net_dev_queue: dev=wlan0 skbaddr=000000003d84ac71 len=54
           <...>-2567  (-----) [006] .n.3    22.025126: net_dev_xmit: dev=wlan0 skbaddr=000000003d84ac71 len=54 rc=0
           <...>-2567  (-----) [006] ....    22.025249: netif_receive_skb: dev=wlan0 skbaddr=0000000020b83a65 len=1492
           <...>-2567  (-----) [006] ...1    22.025268: net_dev_queue: dev=wlan0 skbaddr=00000000d0c2b2e0 len=54
           <...>-2567  (-----) [006] ...3    22.025283: net_dev_xmit: dev=wlan0 skbaddr=00000000d0c2b2e0 len=54 rc=0
           <...>-2567  (-----) [006] ....    22.025288: netif_receive_skb: dev=wlan0 skbaddr=0000000073d6e7bd len=890
           <...>-4638  (-----) [004] ....    22.025339: net_dev_queue: dev=wlan0 skbaddr=00000000e32d1d91 len=54
           <...>-4638  (-----) [004] ...2    22.025354: net_dev_xmit: dev=wlan0 skbaddr=00000000e32d1d91 len=54 rc=0
           <...>-4638  (-----) [006] ....    22.037748: net_dev_queue: dev=wlan0 skbaddr=00000000b5a04345 len=180
           <...>-4638  (-----) [006] ...2    22.037774: net_dev_xmit: dev=wlan0 skbaddr=00000000b5a04345 len=180 rc=0
           <...>-2567  (-----) [003] ....    22.037834: netif_receive_skb: dev=wlan0 skbaddr=000000001e5354f7 len=890
           <...>-2567  (-----) [003] ...1    22.037912: net_dev_queue: dev=wlan0 skbaddr=000000003b429a82 len=66
           <...>-2567  (-----) [003] ...3    22.037929: net_dev_xmit: dev=wlan0 skbaddr=000000003b429a82 len=66 rc=0
           <...>-2567  (-----) [004] ....    22.041007: netif_receive_skb: dev=wlan0 skbaddr=00000000e8effd62 len=28
           <...>-2567  (-----) [004] ....    22.043630: netif_receive_skb: dev=wlan0 skbaddr=00000000c3913644 len=46
           <...>-2567  (-----) [004] ....    22.043677: netif_receive_skb: dev=wlan0 skbaddr=000000006936b36d len=1492
           <...>-2567  (-----) [004] .n.1    22.043714: net_dev_queue: dev=wlan0 skbaddr=00000000e6646b2d len=54
           <...>-2567  (-----) [004] .n.3    22.043732: net_dev_xmit: dev=wlan0 skbaddr=00000000e6646b2d len=54 rc=0
           <...>-2567  (-----) [006] ....    22.044627: netif_receive_skb: dev=wlan0 skbaddr=000000003981102c len=1492
           <...>-2567  (-----) [006] ...1    22.044655: net_dev_queue: dev=wlan0 skbaddr=000000003d84ac71 len=54
           <...>-2567  (-----) [006] .n.3    22.044671: net_dev_xmit: dev=wlan0 skbaddr=000000003d84ac71 len=54 rc=0
           <...>-2567  (-----) [006] ....    22.044689: netif_receive_skb: dev=wlan0 skbaddr=00000000c91884ef len=1232
           <...>-2567  (-----) [006] ...1    22.044703: net_dev_queue: dev=wlan0 skbaddr=0000000017d5ed97 len=54
           <...>-2567  (-----) [006] .n.3    22.044708: net_dev_xmit: dev=wlan0 skbaddr=0000000017d5ed97 len=54 rc=0
           <...>-2567  (-----) [006] ....    22.044723: netif_receive_skb: dev=wlan0 skbaddr=000000002b9048ff len=468
           <...>-2567  (-----) [006] ...1    22.044732: net_dev_queue: dev=wlan0 skbaddr=00000000ac82a2c5 len=54
           <...>-2567  (-----) [006] .n.3    22.044739: net_dev_xmit: dev=wlan0 skbaddr=00000000ac82a2c5 len=54 rc=0
           <...>-301   (-----) [003] ....    22.048430: net_dev_queue: dev=wlan0 skbaddr=00000000a521969b len=90
           <...>-301   (-----) [003] ...2    22.048519: net_dev_xmit: dev=wlan0 skbaddr=00000000a521969b len=90 rc=0
           <...>-301   (-----) [003] ....    22.048553: net_dev_queue: dev=wlan0 skbaddr=00000000688e63a9 len=70
           <...>-301   (-----) [003] ...2    22.048584: net_dev_xmit: dev=wlan0 skbaddr=00000000688e63a9 len=70 rc=0
           <...>-4637  (-----) [002] ....    22.053540: net_dev_queue: dev=wlan0 skbaddr=000000008caddb89 len=134
           <...>-4637  (-----) [002] ...2    22.053646: net_dev_xmit: dev=wlan0 skbaddr=000000008caddb89 len=134 rc=0
           <...>-4586  (-----) [005] ....    22.060397: net_dev_queue: dev=wlan0 skbaddr=0000000042e2bed1 len=42
           <...>-4586  (-----) [005] .n.2    22.060456: net_dev_xmit: dev=wlan0 skbaddr=0000000042e2bed1 len=42 rc=0
           <...>-3771  (-----) [006] ....    22.094944: net_dev_queue: dev=wlan0 skbaddr=000000008cf2b73b len=42
           <...>-3771  (-----) [006] ...2    22.095041: net_dev_xmit: dev=wlan0 skbaddr=000000008cf2b73b len=42 rc=0
          <idle>-0     (-----) [003] ..s1    22.096133: net_dev_queue: dev=wlan0 skbaddr=000000004b650683 len=90
          <idle>-0     (-----) [003] ..s3    22.096180: net_dev_xmit: dev=wlan0 skbaddr=000000004b650683 len=90 rc=0
           <...>-2567  (-----) [006] ....    22.114631: netif_receive_skb: dev=wlan0 skbaddr=00000000fa401cab len=96
           <...>-2567  (-----) [006] ....    22.114779: netif_receive_skb: dev=wlan0 skbaddr=00000000522c9c48 len=46
           <...>-2567  (-----) [006] ....    22.114817: netif_receive_skb: dev=wlan0 skbaddr=000000008b9844d4 len=144
           <...>-2567  (-----) [006] ...1    22.114845: net_dev_queue: dev=wlan0 skbaddr=000000000d001866 len=54
           <...>-2567  (-----) [006] ...3    22.114865: net_dev_xmit: dev=wlan0 skbaddr=000000000d001866 len=54 rc=0
           <...>-2567  (-----) [006] ....    22.114869: netif_receive_skb: dev=wlan0 skbaddr=0000000081808406 len=46
           <...>-2567  (-----) [006] ....    22.114880: netif_receive_skb: dev=wlan0 skbaddr=00000000d1068606 len=104
           <...>-2567  (-----) [006] ....    22.114912: netif_receive_skb: dev=wlan0 skbaddr=00000000a23ed7ab len=160
           <...>-2567  (-----) [006] ....    22.114966: netif_receive_skb: dev=wlan0 skbaddr=00000000cb999c88 len=46
           <...>-2567  (-----) [006] ....    22.114977: netif_receive_skb: dev=wlan0 skbaddr=00000000456f485a len=266
           <...>-2567  (-----) [006] ...1    22.114987: net_dev_queue: dev=wlan0 skbaddr=0000000045f1bd56 len=54
           <...>-2567  (-----) [006] ...3    22.115009: net_dev_xmit: dev=wlan0 skbaddr=0000000045f1bd56 len=54 rc=0
           <...>-2567  (-----) [006] ....    22.115024: netif_receive_skb: dev=wlan0 skbaddr=000000005c0c804f len=343
           <...>-2567  (-----) [006] ...1    22.115039: net_dev_queue: dev=wlan0 skbaddr=00000000391954d4 len=294
           <...>-2567  (-----) [006] ...3    22.115068: net_dev_xmit: dev=wlan0 skbaddr=00000000391954d4 len=294 rc=0
           <...>-2567  (-----) [006] ....    22.115077: netif_receive_skb: dev=wlan0 skbaddr=000000000030e1a5 len=343
           <...>-4636  (-----) [006] ....    22.115823: net_dev_queue: dev=wlan0 skbaddr=00000000b5a04345 len=54
           <...>-4636  (-----) [006] ...2    22.115854: net_dev_xmit: dev=wlan0 skbaddr=00000000b5a04345 len=54 rc=0
           <...>-470   (-----) [006] ....    22.116563: net_dev_queue: dev=wlan0 skbaddr=00000000cb999c88 len=86
           <...>-470   (-----) [006] ...2    22.116576: net_dev_xmit: dev=wlan0 skbaddr=00000000cb999c88 len=86 rc=0
           <...>-470   (-----) [006] ....    22.116590: net_dev_queue: dev=wlan0 skbaddr=000000008b9844d4 len=86
           <...>-470   (-----) [006] ...2    22.116595: net_dev_xmit: dev=wlan0 skbaddr=000000008b9844d4 len=86 rc=0
           <...>-4638  (-----) [002] ....    22.116766: net_dev_queue: dev=wlan0 skbaddr=000000009822060a len=282
           <...>-4638  (-----) [002] ...2    22.116812: net_dev_xmit: dev=wlan0 skbaddr=000000009822060a len=282 rc=0
           <...>-2567  (-----) [003] ....    22.120215: netif_receive_skb: dev=wlan0 skbaddr=00000000bed7bedf len=46
           <...>-4555  (-----) [006] ..s.    22.124067: net_dev_queue: dev=wlan0 skbaddr=000000008cfb4b66 len=90
           <...>-4555  (-----) [006] ..s2    22.124098: net_dev_xmit: dev=wlan0 skbaddr=000000008cfb4b66 len=90 rc=0
           <...>-2567  (-----) [005] ....    22.124326: netif_receive_skb: dev=wlan0 skbaddr=000000008d2843d1 len=46
           <...>-2567  (-----) [005] ...1    22.124378: net_dev_queue: dev=wlan0 skbaddr=0000000069ddff53 len=66
           <...>-2567  (-----) [005] ...3    22.124397: net_dev_xmit: dev=wlan0 skbaddr=0000000069ddff53 len=66 rc=0
           <...>-4679  (-----) [000] ....    22.128684: net_dev_queue: dev=wlan0 skbaddr=00000000dc54a834 len=98
           <...>-4679  (-----) [000] ...2    22.128732: net_dev_xmit: dev=wlan0 skbaddr=00000000dc54a834 len=98 rc=0
           <...>-4678  (-----) [006] ....    22.128874: net_dev_queue: dev=wlan0 skbaddr=00000000c0c8ad6e len=78
           <...>-4678  (-----) [006] .n.2    22.128886: net_dev_xmit: dev=wlan0 skbaddr=00000000c0c8ad6e len=78 rc=0
           <...>-4680  (-----) [003] ....    22.129135: net_dev_queue: dev=wlan0 skbaddr=000000006ed70160 len=86
           <...>-4680  (-----) [003] ...2    22.129217: net_dev_xmit: dev=wlan0 skbaddr=000000006ed70160 len=86 rc=0
           <...>-2567  (-----) [006] ....    22.132627: netif_receive_skb: dev=wlan0 skbaddr=000000004ae1e01e len=46
           <...>-2567  (-----) [005] ....    22.134614: netif_receive_skb: dev=wlan0 skbaddr=0000000067ade1b5 len=72
           <...>-2567  (-----) [005] ....    22.134679: net_dev_queue: dev=wlan0 skbaddr=00000000f6839fcf len=98
           <...>-2567  (-----) [005] .n.2    22.134711: net_dev_xmit: dev=wlan0 skbaddr=00000000f6839fcf len=98 rc=0
           <...>-2567  (-----) [006] ....    22.136529: netif_receive_skb: dev=wlan0 skbaddr=000000004aa6c166 len=46
           <...>-2567  (-----) [005] ....    22.137716: netif_receive_skb: dev=wlan0 skbaddr=000000000db94d4d len=901
           <...>-2567  (-----) [005] ....    22.137754: netif_receive_skb: dev=wlan0 skbaddr=000000002fb6f279 len=731
           <...>-2567  (-----) [005] ...1    22.137778: net_dev_queue: dev=wlan0 skbaddr=000000000a3a8cbe len=54
           <...>-2567  (-----) [005] .n.3    22.137801: net_dev_xmit: dev=wlan0 skbaddr=000000000a3a8cbe len=54 rc=0
           <...>-2567  (-----) [005] ....    22.137820: netif_receive_skb: dev=wlan0 skbaddr=000000006790f33d len=71
           <...>-2567  (-----) [005] ....    22.137828: netif_receive_skb: dev=wlan0 skbaddr=000000006944e5f3 len=46
           <...>-4638  (-----) [006] ....    22.138201: net_dev_queue: dev=wlan0 skbaddr=000000005c0c804f len=54
           <...>-4638  (-----) [006] ...2    22.138231: net_dev_xmit: dev=wlan0 skbaddr=000000005c0c804f len=54 rc=0
           <...>-2567  (-----) [005] ....    22.143760: netif_receive_skb: dev=wlan0 skbaddr=0000000034333cee len=28
           <...>-2567  (-----) [005] ....    22.151499: netif_receive_skb: dev=wlan0 skbaddr=000000002f37af6b len=46
           <...>-2583  (-----) [006] ..s1    22.152090: net_dev_queue: dev=wlan0 skbaddr=00000000456f485a len=54
           <...>-2583  (-----) [006] ..s3    22.152132: net_dev_xmit: dev=wlan0 skbaddr=00000000456f485a len=54 rc=0
           <...>-2567  (-----) [005] .n..    22.153167: netif_receive_skb: dev=wlan0 skbaddr=00000000ac8642ca len=166
           <...>-2567  (-----) [005] .n.1    22.153230: net_dev_queue: dev=wlan0 skbaddr=00000000773bbf91 len=54
           <...>-2567  (-----) [005] .n.3    22.153281: net_dev_xmit: dev=wlan0 skbaddr=00000000773bbf91 len=54 rc=0
           <...>-2567  (-----) [005] ....    22.153406: netif_receive_skb: dev=wlan0 skbaddr=000000006468bf61 len=64
           <...>-2567  (-----) [005] ...1    22.153431: net_dev_queue: dev=wlan0 skbaddr=000000008518471c len=54
           <...>-2567  (-----) [005] ...3    22.153459: net_dev_xmit: dev=wlan0 skbaddr=000000008518471c len=54 rc=0
           <...>-2567  (-----) [005] ....    22.153465: netif_receive_skb: dev=wlan0 skbaddr=0000000026acad79 len=46
           <...>-4637  (-----) [000] ....    22.154282: net_dev_queue: dev=wlan0 skbaddr=000000007941691e len=78
           <...>-4637  (-----) [000] ...2    22.154340: net_dev_xmit: dev=wlan0 skbaddr=000000007941691e len=78 rc=0
           <...>-4682  (-----) [006] ....    22.154374: net_dev_queue: dev=wlan0 skbaddr=000000009bd06d42 len=78
           <...>-4682  (-----) [006] ...2    22.154394: net_dev_xmit: dev=wlan0 skbaddr=000000009bd06d42 len=78 rc=0
           <...>-4637  (-----) [000] ....    22.154491: net_dev_queue: dev=wlan0 skbaddr=00000000226f4466 len=54
           <...>-4637  (-----) [000] ...2    22.154522: net_dev_xmit: dev=wlan0 skbaddr=00000000226f4466 len=54 rc=0
           <...>-2567  (-----) [006] ....    22.156447: netif_receive_skb: dev=wlan0 skbaddr=000000007de6a7fd len=46
           <...>-19196 (-----) [006] ....   167.103673: rdev_connect: phy0, netdev:wlan0(13), bssid: 00:00:00:00:00:00, ssid: Xiaomiwf_5G, auth type: 0, privacy: true, wpa versions: 2, flags: 0, previous bssid: 00:00:00:00:00:00
           <...>-19164 (-----) [002] ....   167.148574: net_dev_queue: dev=tun0 skbaddr=0000000073403d1c len=60
           <...>-19164 (-----) [002] ...1   167.148644: net_dev_xmit: dev=tun0 skbaddr=0000000073403d1c len=60 rc=0
           <...>-18332 (-----) [000] ....   167.149582: netif_receive_skb: dev=tun0 skbaddr=000000004f23462d len=60
           <...>-18332 (-----) [000] ....   167.149841: net_dev_queue: dev=tun0 skbaddr=0000000052076b1e len=60
           <...>-18332 (-----) [000] ...1   167.149859: net_dev_xmit: dev=tun0 skbaddr=0000000052076b1e len=60 rc=0
           <...>-18332 (-----) [000] ....   167.150076: netif_receive_skb: dev=tun0 skbaddr=0000000052076b1e len=60
           <...>-18332 (-----) [000] ...1   167.150198: net_dev_queue: dev=tun0 skbaddr=000000008040343f len=52
           <...>-18332 (-----) [000] ...2   167.150208: net_dev_xmit: dev=tun0 skbaddr=000000008040343f len=52 rc=0
           <...>-18332 (-----) [000] ....   167.150235: netif_receive_skb: dev=tun0 skbaddr=000000008040343f len=52
           <...>-19164 (-----) [002] ....   167.150914: net_dev_queue: dev=tun0 skbaddr=000000005456c5e6 len=219
           <...>-19164 (-----) [002] ...1   167.150967: net_dev_xmit: dev=tun0 skbaddr=000000005456c5e6 len=219 rc=0
           <...>-18401 (-----) [001] ....   167.151018: netif_receive_skb: dev=tun0 skbaddr=0000000034e80ef1 len=219
           <...>-18401 (-----) [001] ...1   167.151108: net_dev_queue: dev=tun0 skbaddr=000000000b6edc1f len=52
           <...>-18401 (-----) [001] ...2   167.151118: net_dev_xmit: dev=tun0 skbaddr=000000000b6edc1f len=52 rc=0
           <...>-18401 (-----) [001] ....   167.151147: netif_receive_skb: dev=tun0 skbaddr=000000000b6edc1f len=52
           <...>-2567  (-----) [002] ....   167.443702: netif_receive_skb: dev=wlan0 skbaddr=000000007985fc59 len=99
           <...>-19196 (-----) [003] ....   167.446146: net_dev_queue: dev=wlan0 skbaddr=00000000b6dff59a len=135
           <...>-19196 (-----) [003] ...2   167.446404: net_dev_xmit: dev=wlan0 skbaddr=00000000b6dff59a len=135 rc=0
           <...>-2567  (-----) [003] ....   167.462225: netif_receive_skb: dev=wlan0 skbaddr=0000000094e7ee63 len=155
           <...>-19196 (-----) [000] ....   167.462592: net_dev_queue: dev=wlan0 skbaddr=000000004e04b4b5 len=113
           <...>-19196 (-----) [000] ...2   167.462715: net_dev_xmit: dev=wlan0 skbaddr=000000004e04b4b5 len=113 rc=0
           <...>-19196 (-----) [000] ....   167.462915: rdev_add_key: phy0, netdev:wlan0(13), key_index: 0, pairwise: true, mac addr: 46:df:65:72:bd:c3
           <...>-19196 (-----) [000] ....   167.470441: rdev_add_key: phy0, netdev:wlan0(13), key_index: 2, pairwise: false, mac addr: 00:00:00:00:00:00
           <...>-19196 (-----) [007] ....   167.501729: rdev_set_rekey_data: phy0, netdev:wlan0(13)
           <...>-18543 (-----) [002] ....   167.529339: net_dev_queue: dev=lo skbaddr=00000000478722a1 len=66
           <...>-18543 (-----) [002] ....   167.529354: netif_rx: dev=lo skbaddr=00000000478722a1 len=52
           <...>-18543 (-----) [002] ....   167.529359: net_dev_xmit: dev=lo skbaddr=00000000478722a1 len=66 rc=0
           <...>-18543 (-----) [002] ..s1   167.529364: netif_receive_skb: dev=lo skbaddr=00000000478722a1 len=52
           <...>-18543 (-----) [002] ..s1   167.529432: net_dev_queue: dev=lo skbaddr=0000000057a7e984 len=66
           <...>-18543 (-----) [002] ..s1   167.529434: netif_rx: dev=lo skbaddr=0000000057a7e984 len=52
           <...>-18543 (-----) [002] ..s1   167.529435: net_dev_xmit: dev=lo skbaddr=0000000057a7e984 len=66 rc=0
           <...>-18543 (-----) [002] ..s1   167.529438: netif_receive_skb: dev=lo skbaddr=0000000057a7e984 len=52
           <...>-19164 (-----) [000] ....   167.549652: net_dev_queue: dev=tun0 skbaddr=000000007941691e len=60
           <...>-19164 (-----) [000] ...1   167.549683: net_dev_xmit: dev=tun0 skbaddr=000000007941691e len=60 rc=0
           <...>-18330 (-----) [001] ....   167.550431: netif_receive_skb: dev=tun0 skbaddr=000000004cca59f4 len=60
           <...>-18330 (-----) [001] ....   167.550590: net_dev_queue: dev=tun0 skbaddr=00000000437955a4 len=60
           <...>-18330 (-----) [001] ...1   167.550600: net_dev_xmit: dev=tun0 skbaddr=00000000437955a4 len=60 rc=0
           <...>-18330 (-----) [001] ....   167.550629: netif_receive_skb: dev=tun0 skbaddr=00000000437955a4 len=60
           <...>-18330 (-----) [001] ...1   167.550720: net_dev_queue: dev=tun0 skbaddr=000000004cca59f4 len=52
           <...>-18330 (-----) [001] ...2   167.550726: net_dev_xmit: dev=tun0 skbaddr=000000004cca59f4 len=52 rc=0
           <...>-18330 (-----) [001] ....   167.550747: netif_receive_skb: dev=tun0 skbaddr=000000004cca59f4 len=52
           <...>-19164 (-----) [001] ....   167.556677: net_dev_queue: dev=tun0 skbaddr=0000000080f4c5ff len=219
           <...>-19164 (-----) [001] ...1   167.556732: net_dev_xmit: dev=tun0 skbaddr=0000000080f4c5ff len=219 rc=0
           <...>-18543 (-----) [002] ....   167.556815: netif_receive_skb: dev=tun0 skbaddr=00000000e2f8f049 len=219
           <...>-18543 (-----) [002] ...1   167.556909: net_dev_queue: dev=tun0 skbaddr=000000006945cb95 len=52
           <...>-18543 (-----) [002] ...2   167.556915: net_dev_xmit: dev=tun0 skbaddr=000000006945cb95 len=52 rc=0
           <...>-18543 (-----) [002] ....   167.556944: netif_receive_skb: dev=tun0 skbaddr=000000006945cb95 len=52
           <...>-2117  (-----) [006] ..s.   167.560082: net_dev_queue: dev=wlan0 skbaddr=000000009401d6b0 len=310
           <...>-2117  (-----) [006] ..s2   167.560115: net_dev_xmit: dev=wlan0 skbaddr=000000009401d6b0 len=310 rc=0
           <...>-19201 (-----) [007] ....   167.572780: net_dev_queue: dev=wlan0 skbaddr=0000000002f60f3c len=346
           <...>-19201 (-----) [007] ...2   167.572849: net_dev_xmit: dev=wlan0 skbaddr=0000000002f60f3c len=346 rc=0
           <...>-2567  (-----) [000] ....   167.578324: netif_receive_skb: dev=wlan0 skbaddr=000000001867530d len=328
           <...>-19201 (-----) [006] ....   167.580002: net_dev_queue: dev=wlan0 skbaddr=00000000674dc363 len=356
           <...>-19201 (-----) [006] ...2   167.580056: net_dev_xmit: dev=wlan0 skbaddr=00000000674dc363 len=356 rc=0
           <...>-2567  (-----) [000] ....   167.584777: netif_receive_skb: dev=wlan0 skbaddr=000000007288393c len=328
           <...>-18519 (-----) [002] ....   167.590409: net_dev_queue: dev=wlan0 skbaddr=00000000e6f675c2 len=82
           <...>-18519 (-----) [002] ...2   167.590510: net_dev_xmit: dev=wlan0 skbaddr=00000000e6f675c2 len=82 rc=0
           <...>-12197 (-----) [002] .ns.   167.596164: net_dev_queue: dev=wlan0 skbaddr=0000000002af9f6b len=54
           <...>-12197 (-----) [002] .ns2   167.596224: net_dev_xmit: dev=wlan0 skbaddr=0000000002af9f6b len=54 rc=0
           <...>-12197 (-----) [002] .ns.   167.596319: net_dev_queue: dev=wlan0 skbaddr=00000000363a6361 len=310
           <...>-12197 (-----) [002] .ns2   167.596336: net_dev_xmit: dev=wlan0 skbaddr=00000000363a6361 len=310 rc=0
           <...>-19245 (-----) [001] ....   167.598646: net_dev_queue: dev=wlan0 skbaddr=0000000012948db3 len=42
           <...>-19245 (-----) [001] ...2   167.598721: net_dev_xmit: dev=wlan0 skbaddr=0000000012948db3 len=42 rc=0
           <...>-2567  (-----) [000] ....   167.601835: netif_receive_skb: dev=wlan0 skbaddr=000000002a7c5ba0 len=46
           <...>-370   (-----) [002] ..s1   167.608147: net_dev_queue: dev=wlan0 skbaddr=000000004a80263f len=90
           <...>-370   (-----) [002] ..s3   167.608224: net_dev_xmit: dev=wlan0 skbaddr=000000004a80263f len=90 rc=0
           <...>-19245 (-----) [004] ....   167.648875: net_dev_queue: dev=wlan0 skbaddr=00000000fa179074 len=42
           <...>-19245 (-----) [004] ...2   167.648963: net_dev_xmit: dev=wlan0 skbaddr=00000000fa179074 len=42 rc=0
           <...>-2567  (-----) [002] ....   167.652291: netif_receive_skb: dev=wlan0 skbaddr=0000000039d06dc1 len=119
           <...>-2567  (-----) [002] ....   167.652536: netif_receive_skb: dev=wlan0 skbaddr=000000008d65aede len=139
           <...>-2567  (-----) [002] ....   167.652671: netif_receive_skb: dev=wlan0 skbaddr=00000000997cea8d len=112
           <...>-2567  (-----) [002] ....   167.652702: netif_receive_skb: dev=wlan0 skbaddr=000000009df61789 len=132
           <...>-2567  (-----) [002] ....   167.652726: netif_receive_skb: dev=wlan0 skbaddr=000000006e097450 len=46
           <...>-2567  (-----) [003] ....   167.653234: netif_receive_skb: dev=wlan0 skbaddr=000000005eb20c79 len=332
           <...>-2567  (-----) [003] ....   167.653706: netif_receive_skb: dev=wlan0 skbaddr=00000000c8ef498f len=342
           <...>-2567  (-----) [003] ....   167.653732: netif_receive_skb: dev=wlan0 skbaddr=000000006e533992 len=179
           <...>-2567  (-----) [003] ....   167.654419: netif_receive_skb: dev=wlan0 skbaddr=0000000024a1d72a len=211
           <...>-2567  (-----) [003] ....   167.657365: netif_receive_skb: dev=wlan0 skbaddr=00000000ebd88983 len=46
           <...>-19201 (-----) [004] ....   167.665269: net_dev_queue: dev=wlan0 skbaddr=0000000052984592 len=42
           <...>-19201 (-----) [004] ...2   167.665348: net_dev_xmit: dev=wlan0 skbaddr=0000000052984592 len=42 rc=0
           <...>-19245 (-----) [000] ....   167.699333: net_dev_queue: dev=wlan0 skbaddr=000000003ed93011 len=42
           <...>-19245 (-----) [000] .n.2   167.699649: net_dev_xmit: dev=wlan0 skbaddr=000000003ed93011 len=42 rc=0
           <...>-2567  (-----) [003] ....   167.702509: netif_receive_skb: dev=wlan0 skbaddr=00000000ca008965 len=46
           <...>-2567  (-----) [003] ....   167.754203: netif_receive_skb: dev=wlan0 skbaddr=00000000c023544d len=320
           <...>-2567  (-----) [003] ....   167.754426: netif_receive_skb: dev=wlan0 skbaddr=000000009bc9e16d len=28
           <...>-19245 (-----) [001] ....   167.850147: net_dev_queue: dev=wlan0 skbaddr=000000009d18ce53 len=42
           <...>-19245 (-----) [001] ...2   167.850319: net_dev_xmit: dev=wlan0 skbaddr=000000009d18ce53 len=42 rc=0
           <...>-2567  (-----) [003] ....   167.853246: netif_receive_skb: dev=wlan0 skbaddr=00000000c814d7c1 len=46
           <...>-2567  (-----) [003] ....   167.855908: netif_receive_skb: dev=wlan0 skbaddr=00000000791e6623 len=330
           <...>-2567  (-----) [000] ....   167.856638: netif_receive_skb: dev=wlan0 skbaddr=000000004e7323af len=376
           <...>-2567  (-----) [000] ....   167.856724: netif_receive_skb: dev=wlan0 skbaddr=00000000d950aa16 len=374
           <...>-19201 (-----) [002] ....   167.880933: net_dev_queue: dev=wlan0 skbaddr=000000003ffb743d len=42
           <...>-19201 (-----) [002] ...2   167.881116: net_dev_xmit: dev=wlan0 skbaddr=000000003ffb743d len=42 rc=0
           <...>-18543 (-----) [002] ....   167.945041: net_dev_queue: dev=tun0 skbaddr=00000000478722a1 len=52
           <...>-18543 (-----) [002] ...1   167.945128: net_dev_xmit: dev=tun0 skbaddr=00000000478722a1 len=52 rc=0
           <...>-18332 (-----) [003] ....   167.945801: netif_receive_skb: dev=tun0 skbaddr=00000000b6dff59a len=52
           <...>-18057 (-----) [002] ....   167.948059: net_dev_queue: dev=tun0 skbaddr=000000005456c5e6 len=52
           <...>-18057 (-----) [002] .n.1   167.948104: net_dev_xmit: dev=tun0 skbaddr=000000005456c5e6 len=52 rc=0
           <...>-18543 (-----) [002] ....   167.948314: netif_receive_skb: dev=tun0 skbaddr=000000001d4638df len=52
           <...>-18543 (-----) [002] ...1   167.948444: net_dev_queue: dev=tun0 skbaddr=00000000df03c595 len=52
           <...>-18543 (-----) [002] ...2   167.948450: net_dev_xmit: dev=tun0 skbaddr=00000000df03c595 len=52 rc=0
           <...>-18543 (-----) [002] ....   167.948541: netif_receive_skb: dev=tun0 skbaddr=00000000df03c595 len=52
           <...>-2567  (-----) [000] ....   167.958608: netif_receive_skb: dev=wlan0 skbaddr=00000000e8e40b7e len=384
           <...>-2567  (-----) [002] ....   167.960761: netif_receive_skb: dev=wlan0 skbaddr=00000000129a0a6b len=28
           <...>-18543 (-----) [003] ....   168.010112: net_dev_queue: dev=lo skbaddr=00000000c3a469c8 len=66
           <...>-18543 (-----) [003] ....   168.010127: netif_rx: dev=lo skbaddr=00000000c3a469c8 len=52
           <...>-18543 (-----) [003] ....   168.010131: net_dev_xmit: dev=lo skbaddr=00000000c3a469c8 len=66 rc=0
           <...>-18543 (-----) [003] ..s1   168.010137: netif_receive_skb: dev=lo skbaddr=00000000c3a469c8 len=52
           <...>-12008 (-----) [001] ....   168.010784: net_dev_queue: dev=lo skbaddr=000000005cb0e96f len=66
           <...>-12008 (-----) [001] ....   168.010790: netif_rx: dev=lo skbaddr=000000005cb0e96f len=52
           <...>-12008 (-----) [001] ....   168.010792: net_dev_xmit: dev=lo skbaddr=000000005cb0e96f len=66 rc=0
           <...>-12008 (-----) [001] ..s1   168.010794: netif_receive_skb: dev=lo skbaddr=000000005cb0e96f len=52
           <...>-12008 (-----) [001] ..s2   168.010840: net_dev_queue: dev=lo skbaddr=0000000013864afe len=66
           <...>-12008 (-----) [001] ..s2   168.010842: netif_rx: dev=lo skbaddr=0000000013864afe len=52
           <...>-12008 (-----) [001] ..s2   168.010843: net_dev_xmit: dev=lo skbaddr=0000000013864afe len=66 rc=0
           <...>-12008 (-----) [001] ..s1   168.010882: netif_receive_skb: dev=lo skbaddr=0000000013864afe len=52
           <...>-2567  (-----) [003] ....   168.061264: netif_receive_skb: dev=wlan0 skbaddr=00000000d74fc84f len=386
           <...>-2567  (-----) [003] ....   168.061483: netif_receive_skb: dev=wlan0 skbaddr=00000000641110ba len=380
           <...>-19201 (-----) [000] ....   168.074486: net_dev_queue: dev=wlan0 skbaddr=00000000282a4b59 len=42
           <...>-19201 (-----) [000] ...2   168.074611: net_dev_xmit: dev=wlan0 skbaddr=00000000282a4b59 len=42 rc=0
           <...>-19255 (-----) [006] ....   168.112248: net_dev_queue: dev=wlan0 skbaddr=00000000cbc8af64 len=42
           <...>-19255 (-----) [006] ...2   168.112369: net_dev_xmit: dev=wlan0 skbaddr=00000000cbc8af64 len=42 rc=0
           <...>-2567  (-----) [003] ....   168.115778: netif_receive_skb: dev=wlan0 skbaddr=000000002115bc66 len=46
           <...>-2567  (-----) [003] ....   168.115822: net_dev_queue: dev=wlan0 skbaddr=000000007713b1e5 len=74
           <...>-2567  (-----) [003] ...2   168.115875: net_dev_xmit: dev=wlan0 skbaddr=000000007713b1e5 len=74 rc=0
           <...>-2567  (-----) [003] ....   168.115880: net_dev_queue: dev=wlan0 skbaddr=00000000452fd7bf len=74
           <...>-2567  (-----) [003] ...2   168.115889: net_dev_xmit: dev=wlan0 skbaddr=00000000452fd7bf len=74 rc=0
           <...>-12008 (-----) [000] ....   168.118733: net_dev_queue: dev=lo skbaddr=000000004937d805 len=74
           <...>-12008 (-----) [000] ....   168.118747: netif_rx: dev=lo skbaddr=000000004937d805 len=60
           <...>-12008 (-----) [000] ....   168.118751: net_dev_xmit: dev=lo skbaddr=000000004937d805 len=74 rc=0
           <...>-12008 (-----) [000] ..s1   168.118756: netif_receive_skb: dev=lo skbaddr=000000004937d805 len=60
           <...>-12008 (-----) [000] ..s1   168.118853: net_dev_queue: dev=lo skbaddr=00000000ae79f619 len=74
           <...>-12008 (-----) [000] ..s1   168.118855: netif_rx: dev=lo skbaddr=00000000ae79f619 len=60
           <...>-12008 (-----) [000] ..s1   168.118857: net_dev_xmit: dev=lo skbaddr=00000000ae79f619 len=74 rc=0
           <...>-12008 (-----) [000] ..s1   168.118861: netif_receive_skb: dev=lo skbaddr=00000000ae79f619 len=60
           <...>-12008 (-----) [000] ....   168.118917: net_dev_queue: dev=lo skbaddr=00000000282a4b59 len=66
           <...>-12008 (-----) [000] ....   168.118919: netif_rx: dev=lo skbaddr=00000000282a4b59 len=52
           <...>-12008 (-----) [000] ....   168.118920: net_dev_xmit: dev=lo skbaddr=00000000282a4b59 len=66 rc=0
           <...>-12008 (-----) [000] ..s1   168.118922: netif_receive_skb: dev=lo skbaddr=00000000282a4b59 len=52
           <...>-2567  (-----) [001] ....   168.119608: netif_receive_skb: dev=wlan0 skbaddr=00000000e55616d5 len=46
           <...>-12008 (-----) [000] ....   168.119907: net_dev_queue: dev=lo skbaddr=000000004937d805 len=211
           <...>-12008 (-----) [000] ....   168.119913: netif_rx: dev=lo skbaddr=000000004937d805 len=197
           <...>-12008 (-----) [000] ....   168.119915: net_dev_xmit: dev=lo skbaddr=000000004937d805 len=211 rc=0
           <...>-12008 (-----) [000] ..s1   168.119917: netif_receive_skb: dev=lo skbaddr=000000004937d805 len=197
           <...>-12008 (-----) [000] ..s2   168.119982: net_dev_queue: dev=lo skbaddr=00000000282a4b59 len=66
           <...>-12008 (-----) [000] ..s2   168.119984: netif_rx: dev=lo skbaddr=00000000282a4b59 len=52
           <...>-12008 (-----) [000] ..s2   168.119986: net_dev_xmit: dev=lo skbaddr=00000000282a4b59 len=66 rc=0
           <...>-12008 (-----) [000] ..s1   168.119987: netif_receive_skb: dev=lo skbaddr=00000000282a4b59 len=52
           <...>-18332 (-----) [000] ....   168.123033: net_dev_queue: dev=lo skbaddr=000000004937d805 len=105
           <...>-18332 (-----) [000] ....   168.123047: netif_rx: dev=lo skbaddr=000000004937d805 len=91
           <...>-18332 (-----) [000] ....   168.123051: net_dev_xmit: dev=lo skbaddr=000000004937d805 len=105 rc=0
           <...>-18332 (-----) [000] ..s1   168.123057: netif_receive_skb: dev=lo skbaddr=000000004937d805 len=91
           <...>-18332 (-----) [000] ..s2   168.123116: net_dev_queue: dev=lo skbaddr=00000000282a4b59 len=66
           <...>-18332 (-----) [000] ..s2   168.123119: netif_rx: dev=lo skbaddr=00000000282a4b59 len=52
           <...>-18332 (-----) [000] ..s2   168.123120: net_dev_xmit: dev=lo skbaddr=00000000282a4b59 len=66 rc=0
           <...>-18332 (-----) [000] ..s1   168.123153: netif_receive_skb: dev=lo skbaddr=00000000282a4b59 len=52
           <...>-12008 (-----) [000] ....   168.125676: net_dev_queue: dev=lo skbaddr=000000004937d805 len=670
           <...>-12008 (-----) [000] ....   168.125691: netif_rx: dev=lo skbaddr=000000004937d805 len=656
           <...>-12008 (-----) [000] ....   168.125696: net_dev_xmit: dev=lo skbaddr=000000004937d805 len=670 rc=0
           <...>-12008 (-----) [000] ..s1   168.125701: netif_receive_skb: dev=lo skbaddr=000000004937d805 len=656
           <...>-18331 (-----) [001] ....   168.146694: net_dev_queue: dev=lo skbaddr=000000005cb0e96f len=66
           <...>-18331 (-----) [001] ....   168.146708: netif_rx: dev=lo skbaddr=000000005cb0e96f len=52
           <...>-18331 (-----) [001] ....   168.146713: net_dev_xmit: dev=lo skbaddr=000000005cb0e96f len=66 rc=0
           <...>-18331 (-----) [001] ..s1   168.146718: netif_receive_skb: dev=lo skbaddr=000000005cb0e96f len=52
           <...>-18331 (-----) [001] ....   168.147436: net_dev_queue: dev=tun0 skbaddr=000000002fddf9e1 len=52
           <...>-18331 (-----) [001] ...1   168.147484: net_dev_xmit: dev=tun0 skbaddr=000000002fddf9e1 len=52 rc=0
           <...>-12008 (-----) [000] ....   168.147809: net_dev_queue: dev=lo skbaddr=000000004937d805 len=66
           <...>-12008 (-----) [000] ....   168.147817: netif_rx: dev=lo skbaddr=000000004937d805 len=52
           <...>-12008 (-----) [000] ....   168.147821: net_dev_xmit: dev=lo skbaddr=000000004937d805 len=66 rc=0
           <...>-12008 (-----) [000] ..s1   168.147826: netif_receive_skb: dev=lo skbaddr=000000004937d805 len=52
           <...>-12008 (-----) [000] ..s2   168.147900: net_dev_queue: dev=lo skbaddr=000000008d8613e8 len=66
           <...>-12008 (-----) [000] ..s2   168.147903: netif_rx: dev=lo skbaddr=000000008d8613e8 len=52
           <...>-12008 (-----) [000] ..s2   168.147904: net_dev_xmit: dev=lo skbaddr=000000008d8613e8 len=66 rc=0
           <...>-12008 (-----) [000] ..s1   168.147942: netif_receive_skb: dev=lo skbaddr=000000008d8613e8 len=52
           <...>-18332 (-----) [000] ....   168.148756: netif_receive_skb: dev=tun0 skbaddr=000000008d8613e8 len=52
           <...>-19164 (-----) [001] ....   168.149349: net_dev_queue: dev=tun0 skbaddr=00000000365eba29 len=52
           <...>-19164 (-----) [001] ...1   168.149387: net_dev_xmit: dev=tun0 skbaddr=00000000365eba29 len=52 rc=0
           <...>-18332 (-----) [000] ....   168.149666: netif_receive_skb: dev=tun0 skbaddr=00000000be947a27 len=52
           <...>-18332 (-----) [000] ...1   168.149757: net_dev_queue: dev=tun0 skbaddr=00000000ecba4811 len=52
           <...>-18332 (-----) [000] ...2   168.149766: net_dev_xmit: dev=tun0 skbaddr=00000000ecba4811 len=52 rc=0
           <...>-18332 (-----) [000] ....   168.149824: netif_receive_skb: dev=tun0 skbaddr=00000000ecba4811 len=52
           <...>-19261 (-----) [006] ....   168.152627: net_dev_queue: dev=wlan0 skbaddr=00000000497d07af len=80
           <...>-19261 (-----) [006] ...2   168.152680: net_dev_xmit: dev=wlan0 skbaddr=00000000497d07af len=80 rc=0
           <...>-12008 (-----) [000] ....   168.154438: net_dev_queue: dev=lo skbaddr=000000004937d805 len=74
           <...>-12008 (-----) [000] ....   168.154456: netif_rx: dev=lo skbaddr=000000004937d805 len=60
           <...>-12008 (-----) [000] ....   168.154462: net_dev_xmit: dev=lo skbaddr=000000004937d805 len=74 rc=0
           <...>-12008 (-----) [000] ..s1   168.154468: netif_receive_skb: dev=lo skbaddr=000000004937d805 len=60
           <...>-12008 (-----) [000] ..s1   168.154572: net_dev_queue: dev=lo skbaddr=0000000030e4dcd1 len=74
           <...>-12008 (-----) [000] ..s1   168.154575: netif_rx: dev=lo skbaddr=0000000030e4dcd1 len=60
           <...>-12008 (-----) [000] ..s1   168.154576: net_dev_xmit: dev=lo skbaddr=0000000030e4dcd1 len=74 rc=0
           <...>-12008 (-----) [000] ..s1   168.154581: netif_receive_skb: dev=lo skbaddr=0000000030e4dcd1 len=60
           <...>-12008 (-----) [000] ....   168.154641: net_dev_queue: dev=lo skbaddr=0000000031fd3ac4 len=66
           <...>-12008 (-----) [000] ....   168.154643: netif_rx: dev=lo skbaddr=0000000031fd3ac4 len=52
           <...>-12008 (-----) [000] ....   168.154645: net_dev_xmit: dev=lo skbaddr=0000000031fd3ac4 len=66 rc=0
           <...>-12008 (-----) [000] ..s1   168.154646: netif_receive_skb: dev=lo skbaddr=0000000031fd3ac4 len=52
           <...>-2567  (-----) [007] ....   168.159661: netif_receive_skb: dev=wlan0 skbaddr=0000000095d515e4 len=155
           <...>-19260 (-----) [007] ....   168.161332: net_dev_queue: dev=wlan0 skbaddr=00000000516d6ad5 len=73
           <...>-19260 (-----) [007] ...2   168.161398: net_dev_xmit: dev=wlan0 skbaddr=00000000516d6ad5 len=73 rc=0
           <...>-2567  (-----) [005] ....   168.169242: netif_receive_skb: dev=wlan0 skbaddr=000000008dde6c3d len=121
           <...>-19258 (-----) [002] ....   168.181355: net_dev_queue: dev=wlan0 skbaddr=000000005456c5e6 len=74
           <...>-19258 (-----) [002] ...2   168.181461: net_dev_xmit: dev=wlan0 skbaddr=000000005456c5e6 len=74 rc=0
           <...>-12008 (-----) [001] ....   168.189920: net_dev_queue: dev=lo skbaddr=000000005a9c6760 len=211
           <...>-12008 (-----) [001] ....   168.189935: netif_rx: dev=lo skbaddr=000000005a9c6760 len=197
           <...>-12008 (-----) [001] ....   168.189939: net_dev_xmit: dev=lo skbaddr=000000005a9c6760 len=211 rc=0
           <...>-12008 (-----) [001] ..s1   168.189945: netif_receive_skb: dev=lo skbaddr=000000005a9c6760 len=197
           <...>-12008 (-----) [001] .ns2   168.190048: net_dev_queue: dev=lo skbaddr=00000000d7098e64 len=66
           <...>-12008 (-----) [001] .ns2   168.190051: netif_rx: dev=lo skbaddr=00000000d7098e64 len=52
           <...>-12008 (-----) [001] .ns2   168.190052: net_dev_xmit: dev=lo skbaddr=00000000d7098e64 len=66 rc=0
           <...>-12008 (-----) [001] .ns1   168.190054: netif_receive_skb: dev=lo skbaddr=00000000d7098e64 len=52
           <...>-19257 (-----) [006] ....   168.190228: net_dev_queue: dev=wlan0 skbaddr=00000000d2b1d48a len=74
           <...>-19257 (-----) [006] ...2   168.190347: net_dev_xmit: dev=wlan0 skbaddr=00000000d2b1d48a len=74 rc=0
           <...>-18332 (-----) [001] ....   168.190388: net_dev_queue: dev=lo skbaddr=000000006e931fa0 len=105
           <...>-18332 (-----) [001] ....   168.190391: netif_rx: dev=lo skbaddr=000000006e931fa0 len=91
           <...>-18332 (-----) [001] ....   168.190393: net_dev_xmit: dev=lo skbaddr=000000006e931fa0 len=105 rc=0
           <...>-18332 (-----) [001] ..s1   168.190395: netif_receive_skb: dev=lo skbaddr=000000006e931fa0 len=91
           <...>-18545 (-----) [000] ....   168.193051: net_dev_queue: dev=wlan0 skbaddr=000000004937d805 len=74
           <...>-19268 (-----) [005] ....   168.193143: net_dev_queue: dev=tun0 skbaddr=00000000e2b322e6 len=60
           <...>-19268 (-----) [005] ...1   168.193156: net_dev_xmit: dev=tun0 skbaddr=00000000e2b322e6 len=60 rc=0
           <...>-18545 (-----) [000] ...2   168.193206: net_dev_xmit: dev=wlan0 skbaddr=000000004937d805 len=74 rc=0
           <...>-18332 (-----) [001] ....   168.193914: netif_receive_skb: dev=tun0 skbaddr=000000005841a6b3 len=60
           <...>-18332 (-----) [001] ....   168.194099: net_dev_queue: dev=tun0 skbaddr=00000000bea1b29b len=60
           <...>-18332 (-----) [001] ...1   168.194113: net_dev_xmit: dev=tun0 skbaddr=00000000bea1b29b len=60 rc=0
           <...>-18332 (-----) [001] ....   168.194145: netif_receive_skb: dev=tun0 skbaddr=00000000bea1b29b len=60
           <...>-18332 (-----) [001] ...1   168.194251: net_dev_queue: dev=tun0 skbaddr=000000005841a6b3 len=52
           <...>-18332 (-----) [001] ...2   168.194257: net_dev_xmit: dev=tun0 skbaddr=000000005841a6b3 len=52 rc=0
           <...>-18332 (-----) [001] ....   168.194279: netif_receive_skb: dev=tun0 skbaddr=000000005841a6b3 len=52
           <...>-18323 (-----) [003] ....   168.194343: net_dev_queue: dev=wlan0 skbaddr=0000000060ca3e4a len=74
           <...>-19268 (-----) [006] ....   168.194404: net_dev_queue: dev=tun0 skbaddr=000000000d2d55f3 len=282
           <...>-19268 (-----) [006] ...1   168.194410: net_dev_xmit: dev=tun0 skbaddr=000000000d2d55f3 len=282 rc=0
           <...>-18323 (-----) [003] ...2   168.194434: net_dev_xmit: dev=wlan0 skbaddr=0000000060ca3e4a len=74 rc=0
           <...>-18323 (-----) [003] ....   168.194517: netif_receive_skb: dev=tun0 skbaddr=000000009ea97702 len=282
           <...>-18323 (-----) [003] ...1   168.194563: net_dev_queue: dev=tun0 skbaddr=0000000018a9ba11 len=52
           <...>-18323 (-----) [003] ...2   168.194568: net_dev_xmit: dev=tun0 skbaddr=0000000018a9ba11 len=52 rc=0
           <...>-18323 (-----) [003] ....   168.194590: netif_receive_skb: dev=tun0 skbaddr=0000000018a9ba11 len=52
           <...>-18459 (-----) [003] ....   168.195289: net_dev_queue: dev=wlan0 skbaddr=00000000b9684dce len=74
           <...>-18331 (-----) [001] ....   168.195290: net_dev_queue: dev=wlan0 skbaddr=00000000cca18c29 len=74
           <...>-18459 (-----) [003] ...2   168.195388: net_dev_xmit: dev=wlan0 skbaddr=00000000b9684dce len=74 rc=0
           <...>-18459 (-----) [003] ...2   168.195420: net_dev_xmit: dev=wlan0 skbaddr=00000000cca18c29 len=74 rc=0
           <...>-18728 (-----) [003] ....   168.198069: net_dev_queue: dev=wlan0 skbaddr=000000005985462c len=74
           <...>-18728 (-----) [003] ...2   168.198170: net_dev_xmit: dev=wlan0 skbaddr=000000005985462c len=74 rc=0
           <...>-19259 (-----) [001] ....   168.199710: net_dev_queue: dev=wlan0 skbaddr=0000000002d08f85 len=74
           <...>-19259 (-----) [001] ...2   168.199797: net_dev_xmit: dev=wlan0 skbaddr=0000000002d08f85 len=74 rc=0
           <...>-18331 (-----) [001] ....   168.200532: net_dev_queue: dev=wlan0 skbaddr=00000000347e905c len=74
           <...>-18331 (-----) [001] ...2   168.200606: net_dev_xmit: dev=wlan0 skbaddr=00000000347e905c len=74 rc=0
           <...>-18401 (-----) [001] ....   168.201121: net_dev_queue: dev=wlan0 skbaddr=0000000032f8c27c len=74
           <...>-18401 (-----) [001] ...2   168.201179: net_dev_xmit: dev=wlan0 skbaddr=0000000032f8c27c len=74 rc=0
           <...>-18325 (-----) [002] ....   168.202001: net_dev_queue: dev=lo skbaddr=00000000478722a1 len=74
           <...>-18325 (-----) [002] ....   168.202009: netif_rx: dev=lo skbaddr=00000000478722a1 len=60
           <...>-18325 (-----) [002] ....   168.202013: net_dev_xmit: dev=lo skbaddr=00000000478722a1 len=74 rc=0
           <...>-18325 (-----) [002] ..s1   168.202017: netif_receive_skb: dev=lo skbaddr=00000000478722a1 len=60
           <...>-18325 (-----) [002] ..s1   168.202106: net_dev_queue: dev=lo skbaddr=0000000012ef242b len=74
           <...>-18325 (-----) [002] ..s1   168.202109: netif_rx: dev=lo skbaddr=0000000012ef242b len=60
           <...>-18325 (-----) [002] ..s1   168.202110: net_dev_xmit: dev=lo skbaddr=0000000012ef242b len=74 rc=0
           <...>-18325 (-----) [002] ..s1   168.202113: netif_receive_skb: dev=lo skbaddr=0000000012ef242b len=60
           <...>-18325 (-----) [002] ....   168.202637: net_dev_queue: dev=lo skbaddr=000000001d4638df len=66
           <...>-18325 (-----) [002] ....   168.202641: netif_rx: dev=lo skbaddr=000000001d4638df len=52
           <...>-18325 (-----) [002] ....   168.202642: net_dev_xmit: dev=lo skbaddr=000000001d4638df len=66 rc=0
           <...>-18325 (-----) [002] ..s1   168.202645: netif_receive_skb: dev=lo skbaddr=000000001d4638df len=52
           <...>-2567  (-----) [005] ....   168.205350: netif_receive_skb: dev=wlan0 skbaddr=000000007127c4ef len=60
           <...>-18325 (-----) [002] ....   168.205398: net_dev_queue: dev=lo skbaddr=00000000478722a1 len=248
           <...>-18325 (-----) [002] ....   168.205407: netif_rx: dev=lo skbaddr=00000000478722a1 len=234
           <...>-18325 (-----) [002] ....   168.205411: net_dev_xmit: dev=lo skbaddr=00000000478722a1 len=248 rc=0
           <...>-18325 (-----) [002] ..s1   168.205414: netif_receive_skb: dev=lo skbaddr=00000000478722a1 len=234
           <...>-2567  (-----) [005] ...1   168.205447: net_dev_queue: dev=wlan0 skbaddr=0000000093fef875 len=66
           <...>-18325 (-----) [002] ..s2   168.205462: net_dev_queue: dev=lo skbaddr=000000001d4638df len=66
           <...>-18325 (-----) [002] ..s2   168.205464: netif_rx: dev=lo skbaddr=000000001d4638df len=52
           <...>-18325 (-----) [002] ..s2   168.205465: net_dev_xmit: dev=lo skbaddr=000000001d4638df len=66 rc=0
           <...>-18325 (-----) [002] ..s1   168.205467: netif_receive_skb: dev=lo skbaddr=000000001d4638df len=52
           <...>-2567  (-----) [005] .n.3   168.205474: net_dev_xmit: dev=wlan0 skbaddr=0000000093fef875 len=66 rc=0
           <...>-2567  (-----) [005] ....   168.205503: netif_receive_skb: dev=wlan0 skbaddr=00000000fe449b63 len=60
           <...>-2567  (-----) [005] ...1   168.205532: net_dev_queue: dev=wlan0 skbaddr=00000000a3348b02 len=66
           <...>-2567  (-----) [005] .n.3   168.205564: net_dev_xmit: dev=wlan0 skbaddr=00000000a3348b02 len=66 rc=0
           <...>-19201 (-----) [000] ....   168.209352: net_dev_queue: dev=wlan0 skbaddr=00000000bc459a47 len=42
           <...>-19201 (-----) [000] ...2   168.209498: net_dev_xmit: dev=wlan0 skbaddr=00000000bc459a47 len=42 rc=0
           <...>-2567  (-----) [005] ....   168.210415: netif_receive_skb: dev=wlan0 skbaddr=000000009ffe9ff6 len=60
           <...>-2567  (-----) [005] ...1   168.210528: net_dev_queue: dev=wlan0 skbaddr=0000000024f3d8af len=54
           <...>-2567  (-----) [005] .n.3   168.210553: net_dev_xmit: dev=wlan0 skbaddr=0000000024f3d8af len=54 rc=0
           <...>-2567  (-----) [004] ....   168.213741: netif_receive_skb: dev=wlan0 skbaddr=000000009f407326 len=52
           <...>-2567  (-----) [004] ...1   168.213861: net_dev_queue: dev=wlan0 skbaddr=000000001318abe6 len=54
           <...>-2567  (-----) [004] ...3   168.213891: net_dev_xmit: dev=wlan0 skbaddr=000000001318abe6 len=54 rc=0
           <...>-2567  (-----) [004] ....   168.220988: netif_receive_skb: dev=wlan0 skbaddr=00000000201344ed len=52
           <...>-2567  (-----) [004] ...1   168.221098: net_dev_queue: dev=wlan0 skbaddr=00000000ef3e1a24 len=54
           <...>-2567  (-----) [004] ...3   168.221129: net_dev_xmit: dev=wlan0 skbaddr=00000000ef3e1a24 len=54 rc=0
           <...>-19257 (-----) [006] ....   168.222491: net_dev_queue: dev=wlan0 skbaddr=000000005d8b2f7a len=272
           <...>-19257 (-----) [006] .n.2   168.222530: net_dev_xmit: dev=wlan0 skbaddr=000000005d8b2f7a len=272 rc=0
           <...>-18323 (-----) [003] ....   168.236469: net_dev_queue: dev=lo skbaddr=00000000b6e42291 len=105
           <...>-18323 (-----) [003] ....   168.236483: netif_rx: dev=lo skbaddr=00000000b6e42291 len=91
           <...>-18323 (-----) [003] ....   168.236488: net_dev_xmit: dev=lo skbaddr=00000000b6e42291 len=105 rc=0
           <...>-18323 (-----) [003] ..s1   168.236493: netif_receive_skb: dev=lo skbaddr=00000000b6e42291 len=91
           <...>-18323 (-----) [003] ..s2   168.236557: net_dev_queue: dev=lo skbaddr=000000002f7b053b len=66
           <...>-18323 (-----) [003] ..s2   168.236560: netif_rx: dev=lo skbaddr=000000002f7b053b len=52
           <...>-18323 (-----) [003] ..s2   168.236561: net_dev_xmit: dev=lo skbaddr=000000002f7b053b len=66 rc=0
           <...>-18323 (-----) [003] ..s1   168.236563: netif_receive_skb: dev=lo skbaddr=000000002f7b053b len=52
           <...>-1468  (-----) [006] ..s1   168.240081: net_dev_queue: dev=wlan0 skbaddr=000000006cafe88e len=54
           <...>-1468  (-----) [006] ..s3   168.240131: net_dev_xmit: dev=wlan0 skbaddr=000000006cafe88e len=54 rc=0
           <...>-1468  (-----) [006] ..s1   168.240168: net_dev_queue: dev=wlan0 skbaddr=0000000045cd968f len=90
           <...>-1468  (-----) [006] ..s3   168.240175: net_dev_xmit: dev=wlan0 skbaddr=0000000045cd968f len=90 rc=0
           <...>-19278 (-----) [006] ....   168.241234: net_dev_queue: dev=wlan0 skbaddr=000000009413d07d len=82
           <...>-19278 (-----) [006] .n.2   168.241291: net_dev_xmit: dev=wlan0 skbaddr=000000009413d07d len=82 rc=0
           <...>-19278 (-----) [006] ....   168.241628: net_dev_queue: dev=wlan0 skbaddr=00000000ca285f65 len=81
           <...>-19278 (-----) [006] ...2   168.241662: net_dev_xmit: dev=wlan0 skbaddr=00000000ca285f65 len=81 rc=0
           <...>-19258 (-----) [004] ....   168.245334: net_dev_queue: dev=wlan0 skbaddr=000000002526303e len=658
           <...>-19258 (-----) [004] ...2   168.245394: net_dev_xmit: dev=wlan0 skbaddr=000000002526303e len=658 rc=0
           <...>-18331 (-----) [001] ....   168.248057: net_dev_queue: dev=wlan0 skbaddr=00000000dce21264 len=1549
           <...>-18331 (-----) [001] ...2   168.248162: net_dev_xmit: dev=wlan0 skbaddr=00000000dce21264 len=1549 rc=0
           <...>-18332 (-----) [003] ....   168.248513: net_dev_queue: dev=wlan0 skbaddr=000000005418eae0 len=1549
           <...>-18332 (-----) [003] ...2   168.248565: net_dev_xmit: dev=wlan0 skbaddr=000000005418eae0 len=1549 rc=0
           <...>-19259 (-----) [007] ....   168.250811: net_dev_queue: dev=wlan0 skbaddr=000000007ed46379 len=571
           <...>-19259 (-----) [007] .n.2   168.250857: net_dev_xmit: dev=wlan0 skbaddr=000000007ed46379 len=571 rc=0
           <...>-2567  (-----) [004] ....   168.252644: netif_receive_skb: dev=wlan0 skbaddr=000000004266cf4b len=46
           <...>-2567  (-----) [004] ....   168.256116: netif_receive_skb: dev=wlan0 skbaddr=000000001bb793ea len=144
           <...>-2567  (-----) [004] ...1   168.256198: net_dev_queue: dev=wlan0 skbaddr=000000001318abe6 len=54
           <...>-2567  (-----) [004] ...3   168.256220: net_dev_xmit: dev=wlan0 skbaddr=000000001318abe6 len=54 rc=0
           <...>-2567  (-----) [004] ....   168.256238: netif_receive_skb: dev=wlan0 skbaddr=0000000046a4817b len=46
           <...>-2567  (-----) [004] ....   168.256262: netif_receive_skb: dev=wlan0 skbaddr=00000000b725fcba len=52
           <...>-2567  (-----) [004] ....   168.256292: netif_receive_skb: dev=wlan0 skbaddr=0000000045f7d4de len=52
           <...>-2567  (-----) [004] ....   168.256306: netif_receive_skb: dev=wlan0 skbaddr=0000000010e10faf len=52
           <...>-19257 (-----) [004] ....   168.256472: net_dev_queue: dev=wlan0 skbaddr=000000000b20a346 len=54
           <...>-19257 (-----) [004] ...2   168.256486: net_dev_xmit: dev=wlan0 skbaddr=000000000b20a346 len=54 rc=0
           <...>-2567  (-----) [005] ....   168.258354: netif_receive_skb: dev=wlan0 skbaddr=000000004a02e75e len=52
           <...>-2567  (-----) [005] ....   168.258425: netif_receive_skb: dev=wlan0 skbaddr=00000000374e405d len=1492
           <...>-2567  (-----) [005] ...1   168.258461: net_dev_queue: dev=wlan0 skbaddr=000000004bd5994f len=66
           <...>-2567  (-----) [005] ...3   168.258537: net_dev_xmit: dev=wlan0 skbaddr=000000004bd5994f len=66 rc=0
           <...>-2567  (-----) [005] ....   168.258569: netif_receive_skb: dev=wlan0 skbaddr=00000000533b13c1 len=1492
           <...>-2567  (-----) [005] ...1   168.258599: net_dev_queue: dev=wlan0 skbaddr=00000000045f015d len=66
           <...>-2567  (-----) [005] ...3   168.258606: net_dev_xmit: dev=wlan0 skbaddr=00000000045f015d len=66 rc=0
           <...>-2567  (-----) [005] ....   168.258609: netif_receive_skb: dev=wlan0 skbaddr=000000000474f0d8 len=845
           <...>-2567  (-----) [005] ...1   168.258622: net_dev_queue: dev=wlan0 skbaddr=00000000022062ed len=66
           <...>-2567  (-----) [005] ...3   168.258626: net_dev_xmit: dev=wlan0 skbaddr=00000000022062ed len=66 rc=0
           <...>-2567  (-----) [005] ....   168.258629: netif_receive_skb: dev=wlan0 skbaddr=000000004b86d45b len=1492
           <...>-2567  (-----) [005] ...1   168.258639: net_dev_queue: dev=wlan0 skbaddr=000000004a0d9b60 len=66
           <...>-2567  (-----) [005] ...3   168.258643: net_dev_xmit: dev=wlan0 skbaddr=000000004a0d9b60 len=66 rc=0
           <...>-2567  (-----) [005] ....   168.258647: netif_receive_skb: dev=wlan0 skbaddr=00000000816c1168 len=1492
           <...>-2567  (-----) [005] ...1   168.258659: net_dev_queue: dev=wlan0 skbaddr=00000000018edaa3 len=66
           <...>-2567  (-----) [005] ...3   168.258665: net_dev_xmit: dev=wlan0 skbaddr=00000000018edaa3 len=66 rc=0
           <...>-2567  (-----) [005] ....   168.258668: netif_receive_skb: dev=wlan0 skbaddr=00000000742368f0 len=847
           <...>-2567  (-----) [005] ...1   168.258679: net_dev_queue: dev=wlan0 skbaddr=00000000ef3a0719 len=66
           <...>-2567  (-----) [005] ...3   168.258682: net_dev_xmit: dev=wlan0 skbaddr=00000000ef3a0719 len=66 rc=0
           <...>-18401 (-----) [003] ....   168.261321: net_dev_queue: dev=wlan0 skbaddr=00000000707499b4 len=74
           <...>-18401 (-----) [003] ...2   168.261443: net_dev_xmit: dev=wlan0 skbaddr=00000000707499b4 len=74 rc=0
           <...>-18323 (-----) [003] ....   168.264714: net_dev_queue: dev=wlan0 skbaddr=000000002fc5fbfd len=74
           <...>-18323 (-----) [003] ...2   168.264819: net_dev_xmit: dev=wlan0 skbaddr=000000002fc5fbfd len=74 rc=0
           <...>-2567  (-----) [006] ....   168.267766: netif_receive_skb: dev=wlan0 skbaddr=000000007b45cd6f len=60
           <...>-2567  (-----) [006] ...1   168.267878: net_dev_queue: dev=wlan0 skbaddr=00000000e4086cce len=66
           <...>-2567  (-----) [006] ...3   168.267911: net_dev_xmit: dev=wlan0 skbaddr=00000000e4086cce len=66 rc=0
           <...>-19280 (-----) [005] ....   168.267935: net_dev_queue: dev=wlan0 skbaddr=00000000fe7ab3e3 len=74
           <...>-19280 (-----) [005] ...2   168.267975: net_dev_xmit: dev=wlan0 skbaddr=00000000fe7ab3e3 len=74 rc=0
           <...>-2567  (-----) [005] ....   168.268650: netif_receive_skb: dev=wlan0 skbaddr=00000000fe068573 len=28
           <...>-2567  (-----) [005] ....   168.270268: netif_receive_skb: dev=wlan0 skbaddr=00000000935737f5 len=60
           <...>-2567  (-----) [005] ...1   168.270378: net_dev_queue: dev=wlan0 skbaddr=00000000c4542db1 len=66
           <...>-2567  (-----) [005] ...3   168.270408: net_dev_xmit: dev=wlan0 skbaddr=00000000c4542db1 len=66 rc=0
           <...>-19280 (-----) [004] ....   168.270551: net_dev_queue: dev=wlan0 skbaddr=00000000a0ed988b len=233
           <...>-19280 (-----) [004] ...2   168.270586: net_dev_xmit: dev=wlan0 skbaddr=00000000a0ed988b len=233 rc=0
           <...>-2567  (-----) [004] ....   168.271705: netif_receive_skb: dev=wlan0 skbaddr=000000003e977d38 len=46
           <...>-18401 (-----) [003] ....   168.271710: net_dev_queue: dev=wlan0 skbaddr=00000000d74f4044 len=1549
           <...>-2567  (-----) [004] ....   168.271738: net_dev_queue: dev=wlan0 skbaddr=000000001bbc2f30 len=42
           <...>-2567  (-----) [004] ....   168.271754: netif_receive_skb: dev=wlan0 skbaddr=000000000b7dcf08 len=72
           <...>-18401 (-----) [003] ...2   168.271772: net_dev_xmit: dev=wlan0 skbaddr=00000000d74f4044 len=1549 rc=0
           <...>-18401 (-----) [003] ...2   168.271840: net_dev_xmit: dev=wlan0 skbaddr=000000001bbc2f30 len=42 rc=0
           <...>-2567  (-----) [004] ....   168.273315: netif_receive_skb: dev=wlan0 skbaddr=000000008f8789fb len=52
           <...>-2567  (-----) [004] ....   168.273368: netif_receive_skb: dev=wlan0 skbaddr=00000000a8475b9f len=46
           <...>-2567  (-----) [004] ....   168.273398: netif_receive_skb: dev=wlan0 skbaddr=00000000dd36785e len=202
           <...>-2567  (-----) [004] ...1   168.273423: net_dev_queue: dev=wlan0 skbaddr=0000000046a4817b len=54
           <...>-2567  (-----) [004] .n.3   168.273447: net_dev_xmit: dev=wlan0 skbaddr=0000000046a4817b len=54 rc=0
           <...>-18728 (-----) [002] ....   168.274827: net_dev_queue: dev=wlan0 skbaddr=0000000073403d1c len=130
           <...>-18728 (-----) [002] ...2   168.274882: net_dev_xmit: dev=wlan0 skbaddr=0000000073403d1c len=130 rc=0
           <...>-18728 (-----) [002] ....   168.275003: net_dev_queue: dev=wlan0 skbaddr=00000000a5090e72 len=143
           <...>-18728 (-----) [002] ...2   168.275032: net_dev_xmit: dev=wlan0 skbaddr=00000000a5090e72 len=143 rc=0
           <...>-19259 (-----) [007] ....   168.275042: net_dev_queue: dev=wlan0 skbaddr=00000000e1b9f0a8 len=105
           <...>-19259 (-----) [007] ...2   168.275056: net_dev_xmit: dev=wlan0 skbaddr=00000000e1b9f0a8 len=105 rc=0
           <...>-2567  (-----) [006] ....   168.275108: netif_receive_skb: dev=wlan0 skbaddr=000000005267947e len=60
           <...>-2567  (-----) [006] .n.1   168.275202: net_dev_queue: dev=wlan0 skbaddr=00000000749b0f7d len=66
           <...>-2567  (-----) [006] .n.3   168.275224: net_dev_xmit: dev=wlan0 skbaddr=00000000749b0f7d len=66 rc=0
           <...>-2567  (-----) [006] ....   168.276643: netif_receive_skb: dev=wlan0 skbaddr=00000000dcf7d7da len=46
           <...>-2567  (-----) [004] ....   168.277070: netif_receive_skb: dev=wlan0 skbaddr=00000000f69ebbc3 len=1500
           <...>-2567  (-----) [004] ...1   168.277111: net_dev_queue: dev=wlan0 skbaddr=000000001bce5b98 len=66
           <...>-2567  (-----) [004] ...3   168.277136: net_dev_xmit: dev=wlan0 skbaddr=000000001bce5b98 len=66 rc=0
           <...>-2567  (-----) [004] ....   168.277150: netif_receive_skb: dev=wlan0 skbaddr=0000000044718d8c len=1500
           <...>-2567  (-----) [004] ...1   168.277174: net_dev_queue: dev=wlan0 skbaddr=00000000fa179074 len=66
           <...>-2567  (-----) [004] ...3   168.277212: net_dev_xmit: dev=wlan0 skbaddr=00000000fa179074 len=66 rc=0
           <...>-2567  (-----) [004] ....   168.277216: netif_receive_skb: dev=wlan0 skbaddr=00000000d72108dd len=1500
           <...>-2567  (-----) [004] ...1   168.277231: net_dev_queue: dev=wlan0 skbaddr=000000006c4bd580 len=66
           <...>-2567  (-----) [004] ...3   168.277241: net_dev_xmit: dev=wlan0 skbaddr=000000006c4bd580 len=66 rc=0
           <...>-2567  (-----) [004] ....   168.277244: netif_receive_skb: dev=wlan0 skbaddr=0000000027aa5c72 len=607
           <...>-2567  (-----) [004] ...1   168.277256: net_dev_queue: dev=wlan0 skbaddr=000000000e90826f len=66
           <...>-2567  (-----) [004] ...3   168.277264: net_dev_xmit: dev=wlan0 skbaddr=000000000e90826f len=66 rc=0
           <...>-2567  (-----) [004] ....   168.277267: netif_receive_skb: dev=wlan0 skbaddr=00000000a4c12863 len=300
           <...>-2567  (-----) [004] ...1   168.277289: net_dev_queue: dev=wlan0 skbaddr=00000000648cd831 len=54
           <...>-2567  (-----) [004] ...3   168.277298: net_dev_xmit: dev=wlan0 skbaddr=00000000648cd831 len=54 rc=0
           <...>-2567  (-----) [004] ....   168.277302: netif_receive_skb: dev=wlan0 skbaddr=00000000095ca1c0 len=52
           <...>-19258 (-----) [006] ....   168.278296: net_dev_queue: dev=wlan0 skbaddr=0000000015c7c46e len=134
           <...>-19258 (-----) [006] ...2   168.278316: net_dev_xmit: dev=wlan0 skbaddr=0000000015c7c46e len=134 rc=0
           <...>-19280 (-----) [004] ....   168.278362: net_dev_queue: dev=wlan0 skbaddr=00000000a0ed988b len=66
           <...>-19280 (-----) [004] ...2   168.278374: net_dev_xmit: dev=wlan0 skbaddr=00000000a0ed988b len=66 rc=0
           <...>-18325 (-----) [002] ....   168.278533: net_dev_queue: dev=lo skbaddr=0000000034a27c83 len=583
           <...>-18325 (-----) [002] ....   168.278549: netif_rx: dev=lo skbaddr=0000000034a27c83 len=569
           <...>-18325 (-----) [002] ....   168.278556: net_dev_xmit: dev=lo skbaddr=0000000034a27c83 len=583 rc=0
           <...>-18325 (-----) [002] ..s1   168.278559: netif_receive_skb: dev=lo skbaddr=0000000034a27c83 len=569
           <...>-2567  (-----) [006] ....   168.279570: netif_receive_skb: dev=wlan0 skbaddr=00000000a7dbf2b7 len=52
           <...>-2567  (-----) [006] ....   168.279622: netif_receive_skb: dev=wlan0 skbaddr=000000003ca0c5e6 len=52
           <...>-2567  (-----) [006] ....   168.279638: netif_receive_skb: dev=wlan0 skbaddr=00000000f71ee052 len=1492
           <...>-2567  (-----) [006] ...1   168.279654: net_dev_queue: dev=wlan0 skbaddr=000000000838a5c5 len=66
           <...>-2567  (-----) [006] ...3   168.279673: net_dev_xmit: dev=wlan0 skbaddr=000000000838a5c5 len=66 rc=0
           <...>-2567  (-----) [006] ....   168.279679: netif_receive_skb: dev=wlan0 skbaddr=000000005dbd945a len=1492
           <...>-2567  (-----) [006] ...1   168.279694: net_dev_queue: dev=wlan0 skbaddr=00000000ca9a1c4e len=66
           <...>-2567  (-----) [006] ...3   168.279703: net_dev_xmit: dev=wlan0 skbaddr=00000000ca9a1c4e len=66 rc=0
           <...>-2567  (-----) [006] ....   168.280328: netif_receive_skb: dev=wlan0 skbaddr=00000000fc767d7d len=846
           <...>-2567  (-----) [006] ...1   168.280357: net_dev_queue: dev=wlan0 skbaddr=000000009f368d2f len=66
           <...>-2567  (-----) [006] ...3   168.280375: net_dev_xmit: dev=wlan0 skbaddr=000000009f368d2f len=66 rc=0
           <...>-2567  (-----) [006] ....   168.281064: netif_receive_skb: dev=wlan0 skbaddr=00000000925a7a07 len=52
           <...>-2567  (-----) [006] ....   168.282292: netif_receive_skb: dev=wlan0 skbaddr=00000000db92c509 len=52
           <...>-7107  (-----) [001] ....   168.284219: net_dev_queue: dev=tun0 skbaddr=0000000045906324 len=60
           <...>-7107  (-----) [001] ...1   168.284246: net_dev_xmit: dev=tun0 skbaddr=0000000045906324 len=60 rc=0
           <...>-12008 (-----) [002] ....   168.286552: net_dev_queue: dev=lo skbaddr=0000000084657c47 len=66
           <...>-12008 (-----) [002] ....   168.286562: netif_rx: dev=lo skbaddr=0000000084657c47 len=52
           <...>-12008 (-----) [002] ....   168.286565: net_dev_xmit: dev=lo skbaddr=0000000084657c47 len=66 rc=0
           <...>-12008 (-----) [002] ..s1   168.286569: netif_receive_skb: dev=lo skbaddr=0000000084657c47 len=52
           <...>-2567  (-----) [006] ....   168.286966: netif_receive_skb: dev=wlan0 skbaddr=00000000a773092d len=76
           <...>-2567  (-----) [006] ....   168.286997: netif_receive_skb: dev=wlan0 skbaddr=000000004e12146c len=205
           <...>-2567  (-----) [006] ....   168.287006: netif_receive_skb: dev=wlan0 skbaddr=00000000eba38206 len=46
           <...>-12008 (-----) [002] ....   168.288399: net_dev_queue: dev=lo skbaddr=00000000195cb133 len=583
           <...>-12008 (-----) [002] ....   168.288403: netif_rx: dev=lo skbaddr=00000000195cb133 len=569
           <...>-12008 (-----) [002] ....   168.288405: net_dev_xmit: dev=lo skbaddr=00000000195cb133 len=583 rc=0
           <...>-12008 (-----) [002] ..s1   168.288407: netif_receive_skb: dev=lo skbaddr=00000000195cb133 len=569
           <...>-12008 (-----) [002] ....   168.288806: net_dev_queue: dev=lo skbaddr=0000000012a49130 len=66
           <...>-12008 (-----) [002] ....   168.288809: netif_rx: dev=lo skbaddr=0000000012a49130 len=52
           <...>-12008 (-----) [002] ....   168.288810: net_dev_xmit: dev=lo skbaddr=0000000012a49130 len=66 rc=0
           <...>-12008 (-----) [002] ..s1   168.288812: netif_receive_skb: dev=lo skbaddr=0000000012a49130 len=52
           <...>-12008 (-----) [002] ....   168.288961: net_dev_queue: dev=lo skbaddr=00000000c364a7eb len=66
           <...>-12008 (-----) [002] ....   168.288963: netif_rx: dev=lo skbaddr=00000000c364a7eb len=52
           <...>-12008 (-----) [002] ....   168.288967: net_dev_xmit: dev=lo skbaddr=00000000c364a7eb len=66 rc=0
           <...>-12008 (-----) [002] ..s1   168.288968: netif_receive_skb: dev=lo skbaddr=00000000c364a7eb len=52
           <...>-2567  (-----) [004] ....   168.291332: netif_receive_skb: dev=wlan0 skbaddr=00000000d90ee29a len=46
           <...>-2567  (-----) [004] ...1   168.291405: net_dev_queue: dev=wlan0 skbaddr=000000008ded575e len=282
           <...>-2567  (-----) [004] .n.3   168.291447: net_dev_xmit: dev=wlan0 skbaddr=000000008ded575e len=282 rc=0
           <...>-18331 (-----) [001] ....   168.294946: net_dev_queue: dev=wlan0 skbaddr=00000000b61a755b len=1549
           <...>-18331 (-----) [001] ...2   168.295088: net_dev_xmit: dev=wlan0 skbaddr=00000000b61a755b len=1549 rc=0
           <...>-18728 (-----) [002] ....   168.297167: net_dev_queue: dev=wlan0 skbaddr=000000003ffb743d len=66
           <...>-18728 (-----) [002] ...2   168.297235: net_dev_xmit: dev=wlan0 skbaddr=000000003ffb743d len=66 rc=0
           <...>-18728 (-----) [002] ....   168.297977: netif_receive_skb: dev=tun0 skbaddr=00000000e6a90c14 len=60
           <...>-18728 (-----) [002] ....   168.298152: net_dev_queue: dev=tun0 skbaddr=00000000df03c595 len=60
           <...>-18728 (-----) [002] ...1   168.298165: net_dev_xmit: dev=tun0 skbaddr=00000000df03c595 len=60 rc=0
           <...>-18728 (-----) [002] ....   168.298193: netif_receive_skb: dev=tun0 skbaddr=00000000df03c595 len=60
           <...>-18728 (-----) [002] ...1   168.298262: net_dev_queue: dev=tun0 skbaddr=00000000e6a90c14 len=52
           <...>-18728 (-----) [002] ...2   168.298267: net_dev_xmit: dev=tun0 skbaddr=00000000e6a90c14 len=52 rc=0
           <...>-18728 (-----) [002] ....   168.298285: netif_receive_skb: dev=tun0 skbaddr=00000000e6a90c14 len=52
           <...>-5478  (-----) [002] ..s1   168.300067: net_dev_queue: dev=lo skbaddr=00000000c364a7eb len=66
           <...>-5478  (-----) [002] ..s1   168.300075: netif_rx: dev=lo skbaddr=00000000c364a7eb len=52
           <...>-5478  (-----) [002] ..s1   168.300077: net_dev_xmit: dev=lo skbaddr=00000000c364a7eb len=66 rc=0
           <...>-5478  (-----) [002] ..s.   168.300085: netif_receive_skb: dev=lo skbaddr=00000000c364a7eb len=52
           <...>-5478  (-----) [002] ..s1   168.300123: net_dev_queue: dev=lo skbaddr=00000000df03c595 len=78
           <...>-5478  (-----) [002] ..s1   168.300125: netif_rx: dev=lo skbaddr=00000000df03c595 len=64
           <...>-5478  (-----) [002] ..s1   168.300125: net_dev_xmit: dev=lo skbaddr=00000000df03c595 len=78 rc=0
           <...>-5478  (-----) [002] ..s.   168.300127: netif_receive_skb: dev=lo skbaddr=00000000df03c595 len=64
           <...>-18728 (-----) [002] ....   168.301488: net_dev_queue: dev=wlan0 skbaddr=00000000c364a7eb len=74
           <...>-18728 (-----) [002] ...2   168.301547: net_dev_xmit: dev=wlan0 skbaddr=00000000c364a7eb len=74 rc=0
           <...>-2567  (-----) [004] ....   168.303887: netif_receive_skb: dev=wlan0 skbaddr=00000000a20a8f55 len=52
           <...>-2567  (-----) [004] ....   168.303936: netif_receive_skb: dev=wlan0 skbaddr=000000002ffed12d len=52
           <...>-2567  (-----) [004] ....   168.303955: netif_receive_skb: dev=wlan0 skbaddr=000000002c5bd795 len=1492
           <...>-2567  (-----) [004] ...1   168.303979: net_dev_queue: dev=wlan0 skbaddr=00000000af0c3a47 len=66
           <...>-2567  (-----) [004] ...3   168.304008: net_dev_xmit: dev=wlan0 skbaddr=00000000af0c3a47 len=66 rc=0
           <...>-2567  (-----) [004] ....   168.304565: netif_receive_skb: dev=wlan0 skbaddr=00000000c1607515 len=1492
           <...>-2567  (-----) [004] ...1   168.304598: net_dev_queue: dev=wlan0 skbaddr=00000000b6be782b len=66
           <...>-2567  (-----) [004] ...3   168.304626: net_dev_xmit: dev=wlan0 skbaddr=00000000b6be782b len=66 rc=0
           <...>-2567  (-----) [004] ....   168.304634: netif_receive_skb: dev=wlan0 skbaddr=00000000b15fe1b3 len=846
           <...>-2567  (-----) [004] ...1   168.304660: net_dev_queue: dev=wlan0 skbaddr=00000000615abe42 len=66
           <...>-2567  (-----) [004] ...3   168.304688: net_dev_xmit: dev=wlan0 skbaddr=00000000615abe42 len=66 rc=0
           <...>-2567  (-----) [005] ....   168.307837: netif_receive_skb: dev=wlan0 skbaddr=00000000e9394a72 len=46
           <...>-2567  (-----) [005] ....   168.309353: netif_receive_skb: dev=wlan0 skbaddr=0000000091690e92 len=901
           <...>-2567  (-----) [005] ....   168.309469: netif_receive_skb: dev=wlan0 skbaddr=00000000eb5c0018 len=731
           <...>-2567  (-----) [005] ...1   168.309538: net_dev_queue: dev=wlan0 skbaddr=000000009d4d1db4 len=54
           <...>-2567  (-----) [005] ...3   168.309586: net_dev_xmit: dev=wlan0 skbaddr=000000009d4d1db4 len=54 rc=0
           <...>-2567  (-----) [004] ....   168.309977: netif_receive_skb: dev=wlan0 skbaddr=00000000dfef79d6 len=46
           <...>-2567  (-----) [004] ...1   168.310040: net_dev_queue: dev=wlan0 skbaddr=0000000035c3b483 len=66
           <...>-2567  (-----) [004] .n.3   168.310114: net_dev_xmit: dev=wlan0 skbaddr=0000000035c3b483 len=66 rc=0
           <...>-7107  (-----) [001] ....   168.310845: net_dev_queue: dev=tun0 skbaddr=00000000eb5991ac len=216
           <...>-7107  (-----) [001] ...1   168.310866: net_dev_xmit: dev=tun0 skbaddr=00000000eb5991ac len=216 rc=0
           <...>-19259 (-----) [005] ....   168.310867: net_dev_queue: dev=wlan0 skbaddr=00000000fe7ab3e3 len=66
           <...>-19259 (-----) [005] ...2   168.310907: net_dev_xmit: dev=wlan0 skbaddr=00000000fe7ab3e3 len=66 rc=0
           <...>-2567  (-----) [007] ....   168.311512: netif_receive_skb: dev=wlan0 skbaddr=00000000ec9e2b97 len=71
           <...>-2567  (-----) [007] ...1   168.311594: net_dev_queue: dev=wlan0 skbaddr=00000000d1146d46 len=54
           <...>-2567  (-----) [007] ...3   168.311633: net_dev_xmit: dev=wlan0 skbaddr=00000000d1146d46 len=54 rc=0
           <...>-2567  (-----) [007] ....   168.311661: netif_receive_skb: dev=wlan0 skbaddr=0000000038bd929d len=343
           <...>-2567  (-----) [007] ...1   168.311718: net_dev_queue: dev=wlan0 skbaddr=000000003294e03f len=294
           <...>-2567  (-----) [007] ...3   168.311735: net_dev_xmit: dev=wlan0 skbaddr=000000003294e03f len=294 rc=0
           <...>-5356  (-----) [002] ..s2   168.316143: net_dev_queue: dev=lo skbaddr=000000003ffb743d len=66
           <...>-5356  (-----) [002] ..s2   168.316159: netif_rx: dev=lo skbaddr=000000003ffb743d len=52
           <...>-5356  (-----) [002] ..s2   168.316163: net_dev_xmit: dev=lo skbaddr=000000003ffb743d len=66 rc=0
           <...>-5356  (-----) [002] ..s1   168.316171: netif_receive_skb: dev=lo skbaddr=000000003ffb743d len=52
           <...>-18728 (-----) [002] ....   168.318089: netif_receive_skb: dev=tun0 skbaddr=000000003ffb743d len=216
           <...>-18728 (-----) [002] ...1   168.318197: net_dev_queue: dev=tun0 skbaddr=000000004a80263f len=52
           <...>-18728 (-----) [002] ...2   168.318214: net_dev_xmit: dev=tun0 skbaddr=000000004a80263f len=52 rc=0
           <...>-18728 (-----) [002] ....   168.318245: netif_receive_skb: dev=tun0 skbaddr=000000004a80263f len=52
           <...>-18332 (-----) [003] ....   168.319435: net_dev_queue: dev=wlan0 skbaddr=0000000074317584 len=130
           <...>-18332 (-----) [003] .n.2   168.319536: net_dev_xmit: dev=wlan0 skbaddr=0000000074317584 len=130 rc=0
           <...>-18332 (-----) [003] ....   168.319837: net_dev_queue: dev=wlan0 skbaddr=00000000bea3c661 len=124
           <...>-18332 (-----) [003] ...2   168.319889: net_dev_xmit: dev=wlan0 skbaddr=00000000bea3c661 len=124 rc=0
           <...>-2567  (-----) [004] ....   168.325817: netif_receive_skb: dev=wlan0 skbaddr=000000002a641344 len=46
           <...>-2567  (-----) [004] ....   168.325914: net_dev_queue: dev=wlan0 skbaddr=00000000b6be782b len=54
           <...>-2567  (-----) [004] .n.2   168.325949: net_dev_xmit: dev=wlan0 skbaddr=00000000b6be782b len=54 rc=0
           <...>-2567  (-----) [004] ....   168.327271: netif_receive_skb: dev=wlan0 skbaddr=0000000007309ae0 len=46
           <...>-2567  (-----) [004] ....   168.327352: net_dev_queue: dev=wlan0 skbaddr=00000000af0c3a47 len=54
           <...>-2567  (-----) [004] ...2   168.327375: net_dev_xmit: dev=wlan0 skbaddr=00000000af0c3a47 len=54 rc=0
           <...>-2567  (-----) [004] ....   168.327385: netif_receive_skb: dev=wlan0 skbaddr=0000000030e79284 len=52
           <...>-2567  (-----) [004] ....   168.327416: netif_receive_skb: dev=wlan0 skbaddr=00000000d0914f09 len=76
           <...>-2567  (-----) [004] ....   168.327429: netif_receive_skb: dev=wlan0 skbaddr=00000000a9755a15 len=193
           <...>-18728 (-----) [002] ....   168.327586: net_dev_queue: dev=wlan0 skbaddr=000000004a80263f len=66
           <...>-18728 (-----) [002] ...2   168.327613: net_dev_xmit: dev=wlan0 skbaddr=000000004a80263f len=66 rc=0
           <...>-4092  (-----) [002] .ns1   168.332142: net_dev_queue: dev=lo skbaddr=0000000012ef242b len=66
           <...>-4092  (-----) [002] .ns1   168.332158: netif_rx: dev=lo skbaddr=0000000012ef242b len=52
           <...>-4092  (-----) [002] .ns1   168.332162: net_dev_xmit: dev=lo skbaddr=0000000012ef242b len=66 rc=0
           <...>-9157  (-----) [002] ..s1   168.332197: netif_receive_skb: dev=lo skbaddr=0000000012ef242b len=52
           <...>-19283 (-----) [006] ....   168.333624: net_dev_queue: dev=wlan0 skbaddr=0000000015c7c46e len=74
           <...>-19283 (-----) [006] ...2   168.333673: net_dev_xmit: dev=wlan0 skbaddr=0000000015c7c46e len=74 rc=0
--------------------------------------------------------------------
--------------------------------------------------------------------
Dump of WifiConnectivityManager
WifiConnectivityManager - Log Begin ----
mIsLocationModeEnabled: true
2026-09-17T22:27:14.675531 - handleScreenStateChanged: screenOn=true
2026-09-17T22:27:14.675758 - startConnectivityScan: screenOn=true wifiState=unknown scanImmediately=false wifiEnabled=false mAutoJoinEnabled=false mAutoJoinEnabledExternal=true mSpecificNetworkRequestInProgress=false mTrustedConnectionAllowed=false
2026-09-17T22:27:15.517955 - Set WiFi enabled
2026-09-17T22:27:15.518113 - Stopping WifiConnectivityManager
2026-09-17T22:27:18.381449 - handleConnectionStateChanged: state=disconnected
2026-09-17T22:27:18.381686 - scheduleWatchdogTimer
2026-09-17T22:27:18.383163 - startConnectivityScan: screenOn=true wifiState=disconnected scanImmediately=true wifiEnabled=true mAutoJoinEnabled=false mAutoJoinEnabledExternal=true mSpecificNetworkRequestInProgress=false mTrustedConnectionAllowed=false
2026-09-17T22:27:21.316647 - setTrustedConnectionAllowed: allowed=true
2026-09-17T22:27:21.316676 - Starting up WifiConnectivityManager
2026-09-17T22:27:21.324467 - startConnectivityScan: screenOn=true wifiState=disconnected scanImmediately=true wifiEnabled=true mAutoJoinEnabled=true mAutoJoinEnabledExternal=true mSpecificNetworkRequestInProgress=false mTrustedConnectionAllowed=true
2026-09-17T22:27:21.327925 - schedulePeriodicScanTimer intervalMs 20000
2026-09-17T22:27:22.173161 - AllSingleScanListener onResults: start network selection
2026-09-17T22:27:22.174286 - Networks filtered out due to invalid SSID: e6:60:4d:b7:06:21 / 
2026-09-17T22:27:22.174309 - Networks filtered out due to low signal strength: CMCC-111111:70:42:d3:d3:5c:b3(2.4GHz)-82 / CMCC-pX6r:4c:77:66:40:88:dd(2.4GHz)-83 / DHome:e4:60:4d:97:06:21(2.4GHz)-82 / 
2026-09-17T22:27:22.175168 - About to run SavedNetworkNominator :
2026-09-17T22:27:22.182073 - About to run NetworkSuggestionNominator :
2026-09-17T22:27:22.182261 - did not see any matching auto-join enabled network suggestions.
2026-09-17T22:27:22.182452 - updateNetworkSelectionCombo networkSelectionCombo: 1
2026-09-17T22:27:22.182934 - removeAutoUpgradeSecurityParamsIfNecessary: SSID: "Xiaomiwf_5G" baseSecurityType: 2 upgradableSecurityType: 4 isLegacyNetworkInRange: true isUpgradableTypeOnlyInRange: false isAutoUpgradeEnabled: true
2026-09-17T22:27:22.183001 - Remove upgradable security type 4 for the network.
2026-09-17T22:27:22.185164 - removeAutoUpgradeSecurityParamsIfNecessary: SSID: "Xiaomiwf_5G" baseSecurityType: 0 upgradableSecurityType: 6 isLegacyNetworkInRange: false isUpgradableTypeOnlyInRange: false isAutoUpgradeEnabled: true
2026-09-17T22:27:22.185384 - removeAutoUpgradeSecurityParamsIfNecessary: SSID: "Xiaomiwf_5G" baseSecurityType: 3 upgradableSecurityType: 9 isLegacyNetworkInRange: false isUpgradableTypeOnlyInRange: false isAutoUpgradeEnabled: true
2026-09-17T22:27:22.186323 - Candidate { config = 2, bssid = 46:df:65:72:bd:c3, freq = 5765, channelWidth = 2, rssi = -29, Mbps = 390, nominator = 0, pInternet = 50, saved, trusted, secure }
2026-09-17T22:27:22.186373 - Candidate { config = 2, bssid = cc:d8:43:8b:a4:d3, freq = 5220, channelWidth = 3, rssi = -72, Mbps = 158, nominator = 0, pInternet = 50, saved, trusted, secure }
2026-09-17T22:27:22.187102 - BubbleFunScorer_v2 would choose 2 score 88.57217906865222+/-0.1480063020264768 expid 42598152
2026-09-17T22:27:22.187143 - CompatibilityScorer would choose 2 score 231.971+/-10.0 expid 42504592
2026-09-17T22:27:22.200585 - ScoreCardBasedScorer would choose 2 score 212.0+/-10.0 expid 42902385
2026-09-17T22:27:22.200728 - ThroughputScorer chooses 2 score 3707.971+/-10.0 expid 42330058
2026-09-17T22:27:22.200899 - AllSingleScanListener:  WNS candidate-"Xiaomiwf_5G"
2026-09-17T22:27:22.201020 - connectToNetwork(ConcreteClientModeManager{id=13454 iface=wlan0 role=ROLE_CLIENT_PRIMARY}): Connect to "Xiaomiwf_5G" : any from Disconnected
2026-09-17T22:27:22.201052 - noteConnectionAttempt: timeMillis=20378
2026-09-17T22:27:22.288523 - handleConnectionStateChanged: state=transitioning
2026-09-17T22:27:22.288544 - startConnectivityScan: screenOn=true wifiState=transitioning scanImmediately=false wifiEnabled=true mAutoJoinEnabled=true mAutoJoinEnabledExternal=true mSpecificNetworkRequestInProgress=false mTrustedConnectionAllowed=true
2026-09-17T22:27:22.288556 - cancelPeriodicScanTimer
2026-09-17T22:27:22.891415 - forceConnectivityScan in request of WorkSource{1010}
2026-09-17T22:27:22.966719 - SingleScanListener onFailure: reason: -1 description: Scan failed
2026-09-17T22:27:22.966744 - scheduleDelayedSingleScan
2026-09-17T22:27:23.141041 - handleConnectionStateChanged: state=connected
2026-09-17T22:27:23.141422 - startConnectivityScan: screenOn=true wifiState=connected scanImmediately=false wifiEnabled=true mAutoJoinEnabled=true mAutoJoinEnabledExternal=true mSpecificNetworkRequestInProgress=false mTrustedConnectionAllowed=true
2026-09-17T22:27:23.141482 - Last periodic single scan started 1817ms ago, defer this new scan request.
2026-09-17T22:27:23.141803 - schedulePeriodicScanTimer intervalMs 18183
2026-09-17T22:27:23.625979 - forceConnectivityScan in request of WorkSource{1010}
2026-09-17T22:27:25.777139 - AllSingleScanListener onResults: start network selection
2026-09-17T22:27:25.777828 - wlan0: Too short since last network selection: 3577 ms. Skip network selection.
2026-09-17T22:27:25.777877 - AllSingleScanListener:  No candidates
2026-09-17T22:27:41.340664 - Current connected network: 2
2026-09-17T22:27:41.342830 - No partial scan because firmware roaming is supported.
2026-09-17T22:27:41.343047 - schedulePeriodicScanTimer intervalMs 20000
2026-09-17T22:27:44.922456 - AllSingleScanListener onResults: start network selection
2026-09-17T22:27:44.923049 - Current connected network: 2
2026-09-17T22:27:44.923165 - wlan0: Current connected network already sufficient. Skip network selection.
2026-09-17T22:27:44.923204 - AllSingleScanListener:  No candidates
2026-09-17T22:28:01.344470 - Current connected network: 2
2026-09-17T22:28:01.344874 - No partial scan because firmware roaming is supported.
2026-09-17T22:28:01.345853 - schedulePeriodicScanTimer intervalMs 40000
2026-09-17T22:28:41.352435 - Current connected network: 2
2026-09-17T22:28:41.352724 - No partial scan because firmware roaming is supported.
2026-09-17T22:28:41.354821 - schedulePeriodicScanTimer intervalMs 80000
2026-09-17T22:28:44.207542 - forceConnectivityScan in request of WorkSource{1010}
2026-09-17T22:28:46.213143 - AllSingleScanListener onResults: start network selection
2026-09-17T22:28:46.213925 - Current connected network: 2
2026-09-17T22:28:46.214051 - wlan0: Current connected network already sufficient. Skip network selection.
2026-09-17T22:28:46.214131 - AllSingleScanListener:  No candidates
2026-09-17T22:29:45.825094 - handleConnectionStateChanged: state=transitioning
2026-09-17T22:29:45.825152 - startConnectivityScan: screenOn=true wifiState=transitioning scanImmediately=false wifiEnabled=true mAutoJoinEnabled=true mAutoJoinEnabledExternal=true mSpecificNetworkRequestInProgress=false mTrustedConnectionAllowed=true
2026-09-17T22:29:45.825165 - cancelPeriodicScanTimer
2026-09-17T22:29:45.884519 - Set WiFi disabled
2026-09-17T22:29:45.886265 - Stopping WifiConnectivityManager
2026-09-17T22:29:47.668423 - Set auto join enabled
2026-09-17T22:29:47.825796 - Set WiFi enabled
2026-09-17T22:29:47.825848 - Starting up WifiConnectivityManager
2026-09-17T22:29:47.903419 - handleConnectionStateChanged: state=disconnected
2026-09-17T22:29:47.903446 - scheduleWatchdogTimer
2026-09-17T22:29:47.903924 - startConnectivityScan: screenOn=true wifiState=disconnected scanImmediately=true wifiEnabled=true mAutoJoinEnabled=true mAutoJoinEnabledExternal=true mSpecificNetworkRequestInProgress=false mTrustedConnectionAllowed=true
2026-09-17T22:29:47.906545 - schedulePeriodicScanTimer intervalMs 20000
2026-09-17T22:29:48.840593 - AllSingleScanListener onResults: start network selection
2026-09-17T22:29:48.842794 - Networks filtered out due to invalid SSID: ce:d8:43:5b:a4:d2 / 4e:77:66:40:88:dd / e6:60:4d:b7:06:21 / 
2026-09-17T22:29:48.842838 - Networks filtered out due to low signal strength: Xiaomiwf_5G:cc:d8:43:8b:a4:d3(5GHz)-85 / CMCC-pX6r:4c:77:66:40:88:dd(2.4GHz)-81 / TP-LINK_1D76:24:5a:5f:3e:1d:76(2.4GHz)-83 / CMCC-FtYC:f8:73:1a:0b:51:00(2.4GHz)-81 / 
2026-09-17T22:29:48.843264 - About to run SavedNetworkNominator :
2026-09-17T22:29:48.844430 - About to run NetworkSuggestionNominator :
2026-09-17T22:29:48.844690 - did not see any matching auto-join enabled network suggestions.
2026-09-17T22:29:48.844854 - updateNetworkSelectionCombo networkSelectionCombo: 1
2026-09-17T22:29:48.845352 - removeAutoUpgradeSecurityParamsIfNecessary: SSID: "Xiaomiwf_5G" baseSecurityType: 2 upgradableSecurityType: 4 isLegacyNetworkInRange: true isUpgradableTypeOnlyInRange: false isAutoUpgradeEnabled: true
2026-09-17T22:29:48.845417 - Remove upgradable security type 4 for the network.
2026-09-17T22:29:48.845766 - removeAutoUpgradeSecurityParamsIfNecessary: SSID: "Xiaomiwf_5G" baseSecurityType: 0 upgradableSecurityType: 6 isLegacyNetworkInRange: false isUpgradableTypeOnlyInRange: false isAutoUpgradeEnabled: true
2026-09-17T22:29:48.846075 - removeAutoUpgradeSecurityParamsIfNecessary: SSID: "Xiaomiwf_5G" baseSecurityType: 3 upgradableSecurityType: 9 isLegacyNetworkInRange: false isUpgradableTypeOnlyInRange: false isAutoUpgradeEnabled: true
2026-09-17T22:29:48.846284 - Candidate { config = 2, bssid = 46:df:65:72:bd:c3, freq = 5765, channelWidth = 2, rssi = -43, Mbps = 1035, nominator = 0, pInternet = 96, saved, trusted, secure }
2026-09-17T22:29:48.846336 - BubbleFunScorer_v2 would choose 2 score 87.44217783874552+/-0.6001951510705741 expid 42598152
2026-09-17T22:29:48.846362 - CompatibilityScorer would choose 2 score 231.957+/-10.0 expid 42504592
2026-09-17T22:29:48.846561 - ScoreCardBasedScorer would choose 2 score 212.0+/-10.0 expid 42902385
2026-09-17T22:29:48.846694 - ThroughputScorer chooses 2 score 3834.957+/-10.0 expid 42330058
2026-09-17T22:29:48.846811 - AllSingleScanListener:  WNS candidate-"Xiaomiwf_5G"
2026-09-17T22:29:48.846868 - connectToNetwork(ConcreteClientModeManager{id=165848 iface=wlan0 role=ROLE_CLIENT_PRIMARY}): Connect to "Xiaomiwf_5G" : any from Disconnected
2026-09-17T22:29:48.846886 - noteConnectionAttempt: timeMillis=167024
2026-09-17T22:29:48.927208 - handleConnectionStateChanged: state=transitioning
2026-09-17T22:29:48.927243 - startConnectivityScan: screenOn=true wifiState=transitioning scanImmediately=false wifiEnabled=true mAutoJoinEnabled=true mAutoJoinEnabledExternal=true mSpecificNetworkRequestInProgress=false mTrustedConnectionAllowed=true
2026-09-17T22:29:48.927248 - cancelPeriodicScanTimer
2026-09-17T22:29:49.440495 - handleConnectionStateChanged: state=connected
2026-09-17T22:29:49.440726 - startConnectivityScan: screenOn=true wifiState=connected scanImmediately=false wifiEnabled=true mAutoJoinEnabled=true mAutoJoinEnabledExternal=true mSpecificNetworkRequestInProgress=false mTrustedConnectionAllowed=true
2026-09-17T22:29:49.440749 - Last periodic single scan started 1537ms ago, defer this new scan request.
2026-09-17T22:29:49.440878 - schedulePeriodicScanTimer intervalMs 18463
2026-09-17T22:30:07.905072 - Current connected network: 2
2026-09-17T22:30:07.905202 - No partial scan because firmware roaming is supported.
2026-09-17T22:30:07.905414 - schedulePeriodicScanTimer intervalMs 20000
2026-09-17T22:30:27.904969 - Current connected network: 2
2026-09-17T22:30:27.905051 - No partial scan because firmware roaming is supported.
2026-09-17T22:30:27.905213 - schedulePeriodicScanTimer intervalMs 40000
2026-09-17T22:30:45.233712 - AllSingleScanListener onResults: start network selection
2026-09-17T22:30:45.234070 - Current connected network: 2
2026-09-17T22:30:45.234167 - wlan0: Current connected network already sufficient. Skip network selection.
2026-09-17T22:30:45.234198 - AllSingleScanListener:  No candidates
2026-09-17T22:30:50.206224 - AllSingleScanListener onResults: start network selection
2026-09-17T22:30:50.206732 - Current connected network: 2
2026-09-17T22:30:50.206837 - wlan0: Current connected network already sufficient. Skip network selection.
2026-09-17T22:30:50.206863 - AllSingleScanListener:  No candidates
2026-09-17T22:31:07.905311 - Current connected network: 2
2026-09-17T22:31:07.905500 - No partial scan because firmware roaming is supported.
2026-09-17T22:31:07.905781 - schedulePeriodicScanTimer intervalMs 80000
2026-09-17T22:32:27.907939 - Current connected network: 2
2026-09-17T22:32:27.908057 - No partial scan because firmware roaming is supported.
2026-09-17T22:32:27.908267 - schedulePeriodicScanTimer intervalMs 160000
2026-09-17T22:35:07.910536 - Current connected network: 2
2026-09-17T22:35:07.910817 - No partial scan because firmware roaming is supported.
2026-09-17T22:35:07.911027 - schedulePeriodicScanTimer intervalMs 160000
2026-09-17T22:37:12.296998 - forceConnectivityScan in request of WorkSource{1010}
2026-09-17T22:37:14.149513 - AllSingleScanListener onResults: start network selection
2026-09-17T22:37:14.150015 - Current connected network: 2
2026-09-17T22:37:14.150114 - wlan0: Current connected network already sufficient. Skip network selection.
2026-09-17T22:37:14.150153 - AllSingleScanListener:  No candidates
2026-09-17T22:37:47.912375 - Current connected network: 2
2026-09-17T22:37:47.912445 - No partial scan because firmware roaming is supported.
2026-09-17T22:37:47.912598 - schedulePeriodicScanTimer intervalMs 160000
2026-09-17T22:38:31.012861 - AllSingleScanListener onResults: start network selection
2026-09-17T22:38:31.013669 - Current connected network: 2
2026-09-17T22:38:31.013946 - wlan0: Current connected network already sufficient. Skip network selection.
2026-09-17T22:38:31.014045 - AllSingleScanListener:  No candidates
2026-09-17T22:39:24.019278 - forceConnectivityScan in request of WorkSource{1010}
2026-09-17T22:39:25.832905 - AllSingleScanListener onResults: start network selection
2026-09-17T22:39:25.833456 - Current connected network: 2
2026-09-17T22:39:25.833563 - wlan0: Current connected network already sufficient. Skip network selection.
2026-09-17T22:39:25.833601 - AllSingleScanListener:  No candidates
2026-09-17T22:40:27.915170 - Current connected network: 2
2026-09-17T22:40:27.915283 - No partial scan because firmware roaming is supported.
2026-09-17T22:40:27.915449 - schedulePeriodicScanTimer intervalMs 160000
2026-09-17T22:43:07.915647 - Current connected network: 2
2026-09-17T22:43:07.915771 - No partial scan because firmware roaming is supported.
2026-09-17T22:43:07.915996 - schedulePeriodicScanTimer intervalMs 160000
WifiConnectivityManager - Log End ----
WifiConnectivityManager: mMultiInternetConnectionState 0
WifiOpenNetworkNotifier: 
mSettingEnabled false
currentTime: 1789656290668
mNotificationRepeatTime: 0
mState: 0
mBlocklistedSsids: {}
Dump of WifiBlocklistMonitor
2026-09-17T22:27:23.980418 - setNetworkSelectionStatus: configKey="Xiaomiwf_5G"WPA_PSK networkStatus=NETWORK_SELECTION_ENABLED disableReason=NETWORK_SELECTION_ENABLE
2026-09-17T22:29:50.158496 - setNetworkSelectionStatus: configKey="Xiaomiwf_5G"WPA_PSK networkStatus=NETWORK_SELECTION_ENABLED disableReason=NETWORK_SELECTION_ENABLE
WifiBlocklistMonitor - Bssid blocklist begin ----
WifiBlocklistMonitor - Bssid blocklist end ----
WifiBlocklistMonitor - Bssid blocklist logs begin ----
logTime=8-17 22:27:22.203 Successfully set firmware roaming configurations. bssidBlocklist=<EMPTY>
logTime=8-17 22:29:48.848 Successfully set firmware roaming configurations. bssidBlocklist=<EMPTY>
List of SSIDs to never block:
WifiBlocklistMonitor - Bssid blocklist logs end ----
Dump of ExternalPnoScanRequestManager
ExternalPnoScanRequestManager - Log Begin ----
No external PNO scan request set.
mCurrentRequestOnPnoNetworkFoundCount: 0
ExternalPnoScanRequestManager - Log End ----
Dump of WifiHealthMonitor
WifiHealthMonitor - Log Begin ----
System Info Stats
current SW build: OS build version: TKQ1.221114.001 test-keys Wifi stack version: 0 Wifi driver version: 5.2.022.9G Wifi firmware version: FW:1.0.1.0.1134.11 HW:HW_VERSION=ffffffff.
currScanStats: last scan time: 1789655965823 APs found at 2G: 7 APs found above 2g: 3
prevScanStats: last scan time: 1789654112498 APs found at 2G: 2 APs found above 2g: 5
configured network connection stats
SSID: "DESKTOP-AEM47RS 5918"
 LastRssiPoll: -127 LastTxSpeedPoll: -1
 StatsRecent:  ConnectAttempt: 0 ConnectFailure: 0 ConnectDurSec: 0 AssocRej: 0 AssocTimeout: 0 AuthFailure: 0 ShortDiscNonlocal: 0 DisconnectNonlocal: 0 Disconnect: 0 ConsecutiveConnectFailure: 0 ConnectFailureDiscon: 0 ConsecutiveWrongPassword: 0
 StatsCurr:  ConnectAttempt: 0 ConnectFailure: 0 ConnectDurSec: 0 AssocRej: 0 AssocTimeout: 0 AuthFailure: 0 ShortDiscNonlocal: 0 DisconnectNonlocal: 0 Disconnect: 0 ConsecutiveConnectFailure: 0 ConnectFailureDiscon: 0 ConsecutiveWrongPassword: 0
 StatsPrev:  ConnectAttempt: 0 ConnectFailure: 0 ConnectDurSec: 0 AssocRej: 0 AssocTimeout: 0 AuthFailure: 0 ShortDiscNonlocal: 0 DisconnectNonlocal: 0 Disconnect: 0 ConsecutiveConnectFailure: 0 ConnectFailureDiscon: 0 ConsecutiveWrongPassword: 0 BandwidthStats:
 avgKbps:  0 0 0 0 0
 count:  0 0 0 0 0
 avgKbps:  0 0 0 0 0
 count:  0 0 0 0 0

 avgKbps:  0 0 0 0 0
 count:  0 0 0 0 0
 avgKbps:  0 0 0 0 0
 count:  0 0 0 0 0


SSID: "Tongji"
 LastRssiPoll: -127 LastTxSpeedPoll: -1
 StatsRecent:  ConnectAttempt: 0 ConnectFailure: 0 ConnectDurSec: 0 AssocRej: 0 AssocTimeout: 0 AuthFailure: 0 ShortDiscNonlocal: 0 DisconnectNonlocal: 0 Disconnect: 0 ConsecutiveConnectFailure: 0 ConnectFailureDiscon: 0 ConsecutiveWrongPassword: 0
 StatsCurr:  ConnectAttempt: 0 ConnectFailure: 0 ConnectDurSec: 0 AssocRej: 0 AssocTimeout: 0 AuthFailure: 0 ShortDiscNonlocal: 0 DisconnectNonlocal: 0 Disconnect: 0 ConsecutiveConnectFailure: 0 ConnectFailureDiscon: 0 ConsecutiveWrongPassword: 0
 StatsPrev:  ConnectAttempt: 0 ConnectFailure: 0 ConnectDurSec: 0 AssocRej: 0 AssocTimeout: 0 AuthFailure: 0 ShortDiscNonlocal: 0 DisconnectNonlocal: 0 Disconnect: 0 ConsecutiveConnectFailure: 0 ConnectFailureDiscon: 0 ConsecutiveWrongPassword: 0 BandwidthStats:
 avgKbps:  0 0 0 0 0
 count:  0 0 0 0 0
 avgKbps:  0 0 0 0 0
 count:  0 0 0 0 0

 avgKbps:  0 0 0 0 0
 count:  0 0 0 0 0
 avgKbps:  0 0 0 0 0
 count:  0 0 0 0 0


SSID: "Xiaomiwf_5G"
 LastRssiPollTime: 1066327 LastRssiPoll: -27 LastTxSpeedPoll: -1
 StatsRecent:  ConnectAttempt: 5 ConnectFailure: 0 ConnectDurSec: 37416 AssocRej: 0 AssocTimeout: 0 AuthFailure: 0 ShortDiscNonlocal: 0 DisconnectNonlocal: 0 Disconnect: 4 ConsecutiveConnectFailure: 0 ConnectFailureDiscon: 0 ConsecutiveWrongPassword: 0
 StatsCurr:  ConnectAttempt: 23 ConnectFailure: 1 ConnectDurSec: 50927 AssocRej: 0 AssocTimeout: 0 AuthFailure: 0 ShortDiscNonlocal: 0 DisconnectNonlocal: 0 Disconnect: 16 ConsecutiveConnectFailure: 0 ConnectFailureDiscon: 0 ConsecutiveWrongPassword: 0
 StatsPrev:  ConnectAttempt: 0 ConnectFailure: 0 ConnectDurSec: 0 AssocRej: 0 AssocTimeout: 0 AuthFailure: 0 ShortDiscNonlocal: 0 DisconnectNonlocal: 0 Disconnect: 0 ConsecutiveConnectFailure: 0 ConnectFailureDiscon: 0 ConsecutiveWrongPassword: 0 BandwidthStats:
 avgKbps:  0 0 0 0 0
 count:  0 0 0 0 0
 avgKbps:  0 0 0 0 0
 count:  0 0 0 0 0

 avgKbps:  0 0 0 2138 5359
 count:  0 0 0 4 44
 avgKbps:  0 0 0 5952 18916
 count:  0 0 0 1 34


networks with failure increase: 

networks with failure drop: 

networks with high failure without previous stats: 

WifiHealthMonitor - Log End ----
Dump of WifiScoreCard
current SSID(s):{iface=wlan0,ssid="Xiaomiwf_5G"}
2026-09-17T22:30:46.736392 -  rssi -35 level 4 bssid 46:df:65:72:bd:c3 freq 5765 onTimeMs 2937 txKB 1626 rxKB 2024 txKBThr 1375 rxKBThr 2577
2026-09-17T22:30:46.736465 - 0 sampKbps 4536 filtKbps 4536 reportedKbps 5010 avgUsedKbps 4995 l2Kbps 1095796 intErrPercent 0 extErrPercent 10 l2ErrPercent 10000
 BW Estimation Stats
2G
 Tx
 Count
 0 0 0 0 0
 AvgKbps
 0 0 0 0 0
 BwEst error
 0 0 0 0 0
 L2 error
 0 0 0 0 0
 Rx
 Count
 0 0 0 0 0
 AvgKbps
 0 0 0 0 0
 BwEst error
 0 0 0 0 0
 L2 error
 0 0 0 0 0
5G
 Tx
 Count
 0 0 0 0 1
 AvgKbps
 0 0 0 0 4536
 BwEst error
 0 0 0 0 10
 L2 error
 0 0 0 0 10000
 Rx
 Count
 0 0 0 0 0
 AvgKbps
 0 0 0 0 0
 BwEst error
 0 0 0 0 0
 L2 error
 0 0 0 0 0

Dump of WakeupController
USE_PLATFORM_WIFI_WAKE: true
mWifiWakeupEnabled: false
isOnboarded: true
configStore hasBeenRead: true
mIsActive: false
mNumScansHandled: 0
WakeupLock: 
mNumScans: 0
mIsInitialized: true
Locked networks: 0
Dump of WifiLastResortWatchdog
WifiLastResortWatchdog - Log Begin ----
2026-09-17T22:27:23.143206 - connectedStateTransition: isEntering = true
2026-09-17T22:27:23.143244 - connectedStateTransition: setWatchdogTriggerEnabled to true
2026-09-17T22:29:45.825187 - connectedStateTransition: isEntering = false
2026-09-17T22:29:49.444223 - connectedStateTransition: isEntering = true
2026-09-17T22:29:49.444268 - connectedStateTransition: setWatchdogTriggerEnabled to true
WifiLastResortWatchdog - Log End ----
Dump of AdaptiveConnectivityEnabledSettingObserver
mAdaptiveConnectivityEnabled=true
Dump of WifiGlobals
mPollRssiIntervalMillis=-1
mIpReachabilityDisconnectEnabled=false
mIsBluetoothConnected=false
mIsWpa3SaeUpgradeEnabled=true
mIsWpa3SaeUpgradeOffloadEnabled=false
mIsOweUpgradeEnabled=true
mFlushAnqpCacheOnWifiToggleOffEvent=true
mIsWpa3SaeH2eSupported=false
mP2pDeviceNamePrefix=Android_
mP2pDeviceNamePostfixNumDigits=-1
mClientModeImplNumLogRecs=100
mSaveFactoryMacToConfigStoreEnabled=true
mWifiLowConnectedScoreThresholdToTriggerScanForMbb=55
mWifiLowConnectedScoreScanPeriodSeconds=60
mIsUsingExternalScorer=false
mWifiAllowInsecureEnterpriseConfiguratiotrue
mIsDisconnectOnlyOnInitialIpReachability=true
Dump of SarManager
isSarSupported: false
isSarVoiceCallSupported: false
isSarSoftApSupported: false


Dump of LastCallerInfoManager
ScanningEnabled: tid=2551 uid=1000 pid=1481 packageName=android toggleState=true
WifiEnabled: tid=2339 uid=1000 pid=3285 packageName=com.android.systemui toggleState=true

Dump of LinkProbeManager
LinkProbeManager - link probing supported by device: false
LinkProbeManager - mLastLinkProbeTimestampMs: 0
LinkProbeManager - mLastTxSuccessIncreaseTimestampMs: 0
LinkProbeManager - mLastTxSuccessCount: 0
LinkProbeManager - mLastScreenOnTimestampMs: 0
LinkProbeManager - mTimedQuotaManager: TimedQuotaManager{mQuota=192, mPeriodMillis=86400000, mStartTimeMillis=12842, mLastPeriod=0, mConsumedQuota=0}

Dump of HostapdHal
AIDL service declared: false
HIDL service declared: true
Initialized: false
